POA_CODE_2016,Num_Psns_UR_1_FamHhold,Num_Psns_UR_1_NonFamHhold,Num_Psns_UR_1_Total,Num_Psns_UR_2_FamHhold,Num_Psns_UR_2_NonFamHhold,Num_Psns_UR_2_Total,Num_Psns_UR_3_FamHhold,Num_Psns_UR_3_NonFamHhold,Num_Psns_UR_3_Total,Num_Psns_UR_4_FamHhold,Num_Psns_UR_4_NonFamHhold,Num_Psns_UR_4_Total,Num_Psns_UR_5_FamHhold,Num_Psns_UR_5_NonFamHhold,Num_Psns_UR_5_Total,Num_Psns_UR_6mo_FamHhold,Num_Psns_UR_6mo_NonFamHhold,Num_Psns_UR_6mo_Total,Total_FamHhold,Total_NonFamHhold,Total_Total
POA2000,..,2703,2703,2501,652,3152,853,356,1210,734,450,1191,258,171,430,245,186,429,4589,4521,9111
POA2006,..,0,0,0,0,0,0,0,0,0,0,0,0,0,0,0,0,0,4,0,4
POA2007,..,901,901,632,329,963,249,180,432,169,144,315,62,78,146,40,67,106,1149,1703,2855
POA2008,..,1763,1763,1131,519,1646,292,261,549,173,185,355,42,76,117,28,64,88,1664,2865,4520
POA2009,..,1547,1547,1852,423,2270,674,179,851,388,113,498,93,27,126,47,27,72,3060,2311,5363
POA2010,..,5253,5253,3852,1039,4893,834,365,1200,412,199,605,118,53,177,60,45,103,5275,6960,12234
POA2011,..,5234,5234,2881,634,3515,467,152,614,190,33,218,38,5,43,10,3,14,3584,6054,9642
POA2015,..,1215,1215,1470,388,1860,504,140,643,343,50,393,82,9,92,30,0,36,2430,1803,4235
POA2016,..,2251,2251,1610,542,2155,480,266,747,323,115,441,89,40,127,26,31,59,2532,3239,5771
POA2017,..,3490,3490,3255,1148,4398,1227,553,1777,535,215,755,131,53,189,58,26,83,5204,5487,10688
POA2018,..,1563,1563,1724,356,2081,1025,138,1162,917,52,970,351,15,368,162,7,173,4182,2131,6308
POA2019,..,742,742,939,114,1053,673,27,705,745,4,755,278,3,283,115,0,115,2752,901,3653
POA2020,..,1040,1040,1421,349,1775,883,147,1029,800,69,872,281,32,311,172,12,179,3562,1640,5208
POA2021,..,2250,2250,1917,379,2299,730,193,921,607,84,689,172,15,184,37,3,44,3469,2925,6387
POA2022,..,1399,1399,1384,266,1645,633,124,755,566,65,634,179,16,198,62,8,68,2820,1880,4705
POA2023,..,941,941,1140,211,1357,543,69,607,561,17,580,296,3,302,82,3,81,2618,1248,3867
POA2024,..,1025,1025,1110,242,1350,597,50,645,596,21,620,230,3,238,61,0,56,2598,1343,3940
POA2025,..,911,911,930,146,1078,408,40,445,335,14,352,99,3,104,31,0,31,1800,1124,2918
POA2026,..,3619,3619,3548,1226,4774,1616,411,2031,1363,153,1518,424,37,464,151,26,177,7104,5478,12583
POA2027,..,1314,1314,1230,175,1406,394,54,446,246,16,259,66,0,66,33,0,33,1976,1553,3530
POA2028,..,663,663,673,152,827,210,46,257,157,8,167,65,0,65,10,3,10,1123,871,1996
POA2029,..,1033,1033,1197,185,1384,573,41,613,531,7,539,226,0,222,47,0,47,2568,1266,3833
POA2030,..,931,931,1310,102,1410,751,26,779,933,3,935,483,0,483,156,0,158,3632,1066,4695
POA2031,..,3489,3489,3894,969,4863,1996,340,2335,1742,105,1843,534,42,575,141,17,150,8298,4958,13260
POA2032,..,1452,1452,1321,425,1745,752,360,1108,757,242,998,310,124,438,129,77,204,3274,2679,5953
POA2033,..,1036,1036,1130,378,1514,562,168,735,513,77,591,194,42,231,71,15,84,2470,1719,4187
POA2034,..,2335,2335,2211,645,2850,1130,251,1380,1034,63,1094,317,15,329,107,5,110,4792,3304,8097
POA2035,..,3194,3194,3411,498,3907,1893,255,2148,2103,98,2204,761,33,796,329,28,359,8497,4106,12603
POA2036,..,2387,2387,2558,241,2795,1661,65,1727,1831,30,1864,744,5,749,340,9,349,7133,2743,9877
POA2037,..,2413,2413,1919,462,2387,739,216,954,522,124,642,134,48,188,47,33,82,3364,3297,6661
POA2038,..,1089,1089,1013,170,1181,522,96,611,521,32,555,125,5,127,39,3,38,2214,1390,3602
POA2039,..,913,913,1215,139,1355,492,51,540,491,11,504,114,3,119,18,0,18,2329,1121,3450
POA2040,..,2172,2172,2224,342,2567,1397,168,1568,1408,67,1479,361,15,374,82,3,85,5472,2769,8242
POA2041,..,1926,1926,1964,219,2179,870,55,925,849,21,874,261,5,266,56,3,58,4000,2228,6232
POA2042,..,2548,2548,2232,623,2850,867,388,1256,653,147,800,139,57,194,60,17,73,3951,3773,7723
POA2043,..,962,962,1270,279,1545,406,131,538,281,50,335,41,10,50,15,4,19,2009,1433,3446
POA2044,..,646,646,800,198,995,442,95,537,425,37,463,120,17,130,77,10,86,1853,1000,2855
POA2045,..,398,398,592,41,640,360,16,380,496,6,502,198,5,206,47,0,52,1697,473,2174
POA2046,..,2517,2517,3031,308,3341,1674,57,1725,1721,9,1733,534,7,541,178,0,175,7138,2906,10042
POA2047,..,1293,1293,1487,212,1697,663,81,738,621,14,634,209,0,208,53,7,55,3023,1606,4628
POA2048,..,837,837,910,205,1113,384,130,515,335,56,389,112,19,129,41,3,47,1781,1244,3034
POA2049,..,1298,1298,1263,307,1572,618,105,723,519,44,563,135,16,151,52,8,55,2591,1772,4364
POA2050,..,2055,2055,1257,299,1556,330,127,454,205,51,258,58,15,76,9,4,15,1862,2553,4414
POA2052,..,257,257,72,33,104,13,17,31,5,18,21,3,19,21,0,5,3,89,348,442
POA2060,..,2306,2306,2225,294,2514,735,95,833,400,22,425,116,8,117,26,3,31,3498,2729,6230
POA2061,..,1199,1199,1092,143,1230,253,34,287,140,5,143,26,3,32,10,0,10,1526,1379,2910
POA2062,..,962,962,944,118,1063,430,32,464,382,0,382,96,3,96,20,0,20,1869,1117,2987
POA2063,..,313,313,576,22,601,315,4,318,467,0,467,258,0,262,59,0,59,1677,338,2017
POA2064,..,847,847,959,196,1156,708,49,752,577,19,592,172,7,174,64,0,67,2477,1110,3593
POA2065,..,3806,3806,4211,610,4819,1803,219,2021,1415,40,1463,386,13,397,94,0,93,7908,4686,12599
POA2066,..,2932,2932,3450,386,3836,1944,74,2026,1971,24,1995,742,5,744,231,0,236,8346,3427,11766
POA2067,..,2028,2028,2574,357,2932,1799,163,1960,1576,66,1650,527,35,560,224,23,249,6705,2671,9379
POA2068,..,1030,1030,1424,97,1518,998,26,1023,1364,6,1372,512,3,519,154,0,154,4454,1162,5611
POA2069,..,676,676,1218,81,1299,750,12,766,1081,11,1094,554,4,558,166,3,167,3761,794,4554
POA2070,..,834,834,1161,59,1217,759,15,770,1060,8,1063,461,0,469,145,0,145,3584,920,4499
POA2071,..,668,668,1187,48,1238,826,12,841,1022,12,1037,429,0,434,175,6,183,3643,749,4396
POA2072,..,421,421,737,39,775,495,13,506,547,0,543,213,3,214,87,3,87,2072,473,2549
POA2073,..,627,627,1321,41,1363,956,9,964,1332,6,1332,587,4,597,214,0,217,4408,697,5103
POA2074,..,1391,1391,2175,82,2257,1169,16,1188,1680,3,1681,690,0,696,224,0,224,5936,1494,7429
POA2075,..,1029,1029,1989,48,2040,1191,7,1199,1633,3,1637,672,3,676,230,0,238,5714,1096,6815
POA2076,..,1347,1347,2225,85,2307,1272,15,1290,1806,14,1819,756,0,754,303,0,308,6360,1464,7823
POA2077,..,2993,2993,3700,362,4061,2719,66,2790,2479,20,2500,873,8,880,354,6,359,10130,3452,13583
POA2079,..,275,275,579,23,602,475,7,481,585,0,585,224,0,224,94,0,94,1945,308,2257
POA2080,..,88,88,151,5,157,104,0,108,123,0,122,55,0,55,22,0,22,460,90,555
POA2081,..,226,226,440,20,458,327,3,333,417,0,418,181,0,181,83,0,83,1447,255,1698
POA2082,..,235,235,495,17,513,338,0,343,431,0,430,171,0,171,69,0,69,1503,255,1751
POA2083,..,158,158,219,15,236,62,3,65,86,0,86,34,0,34,10,0,10,412,178,590
POA2084,..,120,120,303,7,311,170,3,173,265,0,265,129,0,130,58,0,58,924,135,1060
POA2085,..,669,669,1068,31,1104,545,9,555,872,0,872,411,0,417,142,0,142,3044,708,3750
POA2086,..,482,482,1017,38,1062,709,5,714,1181,7,1184,488,3,484,187,3,194,3586,538,4122
POA2087,..,726,726,1031,35,1069,635,8,647,1092,3,1093,450,0,450,153,0,153,3361,775,4140
POA2088,..,3242,3242,3448,275,3729,1548,42,1591,1621,4,1625,671,0,671,169,0,169,7458,3567,11022
POA2089,..,1867,1867,1771,317,2085,654,81,733,421,9,434,100,4,103,26,0,26,2977,2272,5245
POA2090,..,2084,2084,1967,232,2197,761,58,818,664,8,671,163,3,163,42,3,43,3585,2391,5982
POA2092,..,264,264,531,22,558,373,3,377,635,5,636,285,0,287,66,0,66,1895,298,2188
POA2093,..,1646,1646,2092,200,2288,1364,53,1411,1746,5,1754,664,6,671,171,6,174,6039,1911,7946
POA2094,..,540,540,783,83,865,357,47,407,346,14,353,116,0,113,11,0,11,1617,684,2300
POA2095,..,1964,1964,2219,411,2631,785,161,940,684,31,718,218,15,228,40,3,44,3941,2585,6524
POA2096,..,1288,1288,1688,256,1946,802,58,858,877,5,883,333,3,339,101,0,100,3798,1610,5411
POA2097,..,910,910,1436,106,1539,855,15,874,1073,7,1077,480,0,475,204,0,204,4037,1045,5082
POA2099,..,3785,3785,3974,492,4466,2377,122,2496,2454,38,2490,939,12,951,411,9,416,10147,4451,14595
POA2100,..,1250,1250,1683,111,1790,1086,31,1114,1601,15,1611,655,4,661,304,0,307,5330,1415,6742
POA2101,..,1835,1835,2033,169,2201,993,29,1021,1204,10,1221,473,3,480,202,0,202,4905,2050,6954
POA2102,..,381,381,693,32,724,439,6,446,584,0,581,191,3,197,85,0,86,1990,426,2415
POA2103,..,850,850,1171,65,1231,544,15,565,682,0,684,287,0,293,116,0,116,2809,938,3746
POA2104,..,525,525,438,16,454,153,0,153,192,0,192,81,0,85,37,0,37,904,536,1441
POA2105,..,126,126,239,4,244,95,3,97,119,0,119,38,0,38,10,0,10,501,133,640
POA2106,..,740,740,1010,53,1066,524,18,541,603,0,602,294,0,296,94,0,98,2525,809,3339
POA2107,..,873,873,1543,67,1607,726,8,737,1068,3,1078,451,0,451,174,0,176,3971,957,4927
POA2108,..,161,161,260,9,278,65,0,68,64,0,63,36,0,36,14,0,14,440,174,612
POA2109,..,265,265,289,61,352,109,30,141,46,7,50,5,4,7,4,0,4,461,364,817
POA2110,..,720,720,870,45,918,466,8,477,604,3,610,333,0,334,109,0,109,2392,779,3170
POA2111,..,1547,1547,1527,140,1662,784,18,798,914,6,918,373,0,374,119,0,119,3715,1713,5432
POA2112,..,2562,2562,3234,363,3596,2033,125,2158,2121,35,2153,821,10,836,350,7,362,8558,3116,11673
POA2113,..,1449,1449,1764,215,1975,1150,76,1225,1222,21,1247,427,7,434,186,4,195,4750,1780,6528
POA2114,..,2005,2005,2590,336,2929,1614,90,1701,1402,27,1431,513,10,522,282,8,285,6398,2472,8874
POA2115,..,691,691,871,58,926,652,17,673,732,3,733,314,3,315,171,0,171,2735,772,3508
POA2116,..,474,474,545,51,600,409,14,420,455,3,462,195,0,191,93,0,92,1696,550,2244
POA2117,..,1627,1627,1736,167,1904,1282,37,1323,1347,17,1368,622,0,621,320,0,327,5306,1859,7164
POA2118,..,1079,1079,1963,136,2096,1601,43,1646,1789,17,1798,726,0,725,410,0,409,6485,1275,7757
POA2119,..,445,445,1027,20,1050,618,8,626,948,8,951,370,0,370,187,0,186,3146,480,3625
POA2120,..,1063,1063,1791,73,1863,1138,28,1164,1605,18,1620,624,6,635,256,3,256,5416,1185,6600
POA2121,..,1417,1417,2323,256,2581,1815,129,1940,2034,65,2104,800,23,822,394,19,410,7366,1906,9272
POA2122,..,2367,2367,2625,354,2974,1905,182,2086,1799,119,1917,687,86,774,467,81,539,7480,3188,10663
POA2123,..,0,0,0,0,0,0,0,0,0,0,0,0,0,0,0,0,0,0,0,0
POA2125,..,564,564,1335,25,1362,929,14,940,1319,3,1320,626,3,627,256,0,256,4462,605,5070
POA2126,..,650,650,1426,27,1448,1192,10,1199,1632,3,1636,613,0,611,253,0,253,5112,685,5797
POA2127,..,1315,1315,1900,237,2135,1012,44,1056,746,9,755,194,0,194,79,0,79,3924,1606,5531
POA2128,..,153,153,208,38,243,136,12,149,112,9,117,56,4,64,41,6,43,554,218,770
POA2129,..,0,0,0,0,0,0,0,0,0,0,0,0,0,0,0,0,0,0,0,0
POA2130,..,869,869,839,190,1034,443,35,479,343,9,352,110,5,116,28,3,26,1758,1121,2879
POA2131,..,2225,2225,2215,480,2696,1521,192,1709,1127,87,1216,404,32,436,228,31,256,5492,3050,8546
POA2132,..,729,729,869,96,965,583,35,611,680,19,697,278,9,291,164,7,174,2572,897,3472
POA2133,..,846,846,998,102,1092,699,17,716,741,4,747,304,0,304,154,0,154,2884,966,3856
POA2134,..,1076,1076,1177,381,1550,863,259,1124,733,150,878,327,56,379,226,46,271,3322,1961,5285
POA2135,..,1397,1397,1711,321,2033,1307,220,1529,1443,151,1595,702,77,776,446,69,512,5614,2232,7844
POA2136,..,446,446,615,75,692,489,23,515,474,7,475,202,5,205,105,3,104,1885,555,2438
POA2137,..,1765,1765,2883,206,3094,1652,83,1740,1685,28,1719,633,9,643,284,7,288,7138,2103,9238
POA2138,..,1365,1365,2159,468,2625,1391,229,1620,1156,85,1237,333,15,352,138,9,148,5168,2170,7335
POA2139,..,0,0,0,0,0,0,0,0,0,0,0,0,0,0,0,0,0,0,0,0
POA2140,..,882,882,1227,276,1503,1097,124,1221,904,70,981,325,42,367,180,30,212,3731,1425,5161
POA2141,..,1248,1248,1776,259,2038,1623,146,1768,1697,80,1774,849,53,899,693,59,752,6641,1841,8479
POA2142,..,1771,1771,1794,257,2053,1449,98,1548,1226,77,1301,720,44,768,692,34,727,5874,2290,8164
POA2143,..,491,491,572,68,640,488,16,505,520,9,537,242,6,244,273,5,283,2110,596,2705
POA2144,..,1418,1418,1748,258,2012,1573,186,1756,1747,168,1917,1161,152,1309,1289,210,1503,7522,2399,9919
POA2145,..,4528,4528,5913,441,6352,5131,130,5258,5354,73,5431,2169,38,2209,1285,62,1346,19848,5264,25119
POA2146,..,967,967,1363,117,1477,1151,21,1166,1173,16,1190,481,10,491,310,10,322,4472,1142,5611
POA2147,..,2470,2470,3148,222,3367,2137,44,2182,2434,24,2461,1021,14,1029,606,4,613,9336,2779,12118
POA2148,..,3727,3727,5001,426,5427,3885,116,3999,3733,48,3786,1730,25,1759,1345,17,1369,15695,4362,20059
POA2150,..,2287,2287,2779,532,3313,2472,244,2711,1531,119,1653,507,41,548,272,37,306,7554,3258,10811
POA2151,..,1705,1705,1905,207,2115,1348,46,1395,1269,16,1283,470,5,475,255,0,257,5243,1983,7228
POA2152,..,1132,1132,1270,102,1373,716,23,738,653,3,654,250,3,251,107,3,110,2998,1262,4261
POA2153,..,2567,2567,4758,210,4971,3388,53,3440,4444,34,4472,1811,25,1834,787,34,823,15184,2927,18118
POA2154,..,1984,1984,3332,116,3450,2297,45,2341,2948,5,2955,1324,3,1324,589,0,589,10483,2153,12639
POA2155,..,1244,1244,3118,116,3236,2985,51,3036,4890,25,4914,2215,5,2227,1035,3,1037,14246,1447,15692
POA2156,..,477,477,1199,31,1232,601,3,606,852,0,852,483,0,483,299,0,296,3423,521,3946
POA2157,..,135,135,311,14,326,172,3,174,207,0,212,147,0,147,87,0,87,931,149,1088
POA2158,..,402,402,721,36,755,427,3,429,535,0,533,312,0,307,192,0,192,2179,443,2619
POA2159,..,256,256,471,18,495,240,3,244,280,3,286,177,3,182,112,0,112,1287,284,1574
POA2160,..,2357,2357,2435,273,2713,1915,102,2015,1782,61,1844,1135,36,1174,1022,37,1063,8293,2874,11166
POA2161,..,1838,1838,1852,184,2035,1412,51,1465,1387,39,1426,1021,13,1027,1195,21,1212,6865,2133,8997
POA2162,..,1181,1181,1071,95,1168,888,20,909,1019,10,1027,610,3,613,624,3,625,4212,1309,5522
POA2163,..,878,878,655,68,723,418,13,436,368,9,373,268,3,271,270,0,273,1975,979,2956
POA2164,..,1108,1108,1406,90,1496,1028,14,1045,1022,3,1027,698,0,698,569,0,572,4727,1224,5946
POA2165,..,2202,2202,2798,236,3034,2117,53,2172,2255,29,2283,1380,11,1385,1381,7,1388,9928,2530,12463
POA2166,..,2527,2527,3079,364,3445,2841,101,2938,2864,36,2901,1659,16,1680,1636,21,1659,12088,3064,15151
POA2167,..,443,443,670,60,734,629,10,638,685,3,683,257,0,258,142,0,142,2387,516,2902
POA2168,..,2121,2121,2313,160,2473,2108,26,2141,2454,4,2457,1601,0,1604,1446,3,1446,9926,2317,12243
POA2170,..,5955,5955,7311,547,7862,5814,93,5905,6179,33,6209,3298,17,3314,2451,3,2457,25054,6646,31702
POA2171,..,683,683,1531,54,1581,1741,9,1752,2691,0,2688,1478,0,1479,958,0,958,8397,752,9148
POA2172,..,57,57,213,3,217,167,0,167,241,0,240,94,0,96,46,0,46,757,68,822
POA2173,..,425,425,894,41,936,866,14,876,1231,3,1233,492,0,492,191,0,191,3682,479,4157
POA2174,..,31,31,102,0,100,115,0,115,182,0,182,83,0,83,67,0,67,542,34,577
POA2175,..,83,83,128,6,137,74,0,80,96,0,96,63,0,63,63,0,63,429,87,517
POA2176,..,1391,1391,3000,109,3111,2602,10,2616,2999,4,3003,1818,0,1821,1434,3,1440,11859,1519,13378
POA2177,..,490,490,860,41,901,831,7,842,1038,0,1038,581,0,581,514,0,514,3827,537,4367
POA2178,..,120,120,278,14,290,161,3,164,206,0,206,167,0,167,136,0,141,951,136,1087
POA2179,..,399,399,478,37,511,299,0,305,297,3,301,203,0,203,175,0,175,1454,442,1894
POA2190,..,1337,1337,1349,83,1432,1130,15,1148,1190,4,1194,992,0,996,1005,3,1010,5664,1440,7108
POA2191,..,435,435,511,36,548,338,3,342,416,5,418,195,3,200,138,0,135,1595,485,2081
POA2192,..,933,933,1099,138,1233,763,24,786,686,10,695,356,4,360,242,3,250,3144,1112,4256
POA2193,..,1099,1099,1508,186,1694,960,48,1004,963,18,983,343,9,351,192,7,198,3965,1373,5339
POA2194,..,1348,1348,2035,323,2359,1695,106,1804,1335,68,1400,564,28,594,431,32,458,6052,1907,7963
POA2195,..,1370,1370,1589,231,1814,1512,97,1610,1501,98,1598,836,50,889,660,53,713,6096,1896,7990
POA2196,..,1679,1679,1993,177,2172,1571,34,1609,1671,33,1705,1068,19,1088,1041,21,1060,7343,1961,9307
POA2197,..,528,528,557,46,601,411,8,415,484,4,490,364,3,363,274,0,276,2089,591,2674
POA2198,..,379,379,672,21,699,465,8,471,531,0,526,304,0,304,237,0,237,2209,415,2622
POA2199,..,1028,1028,1091,82,1170,867,20,890,970,11,982,629,4,631,549,4,548,4101,1146,5249
POA2200,..,2402,2402,2739,248,2988,2311,94,2404,2369,29,2398,1374,23,1394,1211,17,1231,10003,2812,12817
POA2203,..,1666,1666,1560,294,1852,799,98,894,707,28,731,203,13,219,90,3,97,3361,2105,5463
POA2204,..,2529,2529,2732,680,3409,1498,261,1757,1203,106,1311,411,27,432,272,17,284,6115,3612,9729
POA2205,..,1355,1355,1844,453,2294,1105,191,1294,812,92,908,414,31,449,351,26,374,4523,2143,6671
POA2206,..,1118,1118,1745,122,1859,1105,36,1142,1308,10,1323,524,10,532,303,3,300,4980,1292,6270
POA2207,..,1785,1785,2278,170,2452,1633,42,1669,1795,23,1817,788,12,801,500,4,507,6999,2032,9031
POA2208,..,724,724,1170,65,1236,734,21,760,842,17,862,362,3,368,195,3,197,3311,834,4140
POA2209,..,1098,1098,1352,92,1444,916,36,948,970,13,984,442,5,451,328,6,332,4008,1250,5258
POA2210,..,2492,2492,2769,200,2967,1683,44,1721,1894,25,1913,904,15,911,499,3,503,7737,2772,10508
POA2211,..,1260,1260,1484,87,1572,1000,25,1028,1079,10,1092,473,4,478,273,0,273,4318,1386,5700
POA2212,..,1042,1042,1309,86,1393,885,23,907,972,14,982,494,3,493,309,0,308,3965,1170,5128
POA2213,..,1428,1428,1856,93,1948,1274,17,1285,1544,4,1549,685,3,694,328,0,334,5691,1544,7236
POA2214,..,177,177,390,17,409,216,3,218,305,0,303,113,0,113,47,0,47,1066,202,1273
POA2216,..,2312,2312,2588,415,3004,1734,158,1892,1525,63,1588,598,38,640,373,32,400,6813,3025,9838
POA2217,..,2177,2177,2566,297,2860,1688,102,1789,1626,53,1675,650,18,662,319,9,328,6847,2647,9491
POA2218,..,1130,1130,1446,192,1634,1124,64,1190,952,27,977,419,16,433,266,6,276,4206,1439,5639
POA2219,..,1518,1518,1534,144,1680,761,8,774,741,0,742,318,0,314,125,0,125,3479,1669,5150
POA2220,..,1633,1633,2333,440,2776,2052,276,2328,1906,152,2062,824,54,881,645,28,676,7766,2585,10349
POA2221,..,916,916,1268,70,1340,934,20,958,1101,4,1110,556,3,564,310,5,314,4171,1023,5201
POA2222,..,959,959,1107,110,1215,822,26,853,861,20,882,296,3,297,173,4,180,3261,1123,4385
POA2223,..,1593,1593,2053,151,2202,1289,28,1313,1397,6,1404,546,6,554,253,3,255,5533,1787,7321
POA2224,..,1004,1004,1517,69,1589,813,12,821,929,6,930,414,0,414,154,0,154,3816,1098,4911
POA2225,..,198,198,416,20,432,310,0,309,471,0,472,211,0,211,55,0,55,1458,218,1680
POA2226,..,785,785,1153,61,1208,702,12,710,948,0,948,415,0,415,114,0,114,3323,857,4178
POA2227,..,1038,1038,1520,102,1621,835,14,846,1041,8,1047,462,0,464,120,0,120,3986,1156,5140
POA2228,..,1708,1708,1908,153,2056,1092,27,1118,1140,8,1147,424,0,426,196,0,191,4760,1893,6653
POA2229,..,2559,2559,2992,200,3191,1585,24,1608,1874,6,1881,844,3,845,296,0,296,7591,2793,10385
POA2230,..,3310,3310,3823,409,4228,1503,60,1561,1395,7,1403,646,0,646,227,3,235,7586,3782,11372
POA2231,..,120,120,174,8,179,101,8,109,177,0,177,70,0,70,44,0,44,563,142,707
POA2232,..,2805,2805,3620,272,3891,1977,29,2002,2119,10,2128,840,0,845,298,3,299,8856,3116,11974
POA2233,..,1514,1514,2778,100,2876,1710,8,1726,2222,3,2224,1032,0,1032,338,0,338,8078,1627,9708
POA2234,..,976,976,2550,68,2616,1870,18,1884,2478,3,2479,1082,5,1090,409,0,409,8385,1065,9450
POA2250,..,6685,6685,7319,661,7978,3704,106,3807,3786,25,3810,1583,12,1591,786,9,791,17165,7498,24665
POA2251,..,2927,2927,3808,176,3985,1812,32,1845,2049,11,2059,868,3,872,310,0,311,8854,3144,11998
POA2256,..,2203,2203,2071,191,2253,818,19,840,723,3,733,276,4,278,129,3,125,4008,2424,6438
POA2257,..,3422,3422,3812,332,4146,1612,31,1642,1474,4,1476,538,4,546,282,0,282,7715,3792,11503
POA2258,..,335,335,559,39,601,262,5,273,316,3,321,145,4,149,83,0,86,1366,386,1758
POA2259,..,4499,4499,6398,507,6903,3126,43,3168,3357,15,3371,1660,12,1672,860,3,866,15405,5078,20481
POA2260,..,1603,1603,2615,201,2815,1287,64,1346,1469,23,1486,674,5,681,260,0,261,6295,1887,8186
POA2261,..,5513,5513,6160,479,6640,2833,69,2900,2840,22,2860,1276,4,1280,562,0,562,13671,6086,19758
POA2262,..,1866,1866,2475,218,2688,1113,29,1147,1108,10,1125,524,0,524,289,0,289,5513,2130,7642
POA2263,..,3043,3043,2977,309,3284,1321,33,1349,1045,3,1054,477,3,478,274,0,274,6097,3385,9481
POA2264,..,1392,1392,1979,138,2113,737,18,756,663,0,661,325,0,326,160,3,164,3868,1549,5414
POA2265,..,449,449,678,33,712,306,7,315,302,5,303,132,0,132,70,0,68,1489,501,1986
POA2267,..,285,285,460,26,485,136,3,136,117,0,122,58,0,58,18,0,18,794,316,1108
POA2278,..,122,122,258,17,272,172,0,172,168,0,168,62,0,62,40,0,40,704,139,841
POA2280,..,2436,2436,3440,163,3601,1497,22,1521,1636,6,1642,624,0,624,241,0,247,7441,2627,10069
POA2281,..,1520,1520,1945,109,2059,807,11,814,748,0,745,322,0,322,118,0,118,3946,1638,5589
POA2282,..,1238,1238,1892,79,1974,801,8,816,952,0,950,366,0,364,126,0,130,4139,1327,5470
POA2283,..,2149,2149,3139,176,3315,1348,17,1368,1203,3,1204,491,0,493,219,0,216,6393,2345,8735
POA2284,..,1083,1083,1233,102,1342,623,7,629,564,3,566,207,0,207,116,0,116,2746,1201,3946
POA2285,..,2306,2306,3297,232,3530,1856,43,1897,2003,11,2013,805,3,805,308,3,305,8268,2596,10859
POA2286,..,264,264,479,29,514,237,7,242,238,0,236,96,0,96,42,0,42,1099,301,1401
POA2287,..,2909,2909,3905,371,4281,2164,115,2275,2198,67,2264,899,27,924,378,20,395,9537,3507,13050
POA2289,..,1642,1642,2167,191,2367,1126,64,1184,1251,18,1272,486,3,495,144,3,147,5179,1922,7101
POA2290,..,3157,3157,4002,278,4282,1950,55,2004,2055,17,2069,717,0,720,281,8,282,9002,3507,12514
POA2291,..,1492,1492,1499,234,1735,657,86,744,790,35,825,342,3,346,84,3,88,3369,1852,5216
POA2292,..,335,335,303,54,357,135,26,157,118,4,127,32,3,31,19,0,21,612,423,1037
POA2293,..,339,339,382,68,449,143,44,181,97,4,103,24,0,22,6,0,6,647,456,1107
POA2294,..,293,293,243,60,299,120,18,140,63,4,69,25,0,25,6,0,6,461,380,838
POA2295,..,803,803,986,78,1063,347,4,353,294,0,293,129,0,133,33,0,36,1795,889,2685
POA2296,..,280,280,246,69,318,97,29,126,73,5,74,17,0,21,3,0,3,441,384,827
POA2297,..,190,190,189,38,219,94,20,107,76,5,83,27,0,30,11,0,12,396,250,650
POA2298,..,1144,1144,1101,185,1286,528,91,620,375,50,426,148,11,162,64,10,75,2215,1492,3707
POA2299,..,1227,1227,1137,175,1313,560,112,671,584,41,624,224,29,249,124,28,150,2622,1616,4236
POA2300,..,1885,1885,1486,328,1816,440,137,578,308,32,338,102,9,111,20,0,24,2357,2393,4754
POA2302,..,137,137,77,34,112,14,5,20,9,0,10,0,0,0,0,0,0,97,174,270
POA2303,..,1252,1252,1030,171,1200,484,94,574,446,32,478,183,5,188,44,0,43,2184,1549,3736
POA2304,..,1958,1958,1758,321,2082,882,88,966,666,29,695,230,7,238,105,5,108,3634,2414,6046
POA2305,..,1334,1334,1400,108,1505,734,34,764,824,7,835,271,3,276,93,3,95,3325,1490,4815
POA2306,..,500,500,337,43,377,222,0,222,139,0,139,66,0,66,39,0,39,800,540,1343
POA2307,..,464,464,442,80,520,234,43,279,163,15,185,62,7,67,46,4,50,952,617,1561
POA2308,..,0,0,0,0,0,0,0,0,0,0,0,0,0,0,0,0,0,0,0,0
POA2311,..,87,87,106,6,110,38,0,41,46,0,46,28,0,28,7,0,7,225,96,321
POA2312,..,114,114,189,7,198,68,0,73,77,0,77,41,0,41,27,0,27,397,127,521
POA2314,..,0,0,0,0,0,0,0,0,0,0,0,0,0,0,0,0,0,0,0,0
POA2315,..,1569,1569,2262,151,2409,678,17,697,618,4,624,251,0,251,108,0,108,3921,1736,5658
POA2316,..,500,500,711,38,747,310,8,311,297,0,297,134,0,137,74,0,74,1519,546,2066
POA2317,..,793,793,1003,42,1046,255,4,263,263,3,268,120,0,120,54,0,54,1697,842,2536
POA2318,..,625,625,1342,68,1409,675,8,684,743,0,742,335,0,339,164,0,164,3253,705,3963
POA2319,..,688,688,1010,77,1081,335,6,341,280,0,275,131,0,132,72,0,72,1823,777,2596
POA2320,..,2611,2611,3789,253,4040,1871,39,1908,2124,10,2132,924,0,924,412,0,412,9115,2913,12028
POA2321,..,829,829,1635,90,1724,876,11,885,910,3,913,403,0,402,200,0,200,4021,937,4954
POA2322,..,1303,1303,2121,114,2236,1136,27,1161,1106,3,1110,477,3,485,225,4,231,5068,1460,6529
POA2323,..,2360,2360,3041,202,3242,1496,25,1526,1412,3,1415,619,5,623,293,0,298,6874,2594,9467
POA2324,..,2333,2333,3278,178,3456,1205,27,1236,1067,4,1075,488,3,494,278,0,278,6318,2542,8858
POA2325,..,2521,2521,3165,251,3409,1516,21,1542,1394,9,1399,627,3,634,296,0,294,6995,2805,9807
POA2326,..,642,642,759,67,829,412,3,409,389,0,389,199,0,199,97,0,97,1855,709,2566
POA2327,..,890,890,914,69,983,440,4,449,351,0,353,164,0,164,88,0,88,1956,960,2921
POA2328,..,247,247,296,11,313,129,0,127,122,0,122,61,0,61,27,0,27,640,260,899
POA2329,..,227,227,282,18,295,96,5,98,92,0,92,56,0,56,16,0,16,542,247,783
POA2330,..,1635,1635,2161,149,2304,1117,10,1123,1193,8,1200,509,0,509,225,0,225,5204,1795,6997
POA2331,..,0,0,0,0,0,0,0,0,0,0,0,0,0,0,0,0,0,0,0,0
POA2333,..,1316,1316,1482,145,1628,761,17,772,710,7,715,323,0,323,146,0,146,3417,1482,4896
POA2334,..,214,214,273,19,292,165,0,164,172,0,172,83,0,83,49,0,49,739,237,972
POA2335,..,374,374,639,38,679,350,3,354,372,0,372,200,0,200,69,0,69,1637,420,2053
POA2336,..,241,241,338,13,355,132,3,136,136,0,136,63,0,63,27,0,27,694,258,951
POA2337,..,797,797,929,62,993,360,20,379,390,4,396,212,3,213,52,0,52,1948,884,2829
POA2338,..,196,196,207,12,218,73,3,71,49,0,49,25,0,25,14,0,14,361,211,572
POA2339,..,53,53,98,6,102,25,0,24,25,0,25,22,0,22,5,0,5,174,63,235
POA2340,..,4780,4780,5724,466,6192,2571,72,2643,2394,21,2420,1121,9,1129,525,20,542,12343,5365,17710
POA2341,..,232,232,208,20,223,76,0,76,56,0,55,34,0,34,11,0,11,385,249,629
POA2342,..,43,43,63,6,67,17,0,17,19,0,19,15,0,15,6,0,6,122,51,164
POA2343,..,552,552,659,42,705,238,4,236,240,0,240,108,0,108,43,0,43,1283,595,1886
POA2344,..,60,60,82,6,86,41,0,41,39,0,39,20,0,20,13,0,13,187,67,255
POA2345,..,45,45,110,7,112,46,0,43,28,0,28,20,0,20,5,0,5,210,52,261
POA2346,..,399,399,404,19,422,156,4,163,125,0,125,61,0,61,39,0,39,782,419,1203
POA2347,..,298,298,280,25,305,83,5,80,60,0,60,38,0,38,13,0,13,477,322,803
POA2350,..,2632,2632,2939,296,3227,1194,91,1282,1128,44,1178,524,18,542,240,4,248,6028,3086,9106
POA2351,..,0,0,3,0,3,0,0,0,0,0,0,0,0,0,0,0,0,4,0,4
POA2352,..,227,227,377,26,404,155,0,155,126,0,126,75,0,74,30,0,30,763,251,1014
POA2353,..,112,112,131,4,137,58,0,58,60,0,60,19,0,19,14,0,14,278,120,398
POA2354,..,415,415,507,21,527,156,0,162,158,0,158,96,0,96,22,0,22,934,441,1376
POA2355,..,90,90,95,3,94,27,0,27,21,0,21,9,0,9,6,0,6,164,96,258
POA2356,..,18,18,14,4,18,8,0,8,3,0,3,3,0,3,4,0,4,33,19,59
POA2357,..,504,504,594,25,615,168,4,171,147,0,147,84,0,84,45,0,45,1043,530,1571
POA2358,..,430,430,542,33,577,166,0,166,174,0,174,86,0,86,39,0,39,1002,471,1474
POA2359,..,68,68,108,6,116,32,0,32,21,0,21,21,0,21,5,0,5,196,76,272
POA2360,..,1514,1514,1881,123,2004,728,13,738,642,3,643,331,4,333,163,0,163,3739,1656,5391
POA2361,..,98,98,130,11,135,43,0,43,30,0,28,16,0,16,13,0,13,231,116,344
POA2365,..,357,357,487,30,517,165,9,171,177,3,176,83,0,83,48,0,48,953,399,1353
POA2369,..,74,74,118,9,129,39,0,35,25,0,25,23,0,23,22,0,22,225,91,317
POA2370,..,983,983,1019,70,1089,349,4,349,274,0,278,165,0,166,65,0,65,1872,1066,2936
POA2371,..,167,167,197,14,210,53,0,53,32,0,32,18,0,18,5,0,5,302,186,489
POA2372,..,680,680,743,40,778,182,3,186,168,0,169,81,0,81,34,0,34,1211,723,1935
POA2379,..,25,25,40,0,39,18,0,18,15,0,15,11,0,11,6,0,6,89,25,115
POA2380,..,1117,1117,1222,73,1301,546,17,562,524,3,526,238,3,242,122,0,122,2652,1217,3869
POA2381,..,110,110,154,6,164,66,0,65,51,0,51,24,0,24,20,0,20,316,122,436
POA2382,..,144,144,170,15,184,60,3,61,63,0,63,23,0,23,18,0,18,336,162,500
POA2386,..,36,36,33,3,37,19,0,19,15,0,15,10,0,10,5,0,5,80,42,124
POA2387,..,16,16,19,0,19,9,0,9,14,0,14,4,0,4,3,0,3,48,16,64
POA2388,..,292,292,255,20,272,127,0,127,115,0,115,72,0,72,28,0,28,592,310,909
POA2390,..,804,804,1073,75,1145,409,5,417,422,0,427,223,0,225,92,0,92,2217,890,3105
POA2395,..,105,105,103,10,104,31,0,34,16,0,16,12,0,12,7,0,7,164,108,275
POA2396,..,131,131,122,6,129,48,0,48,39,0,39,16,0,16,11,0,11,223,139,360
POA2397,..,40,40,43,3,43,15,0,15,17,0,17,10,0,10,9,0,9,84,43,127
POA2398,..,22,22,29,0,29,15,0,15,9,0,9,6,0,6,0,0,0,60,22,83
POA2399,..,59,59,70,0,72,30,0,36,28,0,28,12,0,12,3,0,3,146,61,205
POA2400,..,1032,1032,1080,97,1179,544,10,554,428,0,428,234,0,234,108,0,108,2401,1135,3536
POA2401,..,31,31,42,4,44,15,0,15,12,0,12,6,0,6,8,0,8,82,31,116
POA2402,..,212,212,255,15,272,81,3,81,74,0,74,48,0,48,13,0,13,460,226,690
POA2403,..,62,62,100,3,102,27,0,34,30,0,30,24,0,24,6,0,6,187,69,256
POA2404,..,252,252,302,19,326,74,0,74,53,0,54,36,0,36,15,0,15,477,273,751
POA2405,..,51,51,59,3,64,24,0,25,19,0,19,12,0,12,6,0,6,116,54,176
POA2406,..,110,110,92,8,98,26,0,26,28,0,28,11,0,11,14,0,14,181,121,298
POA2408,..,28,28,46,3,48,14,0,14,16,0,16,8,0,8,3,0,3,92,35,124
POA2409,..,74,74,74,9,82,39,0,39,50,0,50,16,0,16,38,0,38,220,84,299
POA2410,..,38,38,41,0,41,12,0,12,7,0,6,8,0,8,5,0,5,67,40,108
POA2411,..,13,13,15,0,15,3,0,3,5,0,5,3,0,3,0,0,0,31,13,40
POA2415,..,22,22,40,5,49,28,0,28,25,0,25,9,0,9,4,0,4,98,32,134
POA2420,..,465,465,540,27,565,218,3,223,169,0,171,85,0,85,38,0,38,1043,492,1534
POA2421,..,107,107,225,9,229,95,0,95,112,0,115,48,0,48,18,0,18,501,120,617
POA2422,..,638,638,856,47,905,254,3,257,199,0,203,96,0,96,46,0,46,1452,696,2147
POA2423,..,340,340,468,44,506,154,3,160,119,0,115,56,0,56,9,0,9,805,384,1189
POA2424,..,58,58,53,4,57,25,0,25,18,0,18,3,0,3,3,0,3,106,59,166
POA2425,..,152,152,227,18,242,96,0,96,78,0,80,41,0,41,26,0,26,468,170,645
POA2426,..,78,78,90,12,103,37,0,37,23,0,23,14,0,14,6,0,6,179,92,267
POA2427,..,400,400,682,25,703,138,0,138,82,0,83,37,0,37,13,0,13,955,431,1379
POA2428,..,3408,3408,4081,271,4354,1082,24,1104,809,3,815,326,0,326,161,0,169,6464,3701,10165
POA2429,..,1014,1014,1361,89,1449,487,8,500,414,0,417,189,0,189,121,0,121,2579,1113,3691
POA2430,..,3823,3823,4913,347,5258,1652,41,1690,1435,8,1446,710,3,715,353,0,353,9068,4225,13290
POA2431,..,703,703,922,56,979,228,6,234,161,0,159,81,0,81,42,0,42,1435,768,2200
POA2439,..,207,207,440,22,461,150,3,154,125,0,125,63,0,63,33,0,33,806,229,1040
POA2440,..,2186,2186,2566,210,2773,1109,27,1137,849,11,861,442,3,445,306,3,309,5265,2436,7700
POA2441,..,397,397,542,41,590,217,4,220,191,0,191,85,0,85,69,0,69,1116,439,1556
POA2443,..,1371,1371,1627,88,1711,363,9,371,240,6,244,124,0,126,67,0,67,2422,1472,3895
POA2444,..,5654,5654,6756,533,7292,2277,85,2363,2024,28,2050,870,4,876,344,0,345,12276,6314,18587
POA2445,..,495,495,1016,55,1071,311,0,311,334,0,334,154,0,154,62,0,62,1884,545,2427
POA2446,..,1074,1074,1705,105,1813,641,10,648,657,0,655,357,0,356,166,0,166,3519,1194,4710
POA2447,..,724,724,1034,66,1095,328,4,335,296,0,304,161,0,162,80,0,80,1896,799,2698
POA2448,..,1399,1399,1361,108,1472,426,11,435,293,0,295,168,0,170,71,0,71,2322,1523,3842
POA2449,..,259,259,299,34,330,104,5,102,79,0,81,50,0,48,35,0,35,559,300,862
POA2450,..,4320,4320,5377,525,5905,2264,70,2330,2011,28,2038,921,9,928,518,3,523,11086,4961,16044
POA2452,..,1691,1691,1966,196,2161,834,30,857,711,6,723,318,0,318,156,0,156,3986,1917,5904
POA2453,..,386,386,414,30,441,128,0,127,104,0,104,49,0,49,24,0,24,722,419,1140
POA2454,..,736,736,954,92,1046,403,4,413,385,0,381,162,0,161,84,0,84,1990,833,2825
POA2455,..,434,434,478,38,518,150,0,150,120,0,120,34,0,34,17,0,17,806,476,1288
POA2456,..,1289,1289,1886,124,2014,758,19,776,714,9,720,330,4,333,181,9,194,3873,1450,5330
POA2460,..,3119,3119,3775,316,4095,1433,24,1457,1223,11,1233,623,4,627,374,0,370,7429,3478,10909
POA2462,..,310,310,367,29,394,103,4,105,82,0,82,54,0,54,24,0,24,634,335,968
POA2463,..,742,742,1168,66,1231,380,7,390,293,0,290,157,0,157,75,0,75,2075,815,2891
POA2464,..,935,935,1212,81,1292,310,7,310,219,0,219,91,0,91,39,0,39,1859,1027,2888
POA2465,..,34,34,40,8,47,14,0,17,8,0,8,8,0,8,4,0,4,72,48,121
POA2466,..,297,297,363,18,383,59,0,59,44,0,44,17,0,17,8,0,8,493,320,810
POA2469,..,535,535,618,54,676,170,3,173,117,0,117,70,0,70,46,0,46,1022,593,1611
POA2470,..,1644,1644,1861,132,2000,756,13,773,666,6,668,362,3,361,220,0,220,3871,1802,5666
POA2471,..,188,188,290,33,326,114,3,118,106,0,106,78,0,78,35,0,35,623,226,847
POA2472,..,185,185,226,15,239,109,0,109,88,0,88,34,0,34,21,0,21,475,204,678
POA2473,..,470,470,482,44,529,127,4,131,117,0,117,56,0,56,23,0,23,806,518,1327
POA2474,..,798,798,876,76,955,306,3,313,231,0,227,132,0,132,62,0,62,1609,887,2488
POA2475,..,43,43,61,3,66,13,0,13,11,0,11,9,0,9,3,0,3,97,46,144
POA2476,..,106,106,137,4,142,34,0,34,28,0,28,15,0,15,8,0,8,224,107,329
POA2477,..,1178,1178,1668,89,1756,645,6,654,606,0,606,265,0,265,134,0,130,3315,1274,4593
POA2478,..,3351,3351,3946,341,4287,1455,67,1524,1301,25,1322,532,6,538,181,0,181,7409,3792,11200
POA2479,..,351,351,556,53,603,257,14,270,259,8,268,107,3,116,47,0,46,1226,421,1645
POA2480,..,4863,4863,5319,637,5953,2333,101,2433,2001,38,2039,953,9,961,440,3,442,11045,5647,16689
POA2481,..,1074,1074,1153,261,1417,554,128,676,514,51,568,169,27,200,56,7,66,2452,1543,3997
POA2482,..,675,675,660,108,765,330,24,355,298,5,300,111,3,118,53,0,53,1451,812,2265
POA2483,..,1201,1201,1269,195,1465,620,36,656,512,5,516,186,4,196,75,0,75,2663,1447,4103
POA2484,..,1799,1799,2264,227,2495,940,29,968,857,4,858,469,3,473,232,0,232,4763,2063,6832
POA2485,..,2331,2331,2180,252,2431,698,38,736,469,10,475,170,3,175,85,0,85,3598,2633,6236
POA2486,..,3471,3471,4227,371,4600,1617,35,1648,1523,12,1541,648,0,648,344,4,353,8362,3896,12256
POA2487,..,1419,1419,1719,150,1871,608,19,627,686,0,687,302,0,304,129,0,129,3442,1586,5033
POA2488,..,299,299,379,42,421,182,7,187,190,0,190,72,0,72,27,0,27,850,348,1196
POA2489,..,561,561,951,68,1020,356,10,362,457,0,457,174,0,174,78,0,78,2020,636,2657
POA2490,..,51,51,81,12,91,43,3,39,34,0,35,19,0,19,3,0,3,173,67,238
POA2500,..,4880,4880,4519,1005,5524,1915,476,2390,1563,245,1805,619,72,692,319,55,368,8928,6735,15661
POA2502,..,1258,1258,1294,112,1404,695,17,715,548,8,556,295,0,295,239,0,236,3072,1398,4468
POA2505,..,579,579,536,52,587,286,6,290,273,0,272,94,0,99,61,0,61,1254,639,1895
POA2506,..,717,717,816,63,878,417,5,424,438,3,442,188,3,188,109,0,109,1964,785,2750
POA2508,..,387,387,780,41,817,520,4,528,720,0,720,275,3,283,87,0,87,2385,436,2826
POA2515,..,721,721,1206,94,1303,608,14,624,759,0,763,310,3,315,99,0,99,2988,837,3824
POA2516,..,413,413,572,37,606,315,5,323,444,0,444,202,0,202,68,0,68,1599,459,2050
POA2517,..,1261,1261,1510,89,1604,735,15,755,899,3,895,357,0,359,125,0,125,3623,1365,4989
POA2518,..,2369,2369,2213,176,2394,1039,37,1077,1072,7,1084,452,0,455,154,0,154,4941,2593,7530
POA2519,..,1624,1624,1933,154,2085,963,75,1038,934,32,963,423,15,437,160,3,168,4418,1902,6318
POA2522,..,0,0,0,0,0,0,0,0,0,0,0,0,0,0,0,0,0,0,0,0
POA2525,..,810,810,1232,56,1294,598,8,608,791,0,797,329,0,336,135,0,135,3087,883,3972
POA2526,..,1030,1030,1594,77,1670,863,7,873,1076,0,1077,399,0,399,207,0,214,4147,1117,5257
POA2527,..,1206,1206,2134,103,2235,1255,13,1266,1422,4,1430,602,3,602,294,0,294,5708,1318,7028
POA2528,..,2654,2654,2937,185,3120,1371,24,1393,1121,3,1126,524,0,527,273,0,273,6223,2870,9090
POA2529,..,1506,1506,2718,136,2853,1482,15,1501,1816,7,1825,728,0,728,332,0,335,7083,1661,8745
POA2530,..,2325,2325,3538,156,3699,1908,12,1918,1990,3,1993,840,0,840,431,0,431,8711,2499,11208
POA2533,..,1235,1235,2185,131,2319,811,11,825,838,0,838,386,3,385,145,0,145,4365,1384,5747
POA2534,..,416,416,701,28,732,250,5,260,302,4,311,149,0,149,58,0,58,1470,459,1931
POA2535,..,899,899,1222,48,1274,309,8,312,303,0,304,129,0,129,54,0,54,2018,951,2971
POA2536,..,2128,2128,2846,144,2990,772,22,791,635,3,644,280,3,281,173,0,173,4703,2296,7000
POA2537,..,1485,1485,1976,107,2083,541,7,547,445,5,446,193,0,190,91,0,91,3235,1602,4840
POA2538,..,203,203,322,18,341,93,0,93,96,0,96,46,0,46,32,0,32,587,227,813
POA2539,..,2164,2164,2972,174,3149,833,3,838,740,3,743,308,0,306,138,0,138,4986,2352,7338
POA2540,..,4425,4425,6485,384,6863,2155,34,2184,1896,8,1906,924,0,929,490,0,496,11950,4850,16801
POA2541,..,3099,3099,3122,248,3366,1393,35,1430,1118,12,1131,503,4,508,259,3,255,6398,3392,9786
POA2545,..,109,109,174,9,182,53,0,57,33,0,33,15,0,15,13,0,13,301,121,418
POA2546,..,1305,1305,1643,80,1726,356,12,366,256,0,256,115,0,115,72,0,72,2442,1395,3837
POA2548,..,1024,1024,1339,70,1406,363,8,367,257,0,259,98,0,98,43,0,43,2098,1106,3198
POA2549,..,382,382,587,29,618,181,0,185,180,0,184,62,0,62,30,0,30,1046,416,1461
POA2550,..,1765,1765,2299,135,2437,765,4,771,675,3,676,306,0,310,163,0,163,4211,1905,6117
POA2551,..,487,487,504,40,549,162,0,170,113,0,116,62,0,62,29,0,29,875,535,1406
POA2555,..,15,15,14,3,22,6,0,6,7,0,7,6,0,6,6,0,6,44,18,65
POA2556,..,81,81,179,12,184,103,0,103,131,0,136,98,0,98,82,0,82,599,96,693
POA2557,..,255,255,721,33,754,459,4,465,514,0,510,304,0,307,209,0,216,2210,298,2504
POA2558,..,474,474,880,51,926,748,7,753,714,4,714,367,0,363,233,0,233,2936,529,3462
POA2559,..,114,114,161,22,180,135,0,135,108,0,108,88,0,83,102,0,102,591,129,725
POA2560,..,4950,4950,7053,501,7557,4378,73,4450,4205,34,4243,2132,11,2141,1640,3,1642,19404,5573,24979
POA2563,..,12,12,34,0,32,13,0,13,17,0,17,6,0,6,6,0,6,80,9,93
POA2564,..,938,938,1038,106,1146,834,9,848,844,3,844,362,0,368,317,0,317,3405,1059,4463
POA2565,..,1203,1203,1683,104,1781,1188,14,1206,1213,10,1217,584,4,587,394,3,401,5057,1338,6398
POA2566,..,1200,1200,2035,116,2151,1554,23,1571,1775,8,1779,816,0,822,571,3,575,6748,1351,8100
POA2567,..,1277,1277,2830,125,2951,2224,25,2250,3007,6,3015,1393,0,1399,682,3,684,10144,1439,11581
POA2568,..,69,69,131,4,138,48,0,48,62,0,62,38,0,38,18,0,18,289,77,363
POA2569,..,57,57,143,4,148,71,0,78,76,0,76,43,0,43,27,0,23,364,64,429
POA2570,..,2023,2023,3651,160,3811,2256,25,2287,2600,4,2608,1315,8,1324,657,0,655,10479,2224,12703
POA2571,..,513,513,1088,36,1127,634,8,638,816,0,815,409,0,409,203,0,203,3149,555,3701
POA2572,..,271,271,448,20,466,224,4,228,250,0,250,147,0,147,77,0,77,1141,297,1434
POA2573,..,357,357,511,32,540,297,4,304,294,0,293,133,0,133,93,0,93,1317,394,1713
POA2574,..,337,337,571,29,604,286,0,286,323,0,324,179,0,179,133,0,133,1486,371,1857
POA2575,..,1299,1299,1801,111,1909,821,12,835,803,3,805,386,3,384,213,0,213,4014,1424,5436
POA2576,..,1415,1415,2086,76,2161,591,3,590,606,3,610,293,4,293,123,0,119,3687,1509,5196
POA2577,..,1509,1509,2084,118,2199,706,17,720,707,9,716,360,0,360,158,0,161,4024,1649,5670
POA2578,..,337,337,466,14,474,109,0,106,104,0,104,49,0,49,23,0,23,741,346,1090
POA2579,..,370,370,583,29,614,198,0,198,167,0,167,95,0,95,64,0,64,1105,406,1510
POA2580,..,3187,3187,3588,221,3811,1503,32,1533,1322,5,1322,619,8,623,320,7,325,7348,3446,10797
POA2581,..,188,188,263,12,275,106,0,106,118,0,118,54,0,54,23,0,23,565,205,765
POA2582,..,906,906,1481,79,1566,611,12,623,724,0,729,346,0,344,139,0,139,3309,998,4310
POA2583,..,526,526,644,18,662,199,0,202,181,0,181,89,0,89,44,0,44,1153,544,1698
POA2584,..,63,63,77,3,79,29,0,29,23,0,23,14,0,14,5,0,5,148,68,216
POA2585,..,35,35,25,0,28,4,0,4,13,0,13,8,0,8,0,0,0,53,40,94
POA2586,..,339,339,393,26,417,110,0,115,101,0,101,62,0,62,18,0,18,695,359,1053
POA2587,..,358,358,455,28,476,111,0,114,122,0,122,60,0,60,38,0,38,774,386,1160
POA2588,..,21,21,42,0,46,16,0,16,10,0,10,11,0,11,0,0,0,78,24,99
POA2590,..,907,907,1091,53,1147,307,5,317,275,0,281,152,0,154,58,0,58,1887,970,2854
POA2594,..,1269,1269,1433,101,1532,587,11,596,510,3,515,286,0,286,150,0,150,2962,1388,4348
POA2619,..,388,388,813,22,839,537,8,550,791,0,791,350,0,350,104,0,104,2594,421,3019
POA2620,..,4218,4218,4167,332,4496,2193,45,2237,2054,10,2063,926,3,928,382,3,382,9726,4610,14338
POA2621,..,264,264,672,21,686,338,4,344,413,0,413,171,0,171,64,0,64,1653,288,1946
POA2622,..,436,436,557,29,585,174,0,180,157,0,157,68,0,68,34,0,34,987,463,1451
POA2623,..,79,79,77,7,77,30,0,33,26,0,26,13,0,13,8,0,8,151,84,237
POA2625,..,59,59,32,3,38,4,0,3,12,0,12,0,0,0,0,0,0,50,65,115
POA2626,..,29,29,62,0,62,19,3,22,29,0,29,16,0,16,8,0,8,124,32,154
POA2627,..,379,379,472,63,536,199,26,222,254,10,260,86,7,94,15,4,26,1029,493,1521
POA2628,..,212,212,249,20,267,107,0,107,90,0,90,41,0,41,12,0,12,502,231,731
POA2629,..,77,77,101,3,103,12,0,12,15,0,15,4,0,4,4,0,4,136,80,212
POA2630,..,1114,1114,1205,81,1283,437,6,448,346,3,353,154,0,154,70,0,70,2210,1207,3412
POA2631,..,72,72,90,3,93,21,0,21,27,0,27,7,0,7,8,0,8,151,77,230
POA2632,..,229,229,255,14,269,96,4,97,75,0,75,36,0,36,18,0,18,475,244,718
POA2633,..,70,70,53,7,60,16,0,16,18,0,18,6,0,6,0,0,0,89,79,167
POA2640,..,3949,3949,4281,407,4687,1827,111,1943,1867,41,1907,767,12,776,280,4,288,9016,4522,13540
POA2641,..,2105,2105,1899,204,2103,799,17,818,644,4,651,273,4,273,133,0,133,3750,2328,6082
POA2642,..,333,333,592,25,618,221,3,224,242,0,242,138,0,138,69,0,69,1265,356,1616
POA2643,..,295,295,408,18,424,124,3,130,128,0,129,54,0,55,23,0,25,732,321,1046
POA2644,..,277,277,339,13,353,92,0,90,111,0,111,51,0,51,32,0,32,624,290,913
POA2645,..,52,52,45,3,54,19,0,19,14,0,14,7,0,7,3,0,3,87,51,143
POA2646,..,846,846,1007,56,1057,315,5,324,276,0,277,141,0,141,47,0,47,1780,908,2694
POA2647,..,273,273,359,13,375,71,0,71,88,0,88,47,0,47,18,0,18,581,294,875
POA2648,..,298,298,350,25,370,107,5,112,73,0,73,32,0,32,17,0,17,583,326,911
POA2649,..,6,6,3,0,3,0,0,0,0,0,0,0,0,0,0,0,0,9,6,11
POA2650,..,5574,5574,6661,615,7280,2935,189,3122,2767,72,2841,1458,14,1473,622,5,627,14444,6471,20918
POA2651,..,141,141,218,18,243,113,3,119,120,0,120,53,0,53,24,0,24,538,165,704
POA2652,..,365,365,556,49,604,238,0,239,217,0,217,108,0,108,60,0,60,1184,418,1594
POA2653,..,265,265,357,16,375,106,0,109,84,0,84,52,0,52,29,0,29,631,287,915
POA2655,..,118,118,164,9,168,57,0,56,75,0,75,31,0,31,15,0,15,341,128,469
POA2656,..,165,165,174,6,180,56,0,56,58,0,58,25,0,25,20,0,20,320,173,495
POA2658,..,180,180,183,4,190,53,0,54,38,0,38,47,0,47,31,0,31,355,190,545
POA2659,..,82,82,115,4,122,40,0,40,44,0,44,22,0,22,11,0,11,232,87,318
POA2660,..,159,159,201,15,215,62,3,69,79,0,79,40,0,40,23,0,23,406,179,584
POA2661,..,5,5,12,0,12,9,0,9,15,0,15,4,0,4,3,0,3,47,5,51
POA2663,..,440,440,487,36,517,211,3,216,194,3,195,95,0,100,59,4,63,1045,485,1532
POA2665,..,226,226,277,16,297,94,0,96,88,0,88,54,0,54,33,0,33,553,243,802
POA2666,..,646,646,784,43,819,265,0,265,219,0,219,138,0,138,84,0,84,1482,690,2180
POA2668,..,45,45,57,0,57,20,0,20,23,0,23,13,0,13,5,0,5,118,47,161
POA2669,..,189,189,227,10,232,68,0,68,54,0,54,47,0,47,24,0,24,422,200,620
POA2671,..,474,474,548,16,562,172,0,176,132,0,134,104,0,104,55,0,55,1014,490,1507
POA2672,..,152,152,182,8,189,65,0,64,60,0,60,47,0,47,21,0,21,375,159,535
POA2675,..,157,157,199,16,214,77,3,78,67,0,71,29,0,29,14,0,14,384,177,557
POA2678,..,0,0,0,0,0,0,0,0,0,0,0,0,0,0,0,0,0,0,0,0
POA2680,..,1888,1888,2409,178,2586,1104,42,1140,1263,18,1281,667,11,675,317,10,333,5763,2141,7905
POA2681,..,143,143,199,16,211,86,0,86,80,0,80,57,0,57,22,0,22,436,153,592
POA2700,..,593,593,604,40,650,220,4,225,205,0,205,107,0,111,43,0,43,1182,643,1826
POA2701,..,176,176,279,7,285,119,0,121,106,0,106,62,0,62,43,0,43,607,189,791
POA2702,..,79,79,106,5,106,30,3,34,33,0,33,19,0,19,9,0,9,198,80,281
POA2703,..,84,84,75,3,86,35,0,35,21,0,21,14,0,14,7,0,7,154,87,244
POA2705,..,1008,1008,1192,65,1256,490,17,501,477,4,475,255,0,255,121,0,121,2522,1089,3613
POA2706,..,101,101,148,12,165,62,0,62,61,0,61,26,0,26,14,0,14,306,120,421
POA2707,..,142,142,142,7,144,66,0,64,48,0,48,49,0,49,14,0,14,319,150,468
POA2710,..,1271,1271,1432,79,1505,436,8,448,408,3,414,216,3,218,78,3,79,2574,1362,3929
POA2711,..,378,378,446,21,463,148,3,152,129,0,124,77,0,77,34,0,34,824,403,1233
POA2712,..,195,195,173,9,185,45,0,45,58,0,58,27,0,27,12,0,12,309,205,519
POA2713,..,351,351,385,31,409,114,0,113,99,0,99,57,0,57,34,0,34,680,383,1062
POA2714,..,367,367,453,26,479,111,0,112,95,0,95,49,0,49,22,0,22,719,390,1116
POA2715,..,177,177,192,4,197,74,0,75,49,0,49,47,0,47,17,0,17,378,183,567
POA2716,..,125,125,147,5,158,56,0,58,38,0,38,22,0,22,10,0,10,276,135,409
POA2717,..,108,108,169,4,172,67,0,67,50,0,51,33,0,33,14,0,14,328,116,444
POA2720,..,859,859,1063,42,1101,371,4,376,401,3,405,155,0,155,80,0,80,2068,907,2977
POA2721,..,20,20,32,3,35,12,0,12,10,0,10,10,0,10,4,0,4,60,26,80
POA2722,..,349,349,423,23,448,158,0,161,123,0,123,79,0,79,49,0,49,832,376,1205
POA2725,..,46,46,56,0,59,14,0,14,14,0,14,6,0,6,3,0,3,100,51,145
POA2726,..,27,27,31,0,32,8,0,8,10,0,10,3,0,3,0,0,0,56,28,85
POA2727,..,27,27,35,4,40,15,0,15,18,0,18,10,0,10,7,0,7,85,34,116
POA2729,..,169,169,233,8,242,70,0,70,92,0,92,42,0,42,17,0,17,456,178,631
POA2730,..,183,183,223,17,235,51,3,54,49,0,55,30,0,30,11,0,14,360,201,565
POA2731,..,650,650,930,39,972,284,10,294,301,3,309,142,0,142,42,0,42,1705,704,2409
POA2732,..,267,267,281,20,299,70,0,70,60,0,60,29,0,29,17,0,17,446,287,736
POA2733,..,76,76,87,0,82,24,0,24,20,0,20,5,0,5,3,0,7,141,77,215
POA2734,..,20,20,59,0,59,20,0,20,19,0,19,21,0,21,3,0,3,116,22,138
POA2735,..,25,25,65,3,68,21,0,20,17,0,17,10,0,10,9,0,9,118,30,147
POA2736,..,30,30,52,4,56,17,0,17,10,0,10,8,0,8,0,0,0,94,34,134
POA2737,..,57,57,80,6,88,37,0,37,26,0,26,36,0,36,14,0,14,191,64,258
POA2738,..,113,113,194,7,200,77,0,77,105,0,105,55,0,55,19,0,19,448,119,563
POA2739,..,137,137,148,15,168,68,0,68,72,0,72,35,0,35,4,0,4,337,152,490
POA2745,..,992,992,2241,89,2337,1775,20,1792,2142,9,2148,1009,3,1009,561,0,561,7725,1110,8839
POA2747,..,2793,2793,3915,349,4266,2580,44,2625,2445,18,2465,1193,4,1198,721,3,724,10849,3217,14068
POA2748,..,46,46,151,5,157,97,0,101,113,3,110,68,0,68,50,0,46,476,60,532
POA2749,..,741,741,1432,88,1522,1021,9,1029,1122,3,1128,501,0,501,337,0,337,4414,841,5257
POA2750,..,4296,4296,4849,398,5246,2552,76,2631,2501,16,2520,1073,4,1074,546,0,545,11525,4785,16308
POA2752,..,230,230,387,21,405,263,3,268,331,0,331,186,0,186,92,0,92,1255,252,1508
POA2753,..,1383,1383,1576,125,1704,898,25,922,856,7,866,474,3,476,336,0,336,4142,1541,5681
POA2754,..,437,437,611,27,636,332,7,345,304,0,304,159,0,159,85,0,85,1496,472,1963
POA2755,..,0,0,0,0,0,0,0,0,0,0,0,0,0,0,0,0,0,0,0,0
POA2756,..,2066,2066,3018,236,3254,1988,32,2027,2131,8,2140,1027,3,1031,548,0,548,8713,2346,11061
POA2757,..,49,49,98,0,101,39,0,40,49,0,49,22,0,22,24,0,24,228,50,278
POA2758,..,400,400,865,37,900,422,4,424,549,0,554,283,0,283,142,0,142,2261,437,2695
POA2759,..,915,915,2084,96,2181,1587,11,1598,1863,3,1862,864,0,861,525,0,525,6926,1023,7946
POA2760,..,2488,2488,2919,328,3248,1962,53,2007,1788,16,1801,909,3,912,672,4,674,8247,2884,11134
POA2761,..,864,864,1589,92,1678,1701,15,1718,2189,10,2194,1192,3,1189,822,0,826,7496,982,8479
POA2762,..,195,195,389,30,421,326,3,331,349,0,345,154,0,154,87,0,87,1303,230,1535
POA2763,..,1033,1033,2108,133,2244,1953,31,1981,2504,6,2509,988,3,991,552,0,552,8105,1204,9302
POA2765,..,848,848,1271,92,1367,842,18,858,795,7,794,476,4,473,350,0,352,3738,967,4705
POA2766,..,567,567,925,55,976,811,12,820,985,3,989,524,3,521,414,0,415,3655,645,4297
POA2767,..,870,870,1454,113,1568,1386,24,1412,1495,11,1507,722,4,727,578,3,581,5638,1032,6665
POA2768,..,726,726,1405,73,1478,1566,15,1577,2417,7,2426,1008,14,1015,608,25,638,7005,854,7860
POA2769,..,171,171,608,22,627,765,9,779,1099,4,1109,382,0,383,201,0,201,3057,211,3272
POA2770,..,3473,3473,4229,404,4631,3342,54,3394,2952,16,2971,1962,8,1965,1847,3,1847,14331,3950,18281
POA2773,..,379,379,641,40,683,294,6,301,412,5,415,189,0,189,67,0,67,1605,430,2031
POA2774,..,737,737,1450,53,1505,807,9,810,850,3,851,373,0,374,157,0,157,3642,807,4449
POA2775,..,213,213,188,25,209,68,0,71,48,0,48,18,0,18,10,0,10,326,238,568
POA2776,..,263,263,471,24,498,248,0,248,256,0,256,120,0,120,43,0,43,1137,288,1423
POA2777,..,1355,1355,2013,102,2114,969,12,981,1062,3,1061,515,0,512,215,0,215,4772,1465,6239
POA2778,..,187,187,312,21,335,133,3,140,141,0,141,71,0,71,18,0,18,675,211,891
POA2779,..,459,459,528,38,568,288,3,288,298,0,298,143,0,143,64,0,65,1320,502,1819
POA2780,..,2051,2051,1699,242,1941,660,33,693,484,6,490,192,3,195,86,3,88,3116,2345,5460
POA2782,..,697,697,875,79,945,315,3,322,285,3,284,111,0,111,48,0,48,1637,773,2410
POA2783,..,306,306,291,32,323,152,5,152,143,0,143,52,0,52,29,0,29,663,343,1002
POA2784,..,122,122,154,11,170,75,0,79,64,0,64,29,0,29,12,0,12,330,141,471
POA2785,..,675,675,725,70,796,227,4,227,187,4,188,60,0,56,20,0,20,1213,751,1963
POA2786,..,170,170,159,17,177,66,0,68,41,0,41,19,0,19,9,0,9,298,189,488
POA2787,..,464,464,594,29,622,187,3,191,183,0,183,95,0,95,41,0,41,1098,499,1598
POA2790,..,2030,2030,1931,136,2066,786,7,793,680,3,684,277,0,282,133,0,133,3808,2173,5977
POA2791,..,39,39,51,5,56,12,0,14,13,0,13,7,0,7,3,0,3,90,43,133
POA2792,..,45,45,61,4,64,17,0,13,16,0,16,10,0,10,3,0,3,105,52,160
POA2793,..,105,105,165,8,176,46,0,46,31,0,31,15,0,15,11,0,11,263,116,382
POA2794,..,1265,1265,1389,83,1475,534,9,542,438,0,438,201,0,201,112,0,112,2674,1359,4028
POA2795,..,3975,3975,4611,458,5073,2099,98,2191,2121,43,2165,962,10,970,467,3,472,10261,4582,14839
POA2797,..,42,42,61,4,72,13,0,13,21,0,21,12,0,12,9,0,9,114,43,158
POA2798,..,129,129,259,8,271,97,0,95,110,0,110,70,0,70,30,0,30,565,137,705
POA2799,..,427,427,492,18,516,225,0,225,191,0,191,101,0,101,46,0,46,1058,451,1508
POA2800,..,4434,4434,5076,384,5461,2266,50,2320,2302,36,2338,1135,16,1148,503,3,510,11285,4918,16202
POA2803,..,30,30,46,0,49,10,0,10,11,0,11,0,0,0,4,0,4,76,32,108
POA2804,..,349,349,347,15,365,124,3,125,109,0,109,70,0,70,21,0,21,676,370,1043
POA2805,..,50,50,56,0,57,14,0,14,24,0,24,16,0,16,6,0,6,109,51,161
POA2806,..,89,89,126,12,136,35,0,34,33,0,33,17,0,17,8,0,8,214,96,310
POA2807,..,65,65,62,5,68,16,0,16,16,0,16,7,0,7,4,0,4,104,66,171
POA2808,..,28,28,38,0,42,7,0,7,0,0,0,0,0,0,3,0,3,52,32,83
POA2809,..,20,20,39,0,41,3,0,3,4,0,4,7,0,7,0,0,0,55,17,76
POA2810,..,425,425,478,22,505,132,3,133,109,0,109,68,0,68,31,0,31,823,456,1273
POA2817,..,33,33,50,0,47,14,0,14,11,0,11,7,0,7,3,0,3,88,28,114
POA2818,..,65,65,106,3,102,50,0,50,35,0,35,23,0,23,17,0,17,226,72,291
POA2820,..,783,783,762,61,823,320,3,325,269,0,269,138,0,138,87,0,87,1572,846,2427
POA2821,..,465,465,582,26,614,226,3,232,202,0,202,128,0,128,77,0,77,1215,493,1713
POA2822,..,46,46,56,3,58,24,0,24,16,0,16,3,0,3,3,0,3,113,44,155
POA2823,..,168,168,183,13,190,61,0,65,52,0,52,32,0,32,17,0,17,342,184,527
POA2824,..,273,273,286,20,301,96,6,97,80,0,80,48,0,48,28,0,28,538,293,828
POA2825,..,280,280,282,18,296,105,3,104,109,0,109,54,0,54,32,0,32,574,303,876
POA2826,..,14,14,24,0,25,5,0,5,9,0,9,3,0,3,4,0,4,49,18,70
POA2827,..,426,426,501,30,530,155,0,155,152,0,152,92,0,95,33,0,33,936,455,1389
POA2828,..,92,92,105,6,112,31,0,31,22,0,27,21,0,21,15,0,15,199,97,293
POA2829,..,334,334,338,26,370,157,0,158,109,0,109,62,0,62,40,0,40,703,366,1067
POA2830,..,3646,3646,4429,366,4795,2252,76,2331,1931,11,1944,985,0,991,518,0,519,10117,4098,14219
POA2831,..,149,149,232,14,243,90,0,90,93,0,93,43,0,40,31,0,31,492,159,649
POA2832,..,255,255,237,20,258,95,3,100,106,0,106,62,0,65,52,0,52,558,277,834
POA2833,..,71,71,66,10,77,36,4,38,18,0,18,9,0,9,19,0,19,150,79,223
POA2834,..,460,460,308,40,345,97,0,97,66,0,66,19,0,19,31,0,31,510,504,1008
POA2835,..,451,451,496,30,525,173,3,174,192,0,192,98,0,98,46,0,46,997,481,1481
POA2836,..,87,87,59,8,61,50,0,51,35,0,37,13,0,13,29,0,29,180,96,279
POA2838,..,28,28,29,0,28,14,0,14,6,0,6,8,0,8,8,0,8,64,26,93
POA2839,..,125,125,133,19,146,64,0,62,46,0,46,32,0,32,25,0,25,299,145,444
POA2840,..,274,274,245,16,255,112,3,119,92,0,92,59,0,59,47,0,47,562,291,850
POA2842,..,79,79,87,3,93,26,0,26,29,0,29,18,0,18,7,0,7,160,85,253
POA2843,..,123,123,181,11,190,44,0,44,57,0,57,36,0,36,11,0,11,323,128,449
POA2844,..,149,149,196,8,211,50,0,52,51,0,51,24,0,24,15,0,15,336,155,499
POA2845,..,170,170,217,9,226,92,0,92,102,0,102,49,0,49,21,0,21,488,180,671
POA2846,..,44,44,29,0,31,18,0,18,5,0,5,3,0,3,3,0,3,63,47,109
POA2847,..,244,244,302,26,330,113,0,113,112,0,112,60,0,60,17,0,17,604,265,870
POA2848,..,283,283,214,25,237,79,0,79,51,0,51,29,0,29,15,0,15,387,306,695
POA2849,..,191,191,235,20,259,55,0,61,62,0,62,31,0,31,12,0,12,394,214,611
POA2850,..,1742,1742,2093,153,2243,894,24,910,849,4,855,408,5,413,185,0,184,4419,1922,6341
POA2852,..,361,361,407,24,426,177,3,177,148,0,149,87,0,87,38,0,38,852,388,1238
POA2864,..,60,60,108,3,113,40,0,40,38,0,38,19,0,19,16,0,16,222,65,287
POA2865,..,87,87,102,6,110,49,3,48,33,0,33,23,0,23,9,0,9,217,97,310
POA2866,..,273,273,352,14,367,139,0,141,159,0,159,101,0,101,41,0,41,791,285,1075
POA2867,..,53,53,86,3,86,20,0,20,38,0,38,10,0,10,11,0,11,165,60,221
POA2868,..,77,77,84,5,84,34,0,34,25,0,25,12,0,12,7,0,7,166,78,240
POA2869,..,180,180,215,12,227,75,0,76,44,0,44,29,0,29,15,0,15,367,201,565
POA2870,..,1254,1254,1390,71,1461,576,8,592,530,5,535,308,3,307,173,0,173,2974,1339,4314
POA2871,..,1017,1017,1183,69,1256,425,11,431,370,0,368,237,0,237,103,0,103,2310,1104,3412
POA2873,..,67,67,75,8,80,22,0,22,14,0,14,10,0,10,4,0,4,134,75,205
POA2874,..,49,49,59,6,65,16,0,16,23,0,23,8,0,8,3,0,3,113,51,158
POA2875,..,111,111,122,0,131,35,0,35,34,0,34,27,0,27,14,0,14,238,116,354
POA2876,..,29,29,44,0,51,19,0,19,17,0,17,12,0,12,5,0,5,103,34,135
POA2877,..,426,426,436,21,459,196,0,201,169,0,173,83,0,83,54,0,54,942,447,1394
POA2878,..,38,38,28,3,28,13,0,12,12,0,12,3,0,3,8,0,8,61,44,107
POA2879,..,97,97,77,3,77,23,0,27,23,0,23,10,0,10,8,0,8,135,103,240
POA2880,..,2581,2581,2417,170,2589,960,13,975,748,3,750,314,0,314,149,0,149,4591,2770,7358
POA2898,..,43,43,51,3,52,20,0,18,14,0,14,6,0,6,0,0,0,90,46,132
