POA_CODE_2016,P_FoodHospPersServ_Occ_Mng,P_FoodHospPersServ_Occ_Pro,P_FoodHospPersServ_Occ_TTW,P_FoodHospPersServ_Occ_CPS,P_FoodHospPersServ_Occ_CA,P_FoodHospPersServ_Occ_Sal,P_FoodHospPersServ_Occ_MOD,P_FoodHospPersServ_Occ_Lab,P_FoodHospPersServ_Occ_IDNS,P_FoodHospPersServ_Total,P_MixFieldProg_Occ_Mng,P_MixFieldProg_Occ_Pro,P_MixFieldProg_Occ_TTW,P_MixFieldProg_Occ_CPS,P_MixFieldProg_Occ_CA,P_MixFieldProg_Occ_Sal,P_MixFieldProg_Occ_MOD,P_MixFieldProg_Occ_Lab,P_MixFieldProg_Occ_IDNS,P_MixFieldProg_Total,P_FS_ID_Occ_Mng,P_FS_ID_Occ_Pro,P_FS_ID_Occ_TTW,P_FS_ID_Occ_CPS,P_FS_ID_Occ_CA,P_FS_ID_Occ_Sal,P_FS_ID_Occ_MOD,P_FS_ID_Occ_Lab,P_FS_ID_Occ_IDNS,P_FS_ID_Total,P_FS_NS_Occ_Mng,P_FS_NS_Occ_Pro,P_FS_NS_Occ_TTW,P_FS_NS_Occ_CPS,P_FS_NS_Occ_CA,P_FS_NS_Occ_Sal,P_FS_NS_Occ_MOD,P_FS_NS_Occ_Lab,P_FS_NS_Occ_IDNS,P_FS_NS_Total,P_Tot_Occ_Mng,P_Tot_Occ_Pro,P_Tot_Occ_TTW,P_Tot_Occ_CPS,P_Tot_Occ_CA,P_Tot_Occ_Sal,P_Tot_Occ_MOD,P_Tot_Occ_Lab,P_Tot_Occ_IDNS,P_Total_Total
POA2000,72,13,322,164,35,52,10,70,8,735,6,3,20,21,0,8,3,31,3,98,27,37,17,35,16,9,3,22,4,164,35,22,57,77,14,24,9,85,70,395,1786,3498,1213,1670,1023,852,124,1093,277,11534
POA2006,0,0,0,3,0,0,0,0,0,3,0,0,0,0,0,0,0,0,0,0,0,0,0,0,0,0,0,0,0,3,0,4,0,0,0,0,0,0,0,4,16,48,3,20,4,3,0,5,0,105
POA2007,19,0,71,25,11,11,3,6,0,148,0,0,3,9,0,0,0,0,0,13,3,7,3,5,7,5,0,0,0,34,3,10,5,8,7,3,4,14,14,68,335,911,269,357,308,233,60,207,47,2724
POA2008,16,3,77,28,10,6,3,10,4,158,0,0,0,5,0,3,3,0,0,15,9,34,3,13,7,9,0,0,0,82,5,8,8,3,3,5,0,4,15,60,579,1824,337,405,434,330,55,201,61,4223
POA2009,51,13,159,70,12,21,0,15,9,348,3,0,0,3,0,0,0,3,0,16,15,27,8,15,6,6,0,6,9,86,11,21,12,13,7,5,3,10,24,108,1314,2495,489,549,639,346,59,232,113,6238
POA2010,90,35,276,86,43,33,3,23,8,601,0,4,0,4,0,6,0,5,0,24,66,98,18,14,30,24,9,7,3,274,38,56,13,27,14,7,3,16,47,224,2733,6716,929,1020,1322,825,117,472,232,14365
POA2011,70,12,206,73,36,20,4,16,0,447,3,0,3,3,0,0,0,0,0,7,46,97,11,13,23,20,0,5,6,226,16,39,18,20,11,9,0,8,21,136,1981,4494,761,739,934,587,77,260,141,9972
POA2015,39,14,78,28,21,17,3,5,3,213,0,0,0,3,0,0,0,0,0,3,30,42,3,9,10,0,5,0,4,112,14,14,9,6,7,8,3,3,21,78,1041,2404,408,329,647,329,73,117,75,5415
POA2016,42,15,104,39,14,17,3,11,0,247,3,0,0,3,3,3,0,0,0,16,24,46,9,6,11,6,4,6,0,116,7,26,17,10,15,8,3,3,20,107,986,2922,452,428,613,329,61,188,85,6052
POA2017,95,17,174,57,48,38,6,14,7,464,3,0,0,6,0,0,0,7,0,24,42,44,5,15,16,14,8,7,6,151,11,25,20,17,14,23,4,14,39,164,1781,4078,797,719,1127,770,131,275,163,9840
POA2018,33,6,108,41,26,19,7,24,5,275,0,0,4,3,0,3,0,0,0,12,9,26,7,5,14,8,12,8,4,95,5,16,19,10,9,12,12,16,29,131,784,1833,732,544,794,420,254,255,121,5727
POA2019,25,9,65,25,40,16,4,10,0,201,0,0,0,0,0,0,0,0,0,11,6,13,8,5,9,10,5,0,4,52,6,9,4,12,16,4,9,6,16,91,625,1081,557,393,577,263,132,167,57,3857
POA2020,42,13,113,40,23,28,14,30,3,308,0,0,0,3,0,0,0,6,0,14,20,12,3,14,8,3,3,8,3,76,8,14,9,16,15,15,10,13,22,123,894,1905,698,569,823,437,187,333,82,5933
POA2021,44,14,89,37,22,13,0,10,0,220,0,0,0,0,0,0,0,0,0,5,36,62,3,9,22,12,0,7,5,159,23,21,8,8,13,3,0,8,22,100,1604,3770,376,411,747,451,35,90,106,7592
POA2022,34,14,74,39,12,14,0,7,0,185,0,0,0,0,0,0,0,0,0,3,15,24,7,7,7,8,3,5,3,72,12,9,3,12,13,8,3,11,21,87,1031,2344,351,422,518,322,75,187,97,5337
POA2023,21,3,41,18,19,14,0,4,0,120,0,0,0,0,0,0,0,0,0,5,19,38,4,8,16,8,0,4,3,90,11,17,3,6,9,0,0,4,15,69,1010,2056,202,239,445,284,29,77,100,4438
POA2024,23,6,48,22,6,3,0,3,0,119,0,0,0,0,0,0,0,0,0,0,28,32,3,10,11,4,0,3,3,90,14,10,5,3,4,3,0,7,15,61,965,2158,323,270,480,235,32,88,87,4649
POA2025,11,0,32,10,12,7,0,3,0,79,0,0,0,0,0,0,0,0,0,3,10,22,3,3,7,7,0,0,0,58,11,12,0,3,3,3,0,0,0,33,709,1623,124,146,296,209,23,38,48,3218
POA2026,91,22,230,91,45,28,10,23,9,554,3,7,0,8,0,0,0,0,0,20,51,122,10,22,28,17,0,14,9,274,46,53,17,28,15,30,12,20,52,269,3126,6630,1184,1197,1267,999,169,439,249,15266
POA2027,21,11,29,13,5,8,0,3,0,94,0,0,0,0,0,0,0,3,3,4,12,22,0,6,10,3,0,0,0,54,10,13,4,8,17,3,0,4,11,69,799,1627,129,141,370,211,10,50,74,3421
POA2028,14,0,24,5,0,3,0,0,0,49,0,0,0,0,0,0,0,0,0,0,5,11,3,3,3,0,0,0,0,30,7,11,0,3,0,0,0,0,5,31,491,1035,80,90,208,142,9,14,26,2105
POA2029,26,11,52,16,20,14,0,3,0,132,0,0,0,0,0,0,0,0,0,3,16,16,0,3,17,14,0,0,5,69,7,16,6,7,16,17,0,3,10,76,911,1702,258,245,464,291,34,81,80,4069
POA2030,25,10,42,18,18,10,0,3,0,128,0,0,0,0,0,0,0,0,0,5,27,33,11,6,16,5,3,3,3,105,25,12,7,3,11,11,0,4,9,81,1300,2225,241,298,588,323,34,80,109,5202
POA2031,79,17,188,89,54,25,11,27,3,492,0,0,8,8,3,0,0,3,0,20,44,89,17,29,29,12,14,9,3,247,26,49,25,25,21,18,10,18,35,224,2754,7071,1366,1145,1687,786,230,387,199,15623
POA2032,13,0,51,26,17,9,3,18,4,144,0,0,3,0,0,0,3,3,0,11,14,21,4,8,5,4,5,6,4,64,8,14,9,9,13,4,8,9,25,91,605,1999,466,446,617,338,128,257,86,4957
POA2033,12,10,59,28,16,8,3,9,0,158,0,0,0,0,4,0,0,0,0,9,10,12,8,11,7,4,0,0,0,61,10,7,3,8,4,4,7,0,8,47,665,1885,389,371,536,281,78,164,61,4433
POA2034,39,10,90,37,41,15,4,10,0,264,0,0,0,0,3,0,0,0,0,7,41,52,4,16,17,10,0,3,8,147,18,33,10,17,17,11,0,6,25,146,1771,4179,749,644,993,504,81,172,154,9253
POA2035,64,20,130,69,74,38,11,23,4,433,0,3,4,3,0,0,0,0,0,15,28,43,22,25,28,5,13,9,8,184,27,29,21,33,29,31,13,15,50,251,2017,4830,1288,1009,1545,777,267,393,215,12341
POA2036,66,18,171,64,49,53,18,37,3,466,0,0,0,0,4,0,0,0,0,9,21,29,15,8,12,16,17,6,5,124,29,27,32,25,21,23,33,32,51,276,1436,2729,1238,881,1316,587,371,409,159,9131
POA2037,23,12,72,37,12,8,8,8,3,193,0,0,0,4,0,0,0,0,0,6,26,60,13,6,20,10,0,3,6,136,14,33,8,10,11,4,7,8,13,108,1155,3379,455,448,744,358,60,155,91,6842
POA2038,14,8,35,16,12,10,0,3,0,97,0,0,0,0,0,0,0,0,0,3,18,35,7,3,16,0,0,0,7,77,12,14,7,3,10,3,5,3,15,63,844,2177,282,248,456,213,45,75,70,4410
POA2039,27,8,49,14,15,10,3,3,0,117,0,0,0,0,0,0,0,0,0,3,17,28,4,4,7,0,0,0,0,71,10,21,3,0,3,4,0,3,9,53,1083,1785,280,200,433,192,29,68,71,4131
POA2040,46,13,103,32,27,22,3,11,3,270,0,0,5,0,0,0,0,0,0,8,40,71,8,6,26,14,6,6,3,178,17,25,10,11,11,18,6,8,34,144,1958,4237,657,600,1050,442,101,171,143,9358
POA2041,37,12,42,17,17,11,0,7,0,144,0,0,0,0,0,0,0,0,0,4,23,55,3,10,15,10,0,0,0,109,15,15,0,10,9,3,3,3,10,61,1756,3364,331,310,682,325,35,66,92,6963
POA2042,54,17,109,63,30,21,6,4,0,300,3,3,0,3,0,0,0,0,0,4,24,88,18,12,38,13,7,3,5,199,15,32,14,16,16,7,3,3,24,137,1503,4667,685,665,1028,465,116,212,140,9463
POA2043,23,6,57,16,8,14,3,4,3,132,3,0,0,0,0,0,0,0,0,4,13,42,5,4,11,7,0,0,0,89,7,11,3,4,5,5,3,4,11,51,822,2195,289,273,490,250,39,56,48,4470
POA2044,23,13,55,16,15,17,3,14,0,154,0,0,0,3,0,0,3,3,0,5,6,25,4,0,6,6,3,3,0,56,11,13,8,7,3,5,0,3,9,66,540,1263,360,275,442,181,87,140,37,3339
POA2045,19,4,33,9,14,5,3,3,0,92,0,0,0,0,0,0,0,0,0,3,9,15,0,3,4,0,0,0,4,34,7,4,9,0,4,9,5,0,10,49,467,998,197,131,271,106,31,46,43,2285
POA2046,75,23,135,47,53,48,12,14,5,404,4,0,3,0,0,3,0,5,0,14,30,44,9,6,27,14,7,5,8,155,23,40,25,10,19,19,7,14,20,177,2242,3936,967,643,1357,679,156,253,161,10386
POA2047,34,12,60,29,27,14,3,3,3,185,0,0,3,0,0,3,0,0,0,7,16,23,3,7,12,12,0,4,0,71,14,9,8,4,11,10,0,7,12,73,1187,2109,361,307,583,310,49,84,76,5055
POA2048,22,3,39,19,12,18,3,3,0,119,0,0,0,0,0,0,0,0,0,0,14,44,3,11,11,3,0,3,4,99,4,5,3,11,0,3,0,3,11,46,618,1824,273,263,446,177,38,83,56,3791
POA2049,22,13,54,21,20,9,7,13,0,151,0,0,0,0,0,0,0,0,0,4,17,51,10,9,22,10,0,0,5,116,7,25,17,10,6,14,3,8,24,98,825,2337,434,366,608,249,67,140,72,5099
POA2050,17,7,44,21,5,14,3,4,3,126,0,0,0,0,0,0,0,0,0,0,17,42,0,6,5,4,0,3,4,81,3,12,3,3,8,4,3,3,11,52,768,2275,293,254,434,228,40,82,57,4425
POA2052,0,3,8,0,0,0,0,0,0,12,0,0,0,0,0,0,0,0,0,0,0,0,0,0,0,0,0,0,4,4,0,0,0,0,0,0,0,0,0,4,15,126,19,44,28,31,6,7,3,281
POA2060,30,11,58,36,22,18,3,8,0,186,0,0,0,0,0,0,0,0,3,3,23,39,5,4,12,14,0,3,0,103,16,26,5,3,10,7,0,7,31,98,1502,3617,321,334,800,335,26,85,127,7158
POA2061,12,4,15,0,8,7,0,3,0,53,0,0,0,0,0,0,0,0,0,0,12,15,0,0,7,3,0,0,0,36,6,8,0,4,5,0,0,0,7,29,715,1464,96,98,332,141,15,25,52,2942
POA2062,18,8,24,11,12,5,0,0,0,92,0,0,0,0,0,0,0,0,0,0,12,11,7,3,10,10,0,0,0,51,9,12,3,0,8,5,0,0,8,46,769,1547,195,169,411,167,18,32,40,3349
POA2063,10,0,11,4,0,5,0,0,0,37,0,0,0,0,0,0,0,0,0,0,5,12,3,0,3,5,0,0,0,31,5,3,0,4,3,3,0,0,0,29,613,1116,84,107,230,136,18,31,41,2369
POA2064,13,9,46,14,8,3,0,6,0,102,0,0,0,0,0,0,0,0,0,6,11,22,8,7,9,3,0,3,0,57,11,23,3,5,9,4,0,3,16,75,700,2026,273,257,487,217,53,93,61,4164
POA2065,79,26,110,47,46,43,6,12,0,364,0,0,0,0,3,4,0,0,0,7,40,82,8,9,31,15,0,3,6,199,15,41,10,6,28,18,3,4,36,160,3089,7681,768,763,1659,777,93,193,218,15238
POA2066,72,25,129,47,45,39,8,22,9,391,3,3,0,3,5,3,0,0,0,13,27,67,10,21,26,15,4,3,3,173,25,33,13,11,18,16,3,4,35,154,2739,6371,852,774,1650,764,146,235,211,13731
POA2067,38,9,141,47,16,28,3,25,3,320,0,3,0,0,0,4,0,3,0,16,21,40,11,14,20,14,8,3,4,136,22,33,7,4,9,10,0,18,32,133,1726,4312,671,579,1155,677,112,293,200,9724
POA2068,29,11,56,18,31,8,5,5,0,173,0,4,0,0,0,0,0,0,0,5,27,32,6,5,13,10,5,3,3,103,14,18,6,5,8,0,3,5,14,76,1528,2779,366,332,781,340,50,97,107,6384
POA2069,13,4,44,18,10,12,3,8,0,112,0,0,0,3,0,4,0,0,0,5,17,32,3,5,12,12,3,0,4,92,4,14,6,7,6,8,0,3,19,69,1225,2540,287,237,628,325,51,73,102,5471
POA2070,14,5,23,11,16,3,4,0,3,77,0,0,0,0,0,0,0,0,0,4,17,18,4,3,24,5,0,3,0,80,6,11,3,3,4,3,0,0,16,57,1104,2365,237,226,625,293,29,64,88,5037
POA2071,13,4,29,9,8,3,0,4,0,73,3,0,0,0,0,0,0,0,0,11,12,30,0,4,20,3,0,0,0,78,10,8,4,0,8,3,0,0,17,50,1104,2288,205,196,625,285,36,57,104,4904
POA2072,10,3,17,12,7,9,0,3,0,60,0,0,0,0,0,0,0,0,0,0,7,20,0,3,3,5,0,0,0,38,9,7,3,3,3,3,0,3,12,48,645,1331,148,136,369,156,26,59,39,2922
POA2073,28,9,31,23,14,9,0,3,0,116,0,0,0,0,0,0,0,0,0,3,24,29,3,3,19,7,0,4,3,93,10,21,3,5,9,3,0,5,21,75,1482,2991,304,284,724,298,47,99,105,6328
POA2074,27,13,47,19,23,20,3,7,0,153,0,0,0,0,0,0,0,0,0,3,27,35,3,8,13,4,0,0,3,98,10,23,9,5,9,8,6,3,10,84,1870,3627,414,443,957,381,65,132,133,8023
POA2075,28,12,45,31,28,20,5,10,3,175,0,0,0,0,0,0,0,0,0,0,22,35,4,3,13,8,0,3,0,89,18,28,10,3,6,5,3,6,16,95,1889,3203,406,363,938,452,66,108,122,7555
POA2076,23,11,64,33,18,12,7,13,0,183,0,3,0,0,0,0,0,0,0,4,33,22,3,8,16,6,7,5,3,104,15,25,7,7,20,13,7,7,20,121,1817,4072,584,530,1185,408,108,184,141,9033
POA2077,54,19,217,73,50,60,19,44,4,533,0,3,0,3,3,0,3,3,0,22,23,60,27,17,26,21,9,12,7,196,16,36,20,19,30,17,12,18,43,206,1959,6129,1506,1367,1904,856,292,609,179,14804
POA2079,13,4,50,17,14,19,0,7,0,126,0,0,0,0,0,0,0,0,0,3,9,4,4,6,3,3,3,3,3,34,5,3,8,3,3,3,0,0,8,39,454,1006,431,245,404,140,75,94,37,2884
POA2080,0,3,10,3,3,3,0,3,0,29,0,0,0,0,0,0,0,0,0,0,0,3,0,0,0,0,3,0,0,6,0,0,0,3,3,0,0,0,0,13,93,223,95,65,83,29,17,31,17,647
POA2081,7,3,19,10,6,4,3,0,0,53,0,0,0,0,0,0,0,0,0,0,3,9,3,3,8,3,0,0,0,34,4,6,3,8,4,6,0,7,11,47,344,738,266,196,320,110,38,80,27,2111
POA2082,6,0,27,14,14,4,0,3,0,75,0,0,0,0,0,0,0,0,0,0,3,8,3,0,3,3,0,0,0,22,4,8,6,4,3,4,3,0,6,35,337,699,330,177,318,103,47,65,21,2095
POA2083,3,0,7,4,3,0,0,0,4,29,0,0,0,0,0,0,0,0,0,0,5,3,3,4,0,0,0,0,0,10,0,4,0,0,3,0,0,0,3,10,104,176,88,49,68,23,10,34,15,560
POA2084,10,3,23,5,7,5,3,3,0,56,0,0,0,0,0,0,0,0,0,3,3,7,4,0,0,0,4,0,0,19,10,3,6,3,0,4,0,0,3,31,281,385,200,84,180,64,32,35,18,1279
POA2085,26,11,48,24,23,15,6,0,0,152,0,0,0,0,0,0,0,3,0,4,5,12,3,3,10,8,3,0,5,47,8,15,3,3,12,8,0,4,16,72,870,1320,416,284,557,236,68,85,58,3894
POA2086,23,12,60,23,36,20,11,11,0,194,0,0,0,0,0,0,0,0,0,0,12,24,0,3,7,3,3,0,0,56,13,14,12,8,18,7,0,5,11,84,1085,1765,538,362,671,293,82,119,59,4969
POA2087,19,8,32,32,22,18,5,3,0,134,0,0,0,0,0,0,0,0,0,0,12,15,4,5,10,3,0,0,0,61,12,14,13,6,7,10,6,0,18,81,967,1739,417,295,553,250,70,90,53,4429
POA2088,50,20,105,36,30,27,4,13,6,287,0,3,0,3,0,0,0,0,0,14,50,61,4,14,29,24,3,0,9,193,30,37,5,6,23,13,0,6,23,138,2901,5108,504,572,1240,689,62,131,238,11449
POA2089,35,10,69,29,19,13,0,6,4,183,0,0,0,0,0,0,0,0,0,8,21,35,0,5,10,8,0,0,0,84,7,15,0,5,8,5,0,0,14,56,1349,2785,342,327,684,345,49,91,102,6073
POA2090,31,9,60,20,28,13,3,7,0,175,0,0,0,0,0,0,0,0,0,0,24,28,4,0,11,9,0,0,3,82,17,27,10,4,18,6,0,0,13,101,1573,2946,358,323,784,371,53,104,103,6607
POA2092,3,3,33,8,18,5,4,3,0,79,0,0,0,0,0,0,0,0,0,0,12,11,4,0,3,6,0,0,0,42,9,9,3,6,7,3,0,0,7,52,712,1117,178,147,329,129,28,41,52,2735
POA2093,52,17,120,32,38,31,16,9,7,314,0,0,3,3,3,4,0,0,0,11,28,34,9,8,21,16,3,3,7,121,12,27,13,14,27,11,3,11,21,135,2090,3488,770,645,1041,585,120,234,131,9104
POA2094,14,8,33,14,11,10,3,3,0,92,0,0,0,0,0,0,0,0,0,0,11,11,3,0,7,3,0,0,0,47,7,3,3,3,9,5,0,0,11,38,604,1156,188,178,269,164,26,51,41,2671
POA2095,41,14,81,35,17,9,3,10,3,214,0,0,0,3,0,0,0,0,0,3,31,39,5,10,15,5,0,5,4,112,20,26,5,10,14,11,3,0,21,104,1690,3267,493,509,700,446,68,131,136,7446
POA2096,48,11,89,35,29,16,9,10,0,249,0,0,0,3,0,0,0,0,0,4,15,36,3,12,18,9,3,3,3,102,17,18,11,5,8,9,3,5,8,89,1412,2437,741,524,692,391,79,157,97,6536
POA2097,45,9,78,38,36,28,9,8,0,254,0,0,0,0,0,0,0,0,0,3,17,23,9,7,7,7,0,3,4,74,17,14,21,8,11,13,4,11,23,113,1190,1847,827,487,793,357,113,186,79,5881
POA2099,134,42,330,121,86,93,40,63,6,916,0,3,6,4,3,6,3,5,0,26,24,47,17,16,35,14,15,8,5,188,27,23,34,48,39,30,23,34,48,302,2550,4347,2282,1691,1856,1115,470,731,206,15246
POA2100,46,12,137,50,38,28,9,20,4,339,0,0,0,0,0,0,0,4,0,7,22,29,7,12,12,3,6,3,9,99,25,19,18,8,15,13,12,16,23,155,1470,2556,1055,654,1038,470,172,274,110,7799
POA2101,32,17,119,48,50,19,7,22,4,319,0,3,0,0,0,0,0,0,0,3,12,28,4,7,9,7,6,5,0,83,20,11,38,13,9,11,11,12,28,144,1356,2246,1202,640,863,392,175,257,126,7251
POA2102,22,4,36,19,32,10,0,3,3,133,0,0,0,0,0,0,0,0,0,5,5,9,0,3,6,3,4,0,0,39,5,6,7,5,7,6,0,10,6,61,530,824,338,269,387,190,68,80,34,2717
POA2103,22,7,55,25,26,17,12,17,0,182,0,0,0,0,0,0,0,0,0,0,3,6,0,4,5,3,4,0,3,34,11,9,8,6,9,10,5,3,23,81,717,1187,522,319,529,270,93,122,61,3813
POA2104,6,0,14,6,4,0,0,4,0,39,0,0,0,0,0,0,0,0,0,0,3,6,0,0,0,0,0,0,0,13,0,3,3,3,6,0,4,0,0,15,257,342,106,74,119,59,18,25,13,1023
POA2105,4,0,5,3,0,3,0,0,0,17,0,0,0,0,0,0,0,0,0,0,0,8,0,0,0,0,0,0,0,8,3,3,3,0,0,0,0,0,6,17,144,268,67,38,68,38,8,19,17,676
POA2106,20,8,51,31,21,13,0,4,0,154,0,3,0,0,0,0,0,0,0,3,11,9,4,8,6,0,3,3,3,57,11,9,8,10,10,3,0,3,12,62,756,1194,498,302,428,247,46,113,66,3641
POA2107,35,18,69,24,35,19,4,7,3,206,0,0,0,0,3,0,0,0,0,3,21,23,3,10,7,5,3,4,3,74,10,13,7,3,9,11,3,9,14,78,1126,1930,680,403,664,335,65,134,99,5420
POA2108,4,0,7,3,4,0,0,3,0,24,0,0,0,0,0,0,0,0,0,0,0,3,0,0,3,0,0,0,0,9,4,3,0,0,3,0,0,0,0,17,140,205,63,34,53,44,4,9,26,569
POA2109,0,0,9,3,0,0,0,3,0,16,0,0,0,0,0,0,0,0,0,0,0,0,0,0,0,3,0,0,0,5,0,0,0,0,0,0,0,0,0,3,94,375,51,86,118,74,9,28,14,849
POA2110,19,3,27,14,18,8,0,0,0,90,0,3,0,0,0,0,0,0,0,0,13,24,0,3,10,8,0,0,0,64,13,16,3,4,6,3,0,3,3,51,873,1496,189,171,426,190,31,42,53,3470
POA2111,33,10,72,32,29,16,7,5,0,199,0,0,0,0,0,0,0,0,0,0,14,28,0,5,9,4,3,3,3,69,17,18,11,8,8,5,0,6,30,107,1213,2208,464,379,789,335,82,121,88,5681
POA2112,47,8,212,64,50,65,12,32,9,494,0,3,0,0,0,3,0,3,0,18,26,44,18,18,26,13,14,5,7,174,16,35,38,19,31,18,7,25,60,244,1927,4591,1420,864,1762,824,290,395,235,12319
POA2113,41,7,78,32,29,16,7,17,3,235,0,0,0,0,0,0,0,0,0,3,11,19,6,3,12,4,4,0,3,72,10,18,6,3,13,11,4,9,16,96,1183,3133,659,459,983,376,113,215,87,7208
POA2114,46,22,173,62,42,32,10,25,10,422,0,3,3,0,0,0,0,3,0,12,16,24,9,8,28,18,3,6,3,110,9,21,14,25,20,12,13,10,29,151,1351,4051,1047,779,1498,599,204,354,156,10039
POA2115,21,3,43,19,27,23,7,10,5,155,0,0,0,0,0,0,0,3,0,3,14,8,6,4,8,0,3,6,0,48,4,14,11,5,3,6,0,7,6,63,507,1032,520,324,485,192,105,143,53,3364
POA2116,10,0,35,11,13,16,4,4,0,97,0,0,0,0,0,0,0,0,0,3,0,7,3,3,3,3,4,0,0,21,0,3,4,3,3,3,3,0,7,31,278,625,350,210,323,132,87,103,39,2145
POA2117,32,4,106,34,48,18,11,21,6,278,0,0,0,0,3,0,3,0,0,12,17,22,6,10,16,4,6,6,0,92,10,12,24,4,21,10,4,18,27,141,1007,2391,877,579,1054,439,210,307,121,6984
POA2118,27,10,89,35,33,37,13,23,3,263,3,0,0,0,0,7,3,3,0,16,12,19,10,7,19,9,10,4,4,95,8,15,10,5,14,8,5,7,35,114,1205,3281,885,587,1162,528,250,286,149,8339
POA2119,13,6,28,11,5,7,3,5,0,84,0,0,0,0,0,0,0,0,0,4,8,15,3,14,4,4,0,0,0,52,5,11,3,6,9,6,0,5,8,47,894,2179,280,212,600,235,47,59,34,4538
POA2120,31,12,57,24,23,13,4,16,0,180,0,0,0,0,0,0,0,0,0,3,15,37,6,3,19,7,0,0,7,106,13,23,8,3,14,3,0,7,23,96,1402,3436,652,532,1044,357,99,188,99,7816
POA2121,26,15,84,32,32,33,4,21,7,248,0,0,3,6,0,0,0,3,0,18,22,41,9,6,22,5,0,8,3,124,13,33,14,20,20,11,11,5,33,156,1641,5035,783,670,1466,588,180,310,158,10833
POA2122,40,5,133,50,36,35,9,26,0,339,3,0,0,4,3,0,0,0,0,11,23,44,21,11,31,10,7,15,4,165,18,33,16,16,26,14,8,15,53,197,1513,4579,1051,769,1558,742,231,402,174,11015
POA2123,0,0,0,0,0,0,0,0,0,0,0,0,0,0,0,0,0,0,0,0,0,0,0,0,0,0,0,0,0,0,0,0,0,0,0,0,0,0,0,0,0,0,0,0,0,0,0,0,0,0
POA2125,16,10,44,19,29,10,0,4,0,136,0,0,0,0,0,0,0,0,0,4,13,26,0,5,15,5,3,0,3,76,16,16,12,5,15,3,0,4,19,102,1327,2704,501,315,922,343,80,109,107,6416
POA2126,20,12,50,23,27,19,4,7,0,160,0,0,0,0,0,0,0,0,0,3,21,26,6,4,18,10,0,3,0,86,13,17,7,6,22,10,3,5,14,96,1383,3033,548,423,1122,379,113,164,91,7250
POA2127,30,5,60,35,31,27,3,11,0,196,0,0,0,0,0,0,0,0,0,4,12,26,3,7,10,10,3,0,3,71,14,16,12,4,11,12,6,3,19,110,1209,2483,480,432,939,411,114,149,115,6327
POA2128,5,0,14,3,6,0,0,4,0,33,0,0,0,0,0,0,0,0,0,0,0,3,3,0,3,0,3,0,0,16,3,0,3,0,0,0,0,3,5,15,103,198,122,73,126,46,34,47,16,770
POA2129,0,0,0,0,0,0,0,0,0,0,0,0,0,0,0,0,0,0,0,0,0,0,0,0,0,0,0,0,0,0,0,0,0,0,0,0,0,0,0,0,0,0,0,0,0,0,0,0,0,0
POA2130,18,0,37,20,12,13,5,7,0,109,0,0,0,0,0,0,0,4,0,5,10,20,6,3,5,3,0,0,0,50,8,6,3,0,6,4,3,7,10,46,493,1563,275,247,415,166,48,104,42,3355
POA2131,43,13,167,55,44,30,24,33,4,406,0,0,9,9,3,3,3,9,0,29,23,38,13,14,37,13,9,6,3,158,12,20,16,26,20,4,3,23,38,166,1036,3503,943,964,1221,613,283,593,165,9323
POA2132,25,6,54,16,3,11,0,9,0,131,0,0,0,0,0,0,0,0,0,4,5,23,3,5,8,5,3,0,5,59,12,13,8,7,13,0,9,3,21,91,569,1555,348,283,500,243,87,128,71,3779
POA2133,19,5,67,26,28,17,4,15,3,182,0,0,3,0,3,0,0,3,0,11,6,12,3,3,6,3,3,5,0,47,11,12,16,9,9,10,3,4,12,81,527,1297,490,316,528,245,107,162,51,3734
POA2134,12,6,115,37,10,19,3,26,8,234,0,6,4,3,0,4,0,3,0,21,11,14,7,6,10,12,0,8,5,73,7,13,10,8,6,6,3,16,16,95,610,1878,483,515,686,475,127,333,113,5221
POA2135,27,7,154,50,24,29,8,31,6,347,0,0,5,3,0,5,0,7,0,29,12,27,11,14,27,10,8,7,9,118,24,15,20,17,21,10,0,19,39,163,1125,3925,845,690,1157,719,201,524,211,9396
POA2136,9,4,33,30,6,9,5,3,0,109,0,0,0,3,0,0,0,0,0,8,4,7,3,0,15,3,3,0,0,40,8,5,3,5,9,3,6,11,13,67,338,924,298,206,409,173,104,96,39,2582
POA2137,59,17,116,60,56,39,13,26,0,391,0,0,0,4,0,0,0,0,0,16,35,32,6,13,25,4,0,3,4,129,23,30,17,19,29,12,8,19,36,201,1880,3758,969,614,1407,640,189,299,179,9948
POA2138,47,3,110,41,26,26,3,5,3,273,3,0,0,0,0,3,0,0,0,4,13,33,7,7,18,7,0,8,7,87,10,20,9,10,8,16,10,10,33,122,1329,3393,627,469,1118,603,123,212,129,8013
POA2139,0,0,0,0,0,0,0,0,0,0,0,0,0,0,0,0,0,0,0,0,0,0,0,0,0,0,0,0,0,0,0,0,0,0,0,0,0,0,0,0,0,7,0,0,0,0,0,0,0,10
POA2140,34,7,125,58,21,23,15,29,0,326,0,0,3,3,0,0,4,0,0,10,6,21,3,7,16,11,9,10,3,79,10,11,12,6,14,9,4,22,29,124,650,2303,630,553,791,478,237,399,129,6165
POA2141,26,4,189,64,37,32,25,40,7,431,0,0,9,0,3,0,3,10,3,28,7,20,12,16,14,5,5,9,11,92,9,21,53,25,22,18,20,46,83,293,773,2354,1141,828,1093,521,418,648,235,8020
POA2142,32,15,117,52,30,23,35,34,5,343,4,0,3,4,3,3,0,11,0,28,14,17,13,8,12,14,15,21,3,124,10,21,38,16,18,21,22,33,46,215,633,1934,966,850,999,557,492,647,165,7242
POA2143,12,0,40,15,18,8,4,7,0,114,0,0,0,0,4,0,0,0,0,7,3,8,0,3,3,6,0,8,0,28,3,4,10,4,14,4,3,7,15,58,249,570,302,219,317,148,122,169,51,2142
POA2144,18,3,171,48,28,32,21,35,3,377,0,0,11,7,0,6,9,21,0,54,9,18,22,10,15,7,15,16,5,121,23,15,56,30,18,14,28,52,69,297,620,1729,1252,1004,822,759,551,987,205,7923
POA2145,95,33,273,117,125,91,80,73,17,891,3,6,4,0,3,3,3,10,3,39,43,48,35,44,63,29,61,38,8,378,41,50,81,37,76,41,51,67,94,538,3081,8912,3029,2109,4054,1564,1289,1275,457,25758
POA2146,21,5,66,21,34,14,12,25,5,212,0,0,0,0,0,3,3,0,0,10,6,17,14,4,20,0,14,12,3,93,8,9,17,18,19,10,16,25,22,140,602,1786,826,540,968,303,280,357,115,5782
POA2147,58,13,152,75,69,57,40,43,9,517,0,0,0,3,3,0,0,5,3,18,13,27,15,20,33,11,30,17,3,167,15,17,46,34,24,19,40,39,70,307,1347,3161,1813,1114,1711,635,624,606,223,11233
POA2148,96,24,333,147,115,79,125,107,16,1036,9,3,3,4,4,3,10,17,0,50,24,42,49,40,40,28,58,53,13,348,36,46,80,54,68,37,78,73,99,566,1789,4306,2999,2138,2792,1168,1560,1511,346,18609
POA2150,38,7,178,58,38,44,52,49,8,475,6,0,3,3,3,3,0,3,0,18,17,38,19,19,21,22,25,15,7,180,15,31,20,17,21,13,17,14,42,194,1275,5118,1090,928,1568,887,580,739,247,12437
POA2151,29,17,98,37,32,27,20,16,6,281,0,0,4,0,0,3,0,8,0,16,16,22,13,8,15,3,3,8,0,94,13,20,13,13,23,3,7,10,35,135,1023,2799,831,606,1129,433,256,255,114,7441
POA2152,9,3,33,22,23,15,13,15,6,144,0,0,0,0,0,0,0,0,0,4,10,11,0,5,8,3,5,3,0,50,16,10,12,0,11,6,8,5,18,80,583,1602,450,329,573,207,151,156,81,4126
POA2153,85,31,204,99,133,77,23,37,10,707,0,4,0,0,5,3,3,0,3,22,52,76,24,29,55,22,10,7,3,286,36,44,45,24,47,33,14,14,77,326,3563,7883,2369,1541,3173,1194,484,613,356,21166
POA2154,70,27,118,58,68,62,9,28,5,447,0,0,0,3,3,3,0,3,0,10,35,41,15,11,35,16,10,8,4,177,31,36,31,16,39,25,10,15,39,233,2929,5486,1371,943,1977,925,247,333,213,14419
POA2155,116,34,238,122,126,89,33,41,15,805,4,0,4,3,4,0,0,0,0,13,52,63,28,25,41,27,24,18,4,279,47,46,37,23,49,33,14,19,65,334,3806,7132,2362,1570,3165,1331,544,613,363,20886
POA2156,18,8,60,25,26,29,3,4,0,179,0,0,0,0,0,0,0,0,0,0,12,6,4,4,8,0,3,8,0,43,17,12,10,3,19,3,9,0,19,84,1055,1421,602,294,664,304,82,128,71,4621
POA2157,17,3,27,4,12,11,0,3,0,65,0,0,0,0,0,0,0,0,0,0,4,3,3,0,0,0,0,0,0,10,6,3,4,3,6,0,4,6,9,41,244,303,254,67,164,74,41,63,14,1222
POA2158,13,7,36,12,25,4,0,6,0,107,0,0,0,0,0,0,0,0,0,0,3,3,3,3,10,3,0,0,3,31,4,8,10,4,3,3,0,5,12,50,643,983,363,214,434,188,57,95,53,3032
POA2159,5,0,36,4,15,10,0,3,0,75,0,0,0,0,0,0,0,0,0,3,4,6,0,0,0,0,3,0,0,19,7,3,5,4,8,0,0,0,7,32,342,517,297,143,245,107,36,71,24,1774
POA2160,36,11,144,62,46,41,37,35,4,424,0,0,5,5,0,0,7,4,0,28,7,10,17,14,13,13,15,4,0,101,19,19,52,29,35,13,29,50,57,307,873,2042,1397,991,1271,595,562,610,203,8533
POA2161,29,11,101,41,43,25,16,25,4,297,0,0,7,3,0,0,3,5,0,16,10,9,6,8,19,13,12,4,8,93,16,23,42,19,14,17,41,35,59,260,594,1355,1162,750,948,384,419,418,181,6199
POA2162,15,5,51,38,18,19,10,17,0,158,3,0,0,0,0,0,0,4,0,12,3,3,8,3,4,0,7,4,3,42,7,13,18,21,11,8,13,31,36,158,353,935,635,444,564,247,256,245,88,3764
POA2163,3,0,15,23,6,3,5,9,0,67,0,0,0,0,0,0,0,0,0,4,0,6,3,0,3,0,3,0,0,18,0,7,10,8,3,10,16,20,6,81,88,277,238,199,216,83,124,122,35,1387
POA2164,19,3,71,36,34,23,16,16,3,222,0,0,0,0,3,3,0,5,0,12,7,6,3,0,4,3,0,8,0,38,10,15,33,17,18,19,32,29,34,210,391,920,808,464,645,271,306,290,86,4175
POA2165,34,5,132,91,33,40,26,50,4,410,0,3,4,3,0,0,5,3,0,24,3,6,19,5,12,15,15,9,5,84,21,16,55,24,32,22,39,43,52,305,533,1525,1226,870,1050,482,540,572,175,6980
POA2166,43,11,159,156,44,45,21,50,10,545,0,3,3,5,0,3,4,8,0,28,9,21,14,17,11,4,18,16,6,119,16,20,56,47,22,40,61,87,91,437,643,1885,1278,1157,1159,575,662,774,245,8373
POA2167,9,0,40,17,21,13,13,24,0,133,0,0,0,0,0,0,0,0,0,3,7,4,7,8,3,0,11,7,0,46,3,10,10,6,11,3,10,12,9,80,300,936,429,346,518,184,192,199,43,3141
POA2168,39,6,142,87,49,37,28,62,3,452,0,0,5,3,0,3,5,9,3,27,12,11,21,16,16,9,14,9,9,114,27,27,53,33,47,39,62,78,100,453,677,1597,1470,1043,1237,527,643,682,248,8125
POA2170,111,33,400,226,170,114,89,126,9,1276,3,5,13,3,6,10,16,9,3,74,42,50,65,40,66,15,42,46,9,378,53,63,134,70,91,75,105,108,160,857,2725,6308,4234,2793,3894,1641,1787,1651,561,25603
POA2171,50,18,162,75,73,48,29,27,9,492,0,0,0,3,3,3,3,3,0,12,23,24,14,15,24,8,18,10,11,141,19,26,48,16,56,31,29,34,43,285,1230,2726,1752,956,1703,677,576,454,189,10262
POA2172,3,0,3,5,8,0,0,4,0,30,0,0,0,0,0,0,0,0,0,3,0,3,4,0,5,0,0,0,0,15,0,0,0,0,4,3,0,4,6,23,205,349,167,103,164,54,17,37,23,1123
POA2173,27,3,71,45,37,18,4,12,3,218,0,0,0,0,0,0,0,3,0,4,12,9,8,26,13,3,6,7,0,82,7,5,13,12,18,4,8,7,25,106,647,1516,839,650,901,272,235,187,83,5317
POA2174,9,0,7,3,0,3,3,4,0,26,0,0,0,0,0,0,0,0,0,0,3,0,0,0,0,3,0,0,0,9,3,0,0,0,3,0,0,0,4,15,99,229,90,60,103,47,47,28,19,725
POA2175,0,0,3,9,11,4,3,0,0,34,0,0,0,0,0,0,0,0,0,0,0,0,0,0,0,0,0,3,0,3,3,0,3,0,3,0,0,0,0,18,70,90,99,35,88,26,25,18,11,463
POA2176,51,20,167,100,80,63,24,50,9,563,0,3,3,0,8,3,3,8,3,29,9,18,23,5,26,6,18,17,11,136,38,26,65,20,40,31,39,32,54,333,1235,2856,1997,1065,1823,701,594,648,250,11164
POA2177,13,9,62,29,27,25,8,19,3,188,0,0,0,0,0,3,0,0,0,7,0,6,10,0,10,4,6,8,3,42,6,13,20,11,18,7,21,17,11,116,289,766,608,327,525,214,252,202,54,3242
POA2178,9,0,30,4,23,8,0,0,0,79,0,0,0,0,0,0,0,0,0,0,0,3,0,3,3,0,3,0,3,13,14,3,10,4,3,3,0,8,7,45,210,208,252,93,184,63,73,71,29,1182
POA2179,14,3,21,12,12,8,6,6,0,84,0,0,0,0,0,0,0,0,0,0,6,3,3,3,9,0,0,0,0,25,8,3,12,7,10,9,14,9,7,76,249,338,313,141,223,109,110,74,39,1591
POA2190,27,7,92,39,29,31,9,22,6,266,0,0,0,0,4,0,0,0,0,13,3,12,5,7,10,11,4,9,4,80,16,19,42,23,13,16,33,15,37,214,585,1363,864,554,747,407,312,263,124,5221
POA2191,12,3,29,12,8,9,7,13,0,100,0,0,0,0,0,0,0,0,0,4,3,4,0,0,4,0,5,0,0,24,8,3,3,5,9,3,0,7,12,48,239,501,281,175,275,131,65,97,42,1804
POA2192,17,3,69,27,28,18,17,16,4,203,0,0,3,0,0,0,3,3,0,7,4,12,3,8,7,0,5,8,3,45,8,9,19,13,14,12,8,24,21,131,297,777,499,419,506,249,210,269,68,3301
POA2193,28,6,103,42,27,29,4,14,3,260,0,4,0,0,0,0,0,3,0,6,20,18,11,5,25,7,7,4,0,97,6,13,11,11,14,9,3,18,21,118,780,1936,668,507,753,330,157,318,82,5551
POA2194,47,10,183,68,35,36,25,44,3,448,0,0,8,9,0,3,3,5,4,31,5,17,13,26,18,6,11,11,4,114,8,18,21,12,22,22,29,29,55,222,611,1612,933,927,890,669,412,728,135,6913
POA2195,26,7,110,38,15,28,62,33,6,320,0,4,8,4,0,0,7,13,3,30,7,7,11,27,10,13,20,19,8,123,9,8,23,18,15,14,26,37,39,199,455,1202,753,864,637,626,792,610,181,6114
POA2196,29,5,119,55,42,24,28,25,9,341,0,0,5,3,0,3,0,3,0,21,12,16,16,12,12,4,13,8,8,103,17,15,37,19,24,35,26,40,47,258,753,1636,1161,833,978,582,532,453,153,7074
POA2197,9,0,32,14,11,10,12,7,0,103,0,0,0,0,3,0,0,0,0,4,0,9,3,0,3,0,0,3,0,22,5,4,14,5,8,4,8,5,13,70,215,487,348,210,276,124,108,101,41,1920
POA2198,21,0,38,17,15,13,6,7,6,126,0,0,0,0,0,0,0,0,0,4,3,3,3,0,7,0,4,3,3,25,5,3,8,8,5,8,3,9,13,72,292,580,360,221,317,173,95,97,42,2171
POA2199,25,0,60,44,30,18,16,19,3,214,0,0,0,0,0,0,0,0,0,3,6,9,7,3,4,0,7,3,0,41,10,3,17,15,14,13,17,24,20,137,355,956,644,425,571,269,225,238,76,3763
POA2200,44,9,184,95,54,48,42,52,9,545,0,0,3,0,0,3,3,7,0,23,14,12,20,13,21,15,20,14,7,136,24,31,45,47,26,29,45,60,69,378,922,2469,1394,1212,1291,738,670,691,212,9592
POA2203,21,14,85,30,24,24,3,20,4,232,0,3,0,0,0,0,0,3,0,9,23,52,8,3,33,7,3,3,0,132,11,21,10,7,14,7,14,3,21,112,946,2461,548,451,758,322,111,171,76,5833
POA2204,27,25,158,61,39,43,10,27,0,388,0,0,3,0,3,0,0,3,0,22,45,76,14,12,37,18,14,5,11,234,14,50,23,25,20,14,11,20,39,220,1491,4383,1092,889,1252,622,223,421,148,10523
POA2205,42,12,161,60,31,27,22,26,3,387,0,0,3,3,0,0,0,7,0,10,12,13,16,11,13,6,11,15,4,91,10,18,29,10,12,13,5,18,43,168,948,2355,813,680,1000,561,269,575,133,7342
POA2206,30,12,86,47,35,29,11,6,3,257,3,0,3,0,0,0,0,9,0,15,18,38,7,3,20,3,6,3,10,106,8,22,19,18,25,6,16,13,34,160,988,2112,784,476,882,354,187,216,109,6112
POA2207,41,10,148,65,39,38,15,31,4,396,0,0,3,0,3,0,3,0,3,9,17,24,14,8,21,11,7,4,7,123,16,30,31,15,35,14,21,28,36,219,1119,2647,1127,764,1275,547,371,409,141,8403
POA2208,17,3,61,16,17,15,4,9,3,153,0,0,0,0,0,0,0,0,0,7,3,8,0,0,13,6,5,3,3,43,12,22,16,12,9,6,4,13,23,115,505,1129,534,265,585,245,154,179,75,3661
POA2209,21,5,64,44,28,26,9,15,0,220,0,0,3,0,0,3,4,0,0,8,7,13,6,4,11,3,6,5,0,52,10,22,21,13,11,10,17,14,24,131,565,1443,583,442,707,317,200,214,97,4569
POA2210,36,14,122,71,42,49,18,25,5,384,0,5,3,7,0,3,5,0,0,18,17,19,10,11,19,10,9,11,3,104,20,25,27,26,27,16,19,20,48,224,1184,2619,1236,846,1327,605,359,428,157,8758
POA2211,28,3,68,43,35,25,3,15,3,233,0,0,0,0,0,0,0,0,0,5,11,19,7,4,13,10,8,3,0,63,8,10,15,8,15,7,13,9,27,110,642,1500,789,408,834,334,234,232,89,5070
POA2212,27,5,76,29,28,20,13,18,4,224,0,3,7,0,0,0,0,0,0,13,9,10,4,3,9,4,8,6,4,70,5,14,21,17,20,13,11,5,21,124,571,1301,757,444,755,258,227,218,86,4629
POA2213,38,11,98,53,55,27,10,14,0,317,0,0,3,0,0,0,0,0,0,7,7,12,15,6,7,10,8,3,0,62,12,22,12,9,35,18,12,17,29,173,995,1976,1133,606,1106,445,281,268,110,6912
POA2214,5,0,17,14,8,6,0,4,0,54,0,0,0,0,0,0,0,0,0,0,4,3,0,0,5,0,0,0,0,15,3,6,3,0,3,3,0,3,5,27,148,302,247,126,206,60,57,56,15,1211
POA2216,63,16,234,67,53,46,17,42,6,552,3,3,3,3,0,4,3,12,3,31,13,22,6,23,33,13,14,17,3,145,18,10,37,15,27,28,20,46,59,266,1150,2570,1292,1053,1301,839,474,937,184,9793
POA2217,49,11,189,68,54,48,33,47,5,506,0,0,4,3,4,0,3,6,0,25,15,22,14,21,19,15,10,10,6,128,21,20,14,29,19,10,5,34,37,194,1119,3096,1143,993,1251,696,388,691,168,9554
POA2218,35,9,93,39,21,35,15,18,3,267,0,0,0,3,0,0,9,7,0,19,12,17,6,8,10,6,4,11,0,76,13,12,20,7,13,8,19,14,26,144,646,1754,690,604,791,518,263,379,102,5739
POA2219,32,8,67,42,32,26,8,17,4,221,0,0,0,0,0,0,0,0,0,8,14,16,6,5,12,3,3,5,3,55,23,15,15,16,14,8,13,16,26,135,725,1262,554,350,705,337,136,157,69,4293
POA2220,47,16,220,61,38,54,16,49,7,504,4,0,3,7,3,5,3,13,0,34,13,19,14,15,19,21,5,15,3,120,26,30,28,23,20,33,14,25,55,251,1184,3203,1222,1044,1492,979,371,762,196,10465
POA2221,26,8,63,29,35,24,6,18,0,197,0,0,0,0,0,0,0,0,0,8,8,20,4,8,18,4,3,0,0,66,16,19,6,5,18,9,5,10,22,119,965,1893,556,399,786,369,158,171,96,5398
POA2222,11,9,94,32,20,16,10,13,3,203,0,0,0,0,3,0,0,0,3,9,12,10,7,5,7,4,8,9,3,62,8,10,20,13,13,17,4,9,15,103,532,1434,532,481,711,326,159,250,82,4517
POA2223,45,3,121,37,49,26,9,13,0,295,0,0,0,0,0,0,0,6,0,11,21,27,3,8,22,9,11,3,0,106,19,25,14,19,14,13,13,12,22,147,1222,2894,862,596,1163,468,200,273,108,7796
POA2224,35,9,75,37,40,23,12,12,4,254,3,0,0,3,0,0,0,0,3,12,18,9,7,0,9,4,3,0,3,58,20,13,23,3,20,10,6,8,16,109,869,1298,629,336,689,311,125,133,78,4468
POA2225,3,0,13,9,17,9,7,3,0,58,0,0,0,0,0,0,0,0,0,5,6,7,0,3,7,4,0,0,0,31,3,5,3,3,3,4,3,0,7,41,438,727,255,125,285,117,31,59,23,2054
POA2226,14,13,50,26,34,23,6,6,0,171,0,3,0,0,0,0,0,0,0,4,5,21,4,9,12,4,3,3,3,63,10,10,3,7,16,3,6,4,12,76,776,1689,585,419,690,226,106,125,60,4677
POA2227,27,12,61,27,52,32,7,13,0,240,0,3,0,0,0,0,0,3,0,10,9,18,4,11,19,4,5,0,0,74,11,8,9,12,23,8,3,7,22,110,1015,1603,850,499,817,320,113,148,74,5454
POA2228,55,13,100,56,45,44,10,26,0,354,0,0,0,3,0,0,0,0,0,10,13,13,5,10,19,10,3,3,3,78,8,23,24,16,20,17,4,9,32,146,941,1855,910,655,855,421,191,237,107,6166
POA2229,40,21,151,75,69,54,17,24,0,452,0,0,0,0,0,3,0,0,0,5,24,24,13,11,24,11,11,0,12,124,22,23,21,25,30,26,10,11,46,205,1776,3110,1490,976,1431,640,261,310,167,10173
POA2230,76,17,163,97,72,54,21,23,6,535,0,0,0,0,0,0,0,0,0,5,17,43,13,15,16,3,3,13,8,125,28,25,20,29,27,17,8,9,30,198,2081,3662,1690,1203,1499,723,249,372,153,11640
POA2231,3,0,11,8,7,3,0,3,0,43,0,0,0,0,0,0,0,0,0,4,0,0,0,0,0,0,0,0,0,6,9,4,0,0,4,4,5,4,0,36,88,140,191,80,88,44,38,43,7,720
POA2232,59,14,190,81,78,55,23,34,4,539,0,0,3,0,5,0,3,0,0,16,12,26,5,10,24,8,17,3,0,114,19,32,31,24,31,24,12,11,45,235,1842,4050,1871,1221,1832,712,345,395,198,12475
POA2233,52,10,171,78,76,58,16,23,7,485,0,3,0,0,0,0,0,3,0,6,13,27,9,10,17,7,9,6,0,106,19,19,25,17,39,15,7,10,24,175,1494,2902,2005,1214,1575,575,325,385,121,10592
POA2234,53,21,134,72,78,46,22,25,6,457,3,4,0,0,3,0,0,3,0,13,19,26,9,10,18,4,7,7,8,101,24,23,28,8,29,28,3,8,50,199,1995,3676,1705,961,1791,741,291,370,181,11711
POA2250,131,31,407,186,124,127,45,97,6,1163,0,0,0,3,0,3,0,0,0,15,46,40,23,22,38,12,23,12,5,222,59,42,85,64,65,47,38,70,98,566,2546,5959,3270,2462,2734,1281,713,1150,326,20436
POA2251,60,21,190,83,66,54,17,43,5,529,0,3,0,3,0,3,0,0,0,10,15,33,12,12,16,8,0,6,5,106,16,24,35,26,21,15,14,18,29,207,1414,3097,1777,1213,1266,630,257,455,127,10231
POA2256,20,9,79,38,21,23,13,27,0,238,0,0,0,0,0,0,0,0,0,3,3,12,7,3,4,7,6,0,3,47,8,8,22,11,12,10,7,19,24,132,481,1017,666,499,507,275,131,239,74,3898
POA2257,43,10,173,84,58,59,11,41,6,488,0,0,0,0,0,3,0,4,0,3,8,20,10,13,9,3,15,3,8,87,23,24,39,39,39,20,27,45,32,284,909,1887,1397,1002,1006,433,273,475,126,7502
POA2258,10,0,21,11,15,11,3,10,0,74,0,0,0,0,0,0,0,0,0,0,3,5,0,0,3,0,0,0,3,22,8,4,7,6,5,5,5,5,3,51,242,501,274,199,252,94,77,86,16,1738
POA2259,108,29,324,167,113,118,48,96,14,1022,3,4,3,0,6,3,0,3,0,15,23,25,33,24,18,5,24,19,3,167,47,19,88,57,49,42,60,87,64,507,1726,3113,3018,2228,1890,1006,837,1061,263,15144
POA2260,57,24,146,90,59,41,9,18,3,439,0,0,3,3,3,0,0,0,0,11,4,24,9,9,18,4,0,3,4,79,18,26,21,20,19,22,3,15,21,167,1297,2906,1174,832,963,456,139,273,112,8144
POA2261,110,16,361,169,108,100,35,86,9,985,0,3,0,0,3,0,3,3,0,12,17,11,30,19,18,9,15,9,3,131,18,33,72,56,50,64,35,61,57,437,1666,3321,2914,1946,1749,987,554,948,236,14330
POA2262,44,15,137,66,37,45,16,39,3,404,0,0,0,0,0,0,0,3,0,7,6,4,3,11,3,0,11,3,0,45,12,17,25,25,15,23,22,38,23,200,457,763,1023,810,542,346,317,420,86,4763
POA2263,39,11,140,68,43,46,25,36,0,396,0,0,0,3,0,0,3,0,0,3,3,9,4,5,3,3,11,5,9,56,8,22,45,27,22,21,21,47,16,229,473,1015,1116,805,586,381,296,428,79,5178
POA2264,23,8,68,41,19,21,10,24,3,215,0,0,0,0,0,0,0,0,0,3,3,9,5,5,0,3,5,0,3,33,5,6,30,9,7,11,12,14,16,110,373,915,762,459,432,222,178,240,63,3649
POA2265,7,0,22,4,6,11,0,9,0,68,0,0,0,0,0,0,0,3,0,3,0,4,0,0,0,0,4,0,0,11,4,11,4,7,3,5,0,8,3,34,162,504,308,169,203,83,72,127,31,1674
POA2267,8,4,16,4,4,3,0,8,0,44,0,0,0,0,0,0,0,0,0,0,0,0,4,0,0,0,0,0,6,11,3,3,0,0,0,3,3,0,0,16,85,200,150,89,87,38,38,47,8,750
POA2278,5,0,17,3,3,9,3,3,0,47,0,0,0,0,0,0,0,0,0,0,0,0,3,0,0,0,0,3,0,10,0,3,0,0,3,0,0,3,0,13,56,108,217,85,104,43,70,64,16,766
POA2280,27,18,173,56,47,35,11,35,3,408,0,0,0,0,0,0,0,0,0,7,5,14,12,13,12,5,9,6,3,89,16,17,24,25,23,17,12,22,24,177,942,2178,1558,907,1062,427,330,391,82,7866
POA2281,18,5,77,27,25,16,9,18,4,201,0,0,0,0,0,3,0,0,0,3,4,4,7,7,4,0,3,4,0,38,6,5,12,6,11,8,17,14,12,88,474,898,797,447,471,206,190,243,58,3780
POA2282,25,3,89,39,35,16,14,15,0,235,0,0,0,0,0,0,0,0,0,0,3,11,12,3,3,0,4,4,0,51,9,9,10,7,11,12,11,7,9,76,623,1640,762,476,673,234,174,178,49,4798
POA2283,32,12,131,55,43,38,21,39,5,385,0,0,0,0,0,0,0,0,0,0,5,9,12,8,10,3,11,8,4,74,10,12,26,23,16,20,9,18,18,157,681,1610,1183,807,782,363,347,371,97,6239
POA2284,16,3,72,24,14,22,9,24,0,177,0,0,0,0,0,0,0,0,0,4,3,3,4,5,0,3,0,8,3,31,3,3,12,8,8,10,10,9,10,74,290,696,570,394,350,170,168,182,45,2862
POA2285,53,28,207,78,56,52,21,43,6,551,0,0,0,0,0,3,0,3,0,10,12,17,18,6,18,9,19,5,3,96,16,14,52,36,23,18,14,28,30,235,946,2344,1936,1142,1312,533,500,478,128,9317
POA2286,3,4,19,9,11,10,6,10,0,65,0,0,0,0,0,0,0,0,0,0,0,3,0,0,0,0,0,0,0,5,3,0,10,0,0,0,5,11,3,33,80,202,271,150,119,37,93,83,11,1049
POA2287,54,13,226,78,55,70,40,48,9,590,0,6,3,0,0,0,0,3,0,13,15,36,19,7,16,3,19,5,4,119,15,33,35,33,28,13,23,35,38,251,1035,3215,1924,1309,1387,558,542,580,148,10696
POA2289,31,11,120,35,31,35,18,20,10,307,0,0,0,3,0,0,0,0,0,4,8,18,7,9,12,9,9,4,0,80,8,11,20,6,26,10,7,12,18,114,868,2499,1024,607,886,294,214,281,90,6757
POA2290,57,11,204,62,64,57,22,45,3,538,0,0,0,0,0,0,0,0,0,10,15,15,8,9,10,3,4,5,6,75,22,26,36,27,22,24,19,25,28,230,1191,3360,1851,1166,1369,556,385,489,137,10488
POA2291,17,13,83,36,27,8,4,9,3,203,0,0,0,0,0,0,0,0,0,3,9,12,3,4,9,3,6,0,5,63,13,13,10,16,13,6,4,9,5,86,786,2399,615,454,587,238,111,136,50,5378
POA2292,0,0,29,3,4,12,0,0,0,49,0,0,0,0,0,0,0,0,0,0,3,0,0,3,3,4,4,0,0,12,0,9,0,4,0,0,0,0,4,19,89,310,141,107,116,55,25,52,11,906
POA2293,5,4,27,12,4,3,0,5,0,62,0,0,0,0,0,0,0,0,0,0,0,4,4,0,0,0,0,0,0,12,0,3,4,3,0,4,0,4,3,16,128,438,118,130,126,43,18,30,22,1063
POA2294,9,0,18,0,5,6,0,0,0,39,0,0,0,0,0,0,0,0,0,0,0,3,0,0,3,0,0,0,0,9,0,3,0,0,3,0,0,0,0,7,78,294,110,86,87,33,37,34,6,766
POA2295,13,0,38,10,16,11,7,4,0,92,0,0,0,0,0,0,0,0,0,0,6,13,3,3,0,0,3,0,0,31,3,0,7,8,5,5,3,5,7,48,204,506,356,204,229,70,94,94,25,1788
POA2296,5,0,24,9,3,3,3,4,0,47,0,0,0,0,0,0,0,0,0,0,0,3,0,3,4,0,0,0,0,17,0,3,4,3,3,0,0,0,3,17,76,279,115,117,93,36,20,28,9,769
POA2297,0,3,19,8,3,0,0,5,0,32,0,0,0,0,0,0,0,0,0,0,0,3,0,0,0,0,0,0,0,9,0,0,0,0,0,0,0,0,0,10,49,240,79,82,49,22,19,31,6,583
POA2298,9,5,65,36,15,17,7,14,0,163,0,0,0,0,0,0,0,0,3,9,3,11,3,7,6,0,0,3,0,37,7,3,3,7,8,5,11,7,10,58,245,985,445,409,371,194,101,165,28,2942
POA2299,14,3,51,29,23,5,8,7,0,140,0,0,0,0,0,0,0,3,0,3,5,5,7,6,0,3,3,0,0,29,3,13,11,10,4,0,3,11,6,62,317,1165,489,438,332,192,124,186,36,3287
POA2300,26,8,65,23,19,8,8,15,3,176,0,0,0,0,0,0,0,0,0,3,8,17,6,9,7,0,3,0,0,46,5,14,5,0,8,0,4,5,12,52,602,2291,445,382,456,199,59,86,54,4570
POA2302,0,0,3,3,0,0,0,0,0,9,0,0,0,0,0,0,0,0,0,0,3,0,0,0,0,0,0,0,0,3,0,0,0,0,0,0,0,0,3,5,23,89,22,12,26,10,9,3,8,212
POA2303,19,3,45,31,10,17,3,3,0,134,0,0,0,0,0,0,0,0,0,0,0,16,3,0,4,3,0,0,0,35,3,12,12,0,3,3,7,4,8,56,455,1283,335,288,350,143,75,85,36,3049
POA2304,26,4,111,46,22,30,4,27,3,281,0,0,0,0,0,0,0,10,0,16,3,19,9,6,4,3,0,6,0,57,5,11,15,9,3,3,9,18,17,89,434,1615,743,631,585,284,172,253,57,4771
POA2305,22,0,71,35,30,22,5,15,3,192,0,0,0,0,0,0,0,0,0,0,4,9,9,3,10,6,4,4,0,50,11,9,13,3,7,12,6,7,23,98,530,1834,562,408,571,210,106,132,68,4416
POA2306,6,0,7,3,0,4,0,4,0,24,0,0,0,0,0,0,0,0,0,0,0,0,0,0,0,0,0,0,0,5,0,3,3,0,0,0,0,8,3,16,21,43,63,56,31,22,27,44,10,324
POA2307,4,0,19,5,9,3,3,10,0,53,0,0,0,0,0,0,0,0,0,6,0,0,0,0,3,3,0,3,3,11,0,0,5,0,3,7,3,12,3,32,57,235,210,143,123,65,63,84,17,1006
POA2308,0,0,0,3,0,3,0,0,0,8,0,0,0,0,0,0,0,0,0,0,0,0,0,0,0,0,0,0,0,0,0,0,0,0,0,0,0,0,0,0,5,8,0,23,3,16,4,3,0,63
POA2311,0,0,7,0,0,0,0,5,0,14,0,0,0,0,0,0,0,0,0,0,0,0,0,0,0,0,0,0,0,0,3,0,3,0,0,0,0,0,0,11,47,34,44,19,27,13,19,21,0,221
POA2312,0,0,7,0,0,3,4,4,0,19,0,0,0,0,0,0,0,0,0,0,0,0,0,0,0,0,0,0,0,0,0,0,0,0,0,0,3,0,6,11,37,58,71,40,37,19,23,25,6,318
POA2314,0,0,0,3,0,0,0,0,0,4,0,0,0,0,0,0,0,0,0,0,3,0,0,4,0,0,0,0,0,8,0,0,0,0,0,0,0,0,0,0,10,14,17,27,7,0,0,0,0,81
POA2315,24,6,104,68,27,29,11,26,5,292,0,0,0,0,0,0,0,0,0,0,9,6,13,6,9,3,4,4,3,43,8,4,15,8,10,4,5,17,17,90,493,880,728,485,432,238,113,239,61,3668
POA2316,9,3,31,18,10,11,7,14,0,109,0,0,0,0,0,0,0,0,0,0,4,4,3,4,0,4,0,3,0,20,7,5,4,10,7,6,0,11,0,46,222,353,351,215,170,107,89,119,16,1647
POA2317,20,5,50,28,16,9,3,10,0,149,0,0,0,0,0,0,0,0,0,6,0,4,6,4,0,0,3,0,3,17,0,3,15,3,0,0,3,14,5,41,191,330,311,201,172,98,57,101,23,1486
POA2318,23,8,52,43,23,27,10,18,3,215,0,0,0,0,3,0,0,0,0,5,10,12,9,8,9,3,4,0,3,50,14,14,32,15,13,11,14,17,15,139,461,739,866,484,473,182,224,194,59,3682
POA2319,3,3,45,21,4,7,4,9,3,108,3,0,0,0,0,0,3,0,0,4,0,0,3,3,4,3,3,3,3,25,5,5,16,3,9,7,14,6,10,66,130,212,354,229,172,100,112,118,30,1458
POA2320,60,16,230,113,80,70,48,69,5,693,3,0,0,0,0,0,0,3,0,10,8,12,24,10,16,4,13,7,7,101,24,14,51,32,17,24,44,26,28,257,1202,2307,2202,1150,1232,582,761,563,141,10135
POA2321,17,0,88,49,31,22,25,22,0,253,0,0,0,0,0,0,0,0,0,3,5,6,8,0,14,0,13,0,0,52,13,13,31,11,12,8,15,20,11,142,534,1044,1015,506,564,239,343,212,65,4532
POA2322,17,7,120,49,23,32,16,32,3,312,0,0,0,0,0,0,0,4,0,6,9,10,10,0,7,6,8,3,5,47,11,12,27,8,10,7,8,14,9,116,479,945,1137,621,668,283,336,345,64,4871
POA2323,41,6,161,62,26,47,31,44,0,427,0,3,0,0,0,0,0,0,0,9,4,6,24,12,9,4,13,8,3,83,15,11,33,14,15,13,21,37,32,191,779,1942,1494,884,923,392,428,423,108,7378
POA2324,30,12,135,51,35,37,26,34,6,361,0,0,0,0,0,4,0,0,0,7,13,14,18,4,11,3,14,3,4,72,11,11,29,28,17,15,28,33,12,177,551,992,1258,700,688,322,363,393,72,5345
POA2325,56,7,207,97,41,60,62,62,5,594,0,0,0,4,3,4,0,0,0,16,10,10,6,6,3,0,12,5,0,47,13,23,36,28,25,25,26,50,23,249,709,1073,1418,852,673,434,620,509,86,6378
POA2326,10,8,35,24,8,16,9,18,0,130,0,0,0,0,0,0,0,0,0,3,3,0,0,0,0,0,7,3,0,17,7,3,13,4,10,7,16,18,4,78,136,248,376,212,184,91,196,165,24,1621
POA2327,14,0,60,19,6,8,9,9,0,133,0,0,0,0,0,0,4,0,0,3,0,0,4,3,0,0,3,3,0,18,0,3,19,8,7,3,12,11,7,66,106,228,472,226,200,99,154,149,23,1647
POA2328,3,0,14,7,3,3,11,11,0,47,0,0,0,0,0,0,0,0,0,0,0,3,0,0,0,0,0,3,0,11,0,0,4,3,0,4,8,5,8,35,93,73,163,53,81,27,81,76,11,656
POA2329,8,0,4,3,0,0,4,3,0,28,0,0,0,0,0,0,0,0,0,0,0,0,0,0,3,0,0,0,0,8,15,0,3,0,0,0,5,3,0,30,131,73,61,57,53,23,54,46,5,506
POA2330,22,3,92,57,25,35,60,39,4,331,3,3,0,0,0,0,0,0,0,10,6,5,19,9,7,0,27,3,0,83,21,8,32,8,12,17,30,25,23,181,688,1053,1398,543,638,274,852,340,103,5887
POA2331,0,0,0,3,0,0,0,0,0,3,0,0,0,0,0,0,0,0,0,0,0,0,0,10,0,0,0,0,0,10,0,0,0,0,0,0,0,0,0,0,14,3,0,92,3,0,0,0,3,118
POA2333,8,0,56,39,14,24,29,23,0,191,0,0,0,0,0,0,0,0,0,3,0,0,11,0,3,0,8,0,0,26,9,5,28,15,9,12,27,23,4,129,285,586,920,333,332,161,461,225,37,3327
POA2334,6,3,15,15,3,5,6,8,0,62,0,0,0,0,0,0,0,0,0,0,0,0,0,3,0,0,7,0,0,9,0,0,6,3,3,5,8,4,8,41,55,97,227,92,66,40,84,47,20,736
POA2335,19,3,48,16,16,12,12,12,0,140,0,0,0,0,0,0,0,0,0,0,0,6,4,0,0,0,0,0,0,9,8,4,14,4,4,5,13,9,8,69,248,342,487,169,226,102,236,106,30,1942
POA2336,3,0,9,7,0,8,4,6,0,40,0,0,0,0,0,3,3,0,0,5,0,0,0,0,0,0,0,5,0,9,7,0,5,4,3,3,7,4,0,36,82,103,183,57,71,28,97,60,11,689
POA2337,13,4,39,24,7,15,16,13,3,128,0,0,4,0,0,0,0,0,0,7,3,7,3,0,0,3,8,7,3,25,15,10,22,8,6,3,5,27,3,104,370,478,497,168,217,92,230,228,36,2319
POA2338,4,0,6,4,0,4,3,0,0,19,0,0,0,0,0,0,0,0,0,0,0,0,0,0,0,0,0,0,0,0,4,3,7,0,0,0,4,0,0,25,69,60,73,37,17,17,33,37,4,345
POA2339,0,0,4,3,0,0,0,0,0,8,0,0,0,0,0,0,0,0,0,0,0,0,0,0,0,0,0,0,0,0,3,0,0,0,0,0,0,0,0,6,52,21,19,9,15,6,23,17,3,160
POA2340,106,21,285,131,70,72,47,100,5,844,3,3,0,0,3,0,0,7,0,19,24,22,22,9,20,13,19,16,3,144,42,41,87,50,66,48,55,126,65,585,1754,3722,2432,1656,1647,791,632,1116,192,13940
POA2341,3,0,5,8,0,0,0,4,0,19,0,0,0,0,0,0,0,0,0,0,0,0,0,0,0,0,0,0,0,0,3,0,3,0,0,3,4,3,0,19,25,38,49,41,18,16,32,23,3,245
POA2342,0,0,0,3,0,0,0,0,0,3,0,0,0,0,0,0,0,0,0,0,0,0,0,0,0,0,0,0,0,3,0,0,0,4,0,0,0,4,0,12,37,27,17,12,12,3,10,13,3,136
POA2343,9,0,18,9,10,6,5,8,0,71,0,0,0,0,0,0,0,0,0,0,3,0,0,0,0,3,5,3,0,15,3,7,6,10,9,3,12,11,4,68,245,233,176,134,137,56,103,103,15,1211
POA2344,0,0,6,0,3,3,0,0,0,9,0,0,0,0,0,0,0,0,0,0,0,0,0,0,0,0,0,0,0,0,3,0,3,0,0,0,0,3,0,8,54,45,47,16,27,14,7,15,4,228
POA2345,0,0,4,3,0,0,0,0,0,12,0,0,0,0,0,0,0,0,0,0,0,0,0,0,0,0,0,0,0,3,0,3,0,3,0,0,0,0,0,13,38,45,37,21,28,8,14,24,7,221
POA2346,7,0,13,5,3,0,4,6,0,42,0,0,0,0,0,0,0,0,0,0,0,6,0,0,0,0,0,4,0,7,9,0,7,6,0,3,0,8,3,31,122,107,102,91,75,27,51,63,10,637
POA2347,4,0,3,8,3,0,0,4,0,23,0,0,0,0,0,0,0,0,0,0,0,0,0,0,0,0,0,0,0,3,9,0,0,3,0,3,0,0,0,20,114,65,40,40,30,22,15,46,6,376
POA2350,40,5,137,57,39,37,9,38,3,366,0,0,3,3,0,3,0,3,0,9,19,20,16,7,10,3,8,5,3,84,23,41,20,20,14,14,16,37,15,194,1055,2662,987,890,970,403,179,509,93,7748
POA2351,0,0,0,0,0,0,0,0,0,3,0,0,0,0,0,0,0,0,0,0,0,0,0,0,0,0,0,0,0,0,0,0,0,0,0,0,0,0,0,3,0,16,0,16,3,7,0,3,0,46
POA2352,3,0,9,10,4,0,0,4,0,35,0,0,0,0,0,0,0,3,0,3,0,0,4,0,0,0,0,0,0,12,3,3,10,3,0,0,3,11,0,31,75,169,176,107,81,43,44,66,5,772
POA2353,0,0,3,3,4,0,0,4,0,19,0,0,0,0,0,0,0,0,0,0,0,0,0,0,0,0,0,0,0,3,0,0,3,0,9,3,3,0,0,18,26,56,58,29,31,19,22,36,5,277
POA2354,4,0,16,7,3,3,0,8,0,45,0,0,0,0,0,0,0,0,0,0,7,0,0,0,0,0,0,0,0,10,11,0,3,3,0,0,5,3,3,33,351,172,121,80,91,49,38,89,10,990
POA2355,0,0,3,0,0,0,0,3,0,8,0,0,0,0,0,0,0,0,0,0,0,0,0,0,3,0,0,0,0,3,3,0,3,0,0,0,3,0,0,7,42,33,27,15,13,4,6,16,3,160
POA2356,0,0,0,0,0,0,0,0,0,0,0,0,0,0,0,0,0,0,0,0,0,0,0,0,0,0,0,0,0,0,0,0,0,0,0,0,0,0,0,0,3,4,3,3,0,0,0,5,0,17
POA2357,6,3,12,7,10,7,3,3,0,45,0,0,0,0,0,0,0,0,0,0,0,0,3,3,0,0,0,0,0,9,11,0,9,11,4,0,5,13,11,61,183,228,129,143,95,46,43,70,12,956
POA2358,8,0,25,8,9,5,3,3,0,57,0,0,0,0,0,0,0,0,0,0,0,3,3,4,0,0,0,0,0,17,6,5,8,4,4,0,3,8,4,43,175,210,186,116,133,51,36,97,11,1014
POA2359,0,0,5,0,3,0,0,0,0,10,0,0,0,0,0,0,0,0,0,0,0,0,0,0,0,0,0,0,0,0,4,0,0,0,0,0,0,0,0,6,59,20,22,22,20,4,10,12,4,168
POA2360,19,5,69,29,11,10,3,27,0,175,0,0,0,0,0,0,0,0,0,0,6,3,3,6,7,6,4,3,0,35,19,6,40,28,13,18,15,51,37,224,481,748,621,466,328,221,128,367,66,3429
POA2361,3,0,0,0,0,0,0,3,0,10,0,0,0,0,0,0,0,0,0,0,0,0,0,0,0,0,0,0,0,0,3,4,0,3,0,0,0,0,0,14,55,28,15,25,10,6,10,18,0,165
POA2365,10,0,19,6,4,3,4,10,0,56,0,0,0,0,0,0,0,0,0,0,0,0,0,0,0,0,0,0,0,3,14,6,4,6,7,3,3,11,5,57,243,160,119,85,112,43,39,104,18,911
POA2369,0,0,4,0,0,0,0,0,0,7,0,0,0,0,0,0,0,0,0,0,0,0,0,0,0,0,0,3,0,3,0,0,0,0,0,0,0,0,0,8,15,14,19,26,9,12,7,19,0,124
POA2370,14,0,32,20,5,10,5,21,0,109,0,0,0,0,0,0,0,0,0,3,3,3,3,3,0,0,3,0,0,25,11,11,16,6,3,3,8,13,8,81,326,342,254,248,199,90,72,158,31,1719
POA2371,5,0,4,3,0,0,0,0,0,12,0,0,0,0,0,0,0,0,0,0,0,0,0,0,0,0,0,0,3,4,3,0,3,5,0,3,0,4,0,21,69,41,25,19,12,15,6,18,6,211
POA2372,7,0,20,12,10,8,5,12,0,78,0,0,0,0,0,0,0,0,0,0,4,0,0,0,0,0,0,4,0,11,12,3,4,5,5,3,8,14,11,60,216,201,165,143,111,55,63,110,27,1082
POA2379,0,0,3,0,0,0,0,0,0,3,0,0,0,0,0,0,0,0,0,0,0,0,0,0,0,0,0,0,0,0,3,0,0,0,0,0,0,0,0,6,58,14,14,7,3,4,3,12,0,110
POA2380,15,3,42,22,12,12,28,18,3,158,0,0,0,0,0,0,0,0,0,4,6,0,6,0,0,0,4,0,0,25,28,13,27,11,6,21,23,25,16,169,425,600,503,294,297,152,310,153,47,2783
POA2381,0,0,3,3,5,0,0,3,0,15,0,0,0,0,0,0,0,0,0,0,0,0,0,0,0,0,0,0,0,3,0,0,0,3,0,0,0,3,0,14,65,33,47,31,25,8,25,34,4,272
POA2382,3,0,6,0,0,0,4,3,0,24,0,0,0,0,0,0,0,0,0,0,0,0,0,0,0,0,0,0,0,4,8,0,4,0,4,0,6,4,3,36,52,41,61,28,35,3,45,23,5,299
POA2386,0,0,0,0,0,0,0,0,0,3,0,0,0,0,0,0,0,0,0,0,0,0,0,0,0,0,0,0,0,0,0,0,0,0,0,0,4,0,0,4,32,14,3,3,3,0,13,8,0,79
POA2387,0,0,0,0,0,0,0,0,0,0,0,0,0,0,0,0,0,0,0,0,0,0,0,0,0,0,0,0,0,0,0,0,0,0,0,0,0,3,0,4,25,5,4,0,8,0,3,6,0,56
POA2388,9,0,7,6,0,3,0,0,0,27,0,0,0,0,0,0,0,0,0,3,3,3,0,0,0,0,0,0,0,5,3,3,0,0,3,0,4,10,9,35,133,111,72,58,48,33,33,45,18,547
POA2390,13,4,37,23,8,3,7,14,0,112,0,0,0,0,0,0,0,0,0,0,0,3,12,0,0,0,7,0,0,23,26,9,15,7,17,24,26,26,17,151,373,545,444,238,277,105,170,173,38,2360
POA2395,0,0,3,0,0,0,0,0,0,4,0,0,0,0,0,0,0,0,0,0,0,0,0,0,0,0,0,0,0,0,3,0,0,0,0,0,0,3,0,5,25,18,14,9,6,5,7,17,0,91
POA2396,3,0,4,0,0,0,4,3,0,9,0,0,0,0,0,0,0,0,0,0,0,0,0,0,0,0,0,3,0,5,7,0,0,0,0,0,0,3,4,15,42,35,16,19,7,4,13,20,4,166
POA2397,0,0,0,0,5,0,0,0,0,4,0,0,0,0,0,0,0,0,0,0,0,0,0,0,0,0,0,0,0,0,0,0,0,0,0,0,0,0,0,3,32,12,7,5,11,0,5,6,0,69
POA2398,0,0,0,3,0,0,0,0,0,4,0,0,0,0,0,0,0,0,0,0,0,0,0,0,0,0,0,0,0,0,0,0,0,0,0,0,0,0,0,3,36,8,5,3,9,0,6,5,0,69
POA2399,0,0,3,0,0,0,0,0,0,6,0,0,0,0,0,0,0,0,0,0,0,0,0,0,0,0,0,0,0,0,4,0,3,0,0,0,0,0,0,9,42,16,26,11,14,13,13,11,3,150
POA2400,15,4,43,28,15,8,15,14,0,142,0,0,0,0,0,0,0,0,0,0,3,4,3,3,3,0,0,3,0,22,27,7,16,15,19,12,19,14,13,148,452,589,438,305,299,138,133,154,37,2541
POA2401,0,0,0,0,0,0,0,6,0,4,0,0,0,0,0,0,0,0,0,0,0,0,0,0,0,0,0,0,0,0,0,0,0,0,0,0,0,0,0,3,31,22,6,5,4,0,9,8,0,81
POA2402,3,0,7,3,0,0,0,4,0,15,0,0,0,0,0,0,0,0,0,0,0,0,0,0,0,0,0,0,0,0,3,0,0,3,3,0,6,4,7,29,69,83,62,48,38,10,13,36,10,363
POA2403,3,0,4,0,0,0,0,0,0,7,0,0,0,0,0,0,0,0,0,0,0,0,0,0,0,0,0,0,0,0,0,0,0,0,0,0,0,3,0,8,48,32,17,18,12,4,9,19,3,158
POA2404,8,0,4,0,0,0,0,0,0,19,3,0,0,0,0,0,0,3,0,5,0,0,0,0,0,0,0,0,0,3,9,0,0,5,3,0,0,3,0,25,117,66,44,46,35,18,14,35,0,384
POA2405,3,0,0,0,0,0,0,0,0,4,0,0,0,0,0,0,0,0,0,0,0,0,0,0,0,0,0,0,3,6,0,0,0,0,3,0,3,0,0,3,55,16,6,6,19,0,15,8,0,131
POA2406,3,0,0,0,0,0,0,4,0,7,0,0,0,0,0,0,0,0,0,4,0,0,0,0,0,0,0,0,0,3,0,0,0,0,0,0,0,0,0,6,72,34,15,19,18,0,10,25,5,192
POA2408,0,0,0,0,0,0,0,0,0,6,0,0,0,0,0,0,0,0,0,0,0,0,0,0,0,0,0,0,0,0,0,0,0,0,0,0,0,0,0,3,52,4,3,3,10,5,15,13,4,103
POA2409,0,0,0,0,0,3,0,0,0,6,0,0,0,0,0,0,0,0,0,0,0,0,0,0,0,0,0,0,0,4,0,0,0,3,0,0,0,7,0,7,36,29,10,26,15,5,7,11,4,147
POA2410,0,0,0,0,0,0,0,0,0,0,0,0,0,0,0,0,0,0,0,0,0,0,0,0,0,0,0,0,0,0,0,0,0,0,0,0,0,0,0,7,30,4,4,6,9,0,0,9,0,67
POA2411,0,0,0,0,0,0,0,0,0,0,0,0,0,0,0,0,0,0,0,0,0,0,0,0,0,0,0,0,0,0,3,0,0,0,0,0,0,0,0,4,16,5,0,0,4,0,0,11,0,38
POA2415,0,0,6,0,0,0,0,0,0,5,0,0,0,0,0,0,0,0,0,0,0,0,0,0,0,0,0,0,0,0,0,0,0,0,0,0,0,0,0,3,23,16,25,9,10,4,8,7,0,101
POA2420,3,0,18,9,3,7,6,8,0,52,3,0,0,0,0,0,0,0,0,4,3,0,0,3,0,0,0,0,0,12,9,6,9,0,8,3,3,6,0,42,152,205,204,125,112,48,59,82,13,1007
POA2421,5,0,7,3,3,0,3,3,0,26,0,0,0,0,0,0,0,0,0,0,0,0,4,0,0,0,0,0,0,3,3,4,0,0,3,0,3,4,3,27,111,139,125,49,83,27,46,47,8,641
POA2422,8,0,25,7,3,9,8,8,0,65,0,0,0,0,0,0,0,0,0,0,7,0,0,0,0,0,0,0,0,17,0,0,3,8,0,3,8,11,0,40,215,226,201,128,96,63,90,107,16,1144
POA2423,0,0,20,7,4,3,0,9,0,48,0,0,0,0,0,0,0,0,0,0,3,0,0,0,0,0,5,0,0,7,0,3,3,3,6,3,3,4,0,26,93,114,130,76,68,41,40,56,12,641
POA2424,0,0,5,0,0,0,0,0,0,5,0,0,0,0,0,0,0,0,0,0,0,0,0,0,0,0,0,0,0,0,3,0,0,0,0,0,0,0,0,3,18,13,12,9,6,4,3,15,3,85
POA2425,3,0,17,3,3,0,0,0,0,33,0,0,0,0,0,0,0,0,0,0,0,0,0,0,3,0,0,0,0,4,3,0,3,0,0,0,4,3,3,15,80,75,108,50,49,14,34,36,4,446
POA2426,0,0,5,0,0,0,0,3,0,14,0,0,0,0,0,0,0,0,3,3,0,0,0,0,0,0,0,0,0,0,0,0,0,0,0,0,0,0,0,5,21,24,35,31,16,7,11,11,5,155
POA2427,0,0,17,4,0,4,4,12,0,46,0,0,0,0,0,0,0,0,0,0,0,0,0,0,0,0,0,0,0,0,3,0,4,3,0,4,0,6,0,22,63,120,85,73,49,42,13,49,4,491
POA2428,36,8,176,60,31,54,21,49,3,435,0,0,0,0,3,0,0,0,0,11,3,8,3,0,4,7,0,3,0,29,25,8,23,17,6,42,16,38,21,204,567,1163,858,692,504,424,156,391,85,4836
POA2429,14,0,42,18,6,15,7,17,0,116,0,3,0,3,0,0,0,0,0,7,5,3,4,3,3,0,3,4,0,24,24,8,22,18,7,9,17,29,10,141,317,457,405,333,222,121,117,203,30,2217
POA2430,50,10,181,76,42,62,14,50,6,485,0,0,8,0,0,0,0,0,0,6,11,7,13,3,16,6,9,9,0,68,29,23,39,41,24,37,28,46,17,290,806,1945,1262,1089,856,598,322,585,73,7535
POA2431,13,0,38,15,7,6,0,10,0,92,0,0,0,0,0,0,0,0,0,3,0,0,0,0,0,0,0,3,0,8,3,3,8,9,0,5,0,4,0,40,136,218,191,150,121,71,42,101,19,1055
POA2439,4,0,21,4,0,3,3,7,0,50,0,0,0,0,0,0,0,0,0,0,0,0,0,0,0,0,0,0,0,3,3,0,13,3,0,0,0,3,0,27,75,157,138,102,84,47,49,56,5,720
POA2440,22,10,100,57,17,27,18,32,6,298,0,0,0,3,0,3,0,4,0,9,6,9,8,4,10,3,12,3,0,48,19,10,36,56,18,15,17,39,32,243,509,965,762,789,498,268,221,387,90,4481
POA2441,6,0,23,13,11,3,3,19,0,72,0,4,0,0,0,0,0,0,0,3,0,0,0,0,0,0,0,0,0,6,10,3,6,4,4,3,4,5,3,47,140,244,209,139,112,48,60,105,15,1077
POA2443,16,3,52,22,3,8,7,21,0,125,0,0,0,0,0,0,0,0,0,0,7,3,0,0,0,0,0,0,0,26,3,5,13,8,5,8,8,9,9,67,161,345,310,240,140,112,78,156,34,1580
POA2444,100,20,319,139,89,89,20,84,3,851,0,0,0,0,3,0,5,0,0,10,8,30,14,18,16,5,6,9,3,112,27,26,52,37,33,49,17,46,38,316,1432,3688,1961,1642,1615,862,337,680,143,12361
POA2445,14,8,43,17,12,16,0,14,0,135,0,0,0,0,0,0,0,0,0,3,0,0,3,4,4,0,0,0,0,14,8,3,3,3,4,4,5,8,10,49,215,501,322,212,182,106,67,123,21,1751
POA2446,20,4,76,44,21,32,10,27,3,228,0,0,0,0,0,0,3,0,0,3,3,3,3,3,4,0,8,0,0,22,11,3,21,19,20,16,18,25,19,146,398,712,654,472,464,235,190,249,53,3419
POA2447,6,0,40,23,11,13,9,13,0,119,0,0,0,0,0,0,0,0,0,0,0,3,0,0,0,0,3,8,0,13,3,4,13,11,4,3,3,21,8,68,206,366,301,240,172,97,88,168,29,1670
POA2448,8,3,41,28,10,6,4,19,3,127,0,0,0,0,0,0,0,0,3,3,3,4,3,0,3,0,0,0,0,19,6,3,11,15,3,6,5,19,14,91,198,431,311,298,186,92,65,149,40,1765
POA2449,0,0,6,9,0,3,0,4,0,24,0,0,0,0,0,0,0,0,0,0,0,0,0,0,0,0,0,3,0,3,0,4,9,3,3,0,3,5,0,31,58,100,69,94,40,21,16,38,5,435
POA2450,83,31,305,111,96,91,20,80,5,821,3,3,0,3,0,0,0,3,0,15,24,23,15,16,18,11,13,10,3,119,30,31,38,48,35,43,25,50,45,350,1465,3288,1912,1509,1575,811,416,825,186,11987
POA2452,36,3,99,44,28,23,7,36,3,281,0,4,0,0,0,0,0,0,0,9,4,3,6,0,7,6,4,3,4,36,5,5,19,9,8,13,8,13,15,103,397,1009,635,589,525,290,154,293,50,3944
POA2453,6,0,14,0,0,4,4,11,0,37,0,0,0,0,0,0,0,0,0,0,0,0,0,0,0,0,0,0,0,8,8,0,3,0,0,5,3,6,0,27,159,112,87,76,64,22,31,72,8,627
POA2454,17,0,51,6,12,12,3,10,3,115,0,0,0,0,0,0,0,0,0,4,5,10,3,3,5,0,4,3,0,34,8,7,15,11,11,6,6,11,0,67,291,707,348,282,218,120,73,118,32,2184
POA2455,6,3,21,8,7,6,5,4,0,53,0,0,0,0,0,0,0,0,0,0,0,3,3,0,0,0,0,0,0,8,0,0,6,3,5,0,4,7,0,29,76,191,117,94,76,39,36,66,9,697
POA2456,28,4,92,37,13,18,8,32,4,237,3,0,0,0,0,0,0,7,0,9,15,6,6,4,6,0,4,5,6,49,12,7,16,11,4,8,12,21,18,120,519,946,651,478,424,196,145,406,67,3846
POA2460,33,10,144,69,27,45,19,44,3,391,0,0,0,4,0,0,0,3,0,8,11,16,15,14,10,3,9,10,0,88,25,18,23,30,26,32,33,48,28,266,734,1434,1076,1072,830,429,358,474,94,6502
POA2462,4,0,26,12,5,3,0,0,0,45,0,0,0,0,0,0,0,0,0,0,0,0,0,0,0,0,0,0,0,0,0,3,7,4,6,3,3,6,3,31,67,95,97,90,53,42,31,41,11,522
POA2463,5,4,46,16,13,8,5,12,0,113,0,0,0,0,0,0,0,0,0,0,3,4,4,3,0,0,5,3,0,22,9,7,14,7,7,14,6,19,3,83,202,396,306,246,197,107,82,170,29,1733
POA2464,13,0,56,13,7,7,0,16,0,125,0,0,0,0,0,0,0,0,0,0,4,3,0,0,0,0,3,0,0,9,7,3,18,4,3,13,0,6,8,66,192,442,263,191,168,119,42,107,23,1540
POA2465,0,0,7,0,0,0,0,0,0,9,0,0,0,0,0,0,0,0,0,0,0,0,0,0,0,0,0,0,0,0,0,0,0,0,0,0,0,0,0,0,12,17,29,9,11,0,4,7,0,81
POA2466,0,0,7,3,0,0,0,0,0,16,0,0,0,0,0,0,0,0,0,0,0,0,0,0,0,0,0,0,0,0,3,0,6,4,0,0,0,11,0,21,23,38,49,39,18,25,7,39,5,245
POA2469,6,0,9,8,3,3,4,3,0,39,0,0,0,0,0,0,0,0,0,0,4,0,0,0,0,0,0,5,0,8,17,0,4,5,0,7,7,13,3,51,175,133,89,89,61,26,50,97,15,731
POA2470,16,3,86,35,11,19,4,59,0,244,0,0,0,0,0,0,4,6,0,11,3,0,3,0,4,3,3,9,3,33,12,12,22,25,9,15,19,38,15,155,339,539,515,435,374,193,164,440,51,3045
POA2471,3,0,11,3,0,3,0,7,0,32,0,0,0,0,0,0,0,0,0,3,0,0,0,0,0,0,0,0,0,9,4,3,3,3,0,3,7,3,6,37,83,96,112,78,71,28,45,62,14,579
POA2472,0,0,10,0,4,0,0,3,0,24,0,0,0,0,0,0,0,0,0,0,0,0,0,0,0,0,0,0,0,4,3,0,0,3,5,3,0,4,0,18,67,79,101,73,48,16,31,34,7,436
POA2473,9,0,27,15,4,4,0,5,0,69,0,0,0,0,0,0,0,0,0,0,0,0,0,0,0,0,0,3,0,4,6,0,0,4,0,5,6,4,4,28,83,195,115,121,60,39,42,46,16,711
POA2474,7,0,28,12,7,4,3,20,0,86,0,0,0,0,0,0,0,0,0,7,3,3,0,3,0,0,0,3,0,12,17,5,9,3,3,7,7,7,3,58,234,310,207,188,144,58,53,153,21,1377
POA2475,0,0,0,0,0,0,0,0,0,4,0,0,0,0,0,0,0,0,0,0,0,0,0,0,0,0,0,0,0,0,0,0,0,0,0,0,0,0,0,0,16,10,3,3,3,0,5,6,3,53
POA2476,0,0,3,0,0,3,0,0,0,12,0,0,0,0,0,0,0,0,0,0,0,0,0,0,0,0,0,0,0,0,0,0,0,0,0,0,0,4,0,4,31,25,23,25,19,6,4,25,0,156
POA2477,18,4,78,35,19,20,5,20,5,218,3,0,0,0,0,0,0,0,0,4,11,9,0,3,3,0,4,3,0,35,11,11,16,9,8,13,9,5,18,94,505,1067,558,416,433,185,122,225,53,3574
POA2478,59,9,204,96,42,62,13,39,7,540,0,0,0,0,0,0,0,0,0,9,10,19,9,16,7,7,0,10,4,78,12,18,46,25,22,20,15,43,33,232,1027,2461,1307,1071,852,499,211,506,125,8055
POA2479,11,0,34,10,10,7,7,14,0,89,0,0,0,0,0,0,0,0,0,5,15,3,3,0,4,3,0,6,0,33,14,4,5,14,5,3,0,3,3,60,330,517,201,177,140,80,39,86,22,1594
POA2480,73,20,295,122,55,56,17,97,7,735,0,9,0,3,0,0,0,10,0,19,17,27,16,18,13,10,13,8,8,125,39,21,39,30,32,48,24,69,39,349,1458,3588,1980,1743,1540,746,481,935,152,12626
POA2481,29,10,114,50,18,30,3,28,4,283,0,0,3,0,0,0,0,0,3,9,14,21,12,10,9,4,3,7,0,73,18,16,15,17,10,23,5,14,12,134,640,1212,542,486,317,267,81,263,66,3869
POA2482,19,5,37,14,4,6,3,10,0,106,0,0,0,0,0,0,0,0,0,0,4,10,4,5,0,0,3,3,3,37,4,11,6,8,5,3,3,8,0,61,216,523,282,200,138,104,51,127,25,1667
POA2483,28,5,79,33,11,21,11,24,0,213,0,0,3,0,0,0,0,0,0,7,3,7,7,5,10,3,0,6,3,43,14,16,22,19,10,14,7,16,13,139,382,900,576,446,296,194,94,240,50,3174
POA2484,33,4,100,44,30,28,18,25,5,296,0,0,0,0,0,0,0,0,0,3,14,13,6,4,7,0,6,6,0,58,13,18,34,30,11,22,22,30,22,212,612,1149,870,596,532,290,249,390,83,4760
POA2485,19,10,111,36,24,15,8,34,3,268,0,0,0,0,0,0,0,0,0,3,5,10,5,8,0,0,3,3,0,27,10,3,9,21,14,11,8,21,20,116,321,666,627,494,320,219,125,292,53,3118
POA2486,62,17,242,121,65,68,24,59,3,652,0,0,0,0,3,4,0,0,0,11,11,8,16,7,15,3,7,16,4,87,17,15,42,30,24,31,19,41,20,234,796,1724,1461,1273,949,542,293,545,114,7696
POA2487,27,13,84,40,24,19,14,24,0,247,0,0,0,0,0,0,0,0,0,5,4,10,4,9,6,0,0,5,4,50,6,14,14,12,9,13,3,12,17,97,528,1188,610,505,423,228,115,228,61,3893
POA2488,3,3,38,19,3,9,0,11,0,84,0,0,0,0,0,0,0,0,0,0,0,0,0,0,0,0,3,0,0,8,0,0,6,3,0,3,3,0,3,19,108,295,197,133,92,74,23,71,8,1003
POA2489,13,9,61,28,23,20,3,12,0,161,0,0,0,0,0,0,0,0,0,0,0,0,3,3,0,0,0,0,0,12,3,3,10,4,3,3,0,7,6,43,201,523,384,278,244,102,58,131,23,1946
POA2490,3,0,5,0,3,0,0,0,0,9,0,0,0,0,0,0,0,0,0,0,0,0,0,0,0,0,0,0,0,0,5,0,0,0,0,0,0,0,0,3,30,41,37,28,32,16,12,12,7,211
POA2500,57,9,206,119,66,67,19,50,3,598,0,3,3,7,0,0,0,0,0,18,14,36,13,14,27,8,6,5,3,135,19,28,32,24,17,19,16,27,47,229,1491,4866,1593,1414,1514,764,373,636,183,12835
POA2502,6,3,59,27,15,16,9,16,3,150,0,0,0,0,0,0,0,0,0,0,3,3,0,0,3,0,7,0,0,17,3,5,22,11,7,15,15,29,20,119,166,442,532,310,309,175,155,232,47,2374
POA2505,4,0,29,14,11,3,0,4,0,70,0,0,0,0,0,0,0,0,0,0,3,0,0,0,0,0,0,4,0,8,3,3,10,5,8,3,6,12,7,51,97,274,245,161,168,72,63,99,25,1207
POA2506,6,3,42,19,15,19,5,15,3,128,0,0,0,0,0,0,0,0,0,4,0,0,0,0,0,0,0,0,0,6,0,9,18,12,10,5,7,18,13,93,125,309,361,265,220,112,111,144,34,1678
POA2508,10,3,45,24,19,11,6,6,3,134,0,0,0,0,0,0,0,0,0,7,8,9,4,3,8,4,3,0,0,41,3,12,15,9,14,3,4,8,4,80,474,1045,642,378,414,185,135,137,41,3457
POA2515,22,6,34,22,12,6,7,4,0,110,0,0,0,0,3,0,0,0,0,3,13,21,0,3,13,0,3,3,0,61,3,13,14,12,3,9,0,10,13,70,693,1825,522,378,452,161,96,114,45,4297
POA2516,15,3,21,24,11,5,3,3,0,77,0,0,0,0,0,0,0,0,0,0,3,9,3,3,0,3,3,0,0,31,0,5,3,3,0,3,3,3,3,29,342,796,327,259,226,91,71,73,20,2202
POA2517,14,3,69,44,38,21,7,5,3,207,0,0,3,0,0,0,0,0,0,4,12,16,5,13,5,0,3,3,3,57,6,17,15,7,11,9,9,5,17,101,569,1421,767,590,529,200,196,156,65,4500
POA2518,31,10,107,52,34,21,23,29,4,311,0,0,0,0,0,0,0,3,0,5,9,8,8,10,7,7,3,0,0,53,14,9,25,20,7,14,14,20,19,137,603,1580,1023,780,689,244,302,303,90,5614
POA2519,20,5,92,34,26,22,12,23,3,236,0,0,0,3,0,4,0,0,0,8,3,14,8,4,10,0,3,4,3,48,8,11,22,15,6,4,7,15,22,123,664,1715,792,582,640,279,207,245,89,5213
POA2522,0,0,0,3,0,0,0,0,0,3,0,0,0,0,0,0,0,0,0,0,0,0,0,0,0,0,0,0,0,0,0,0,0,0,0,0,0,0,0,0,3,3,0,12,0,3,0,0,0,24
POA2525,22,3,66,17,26,18,8,3,3,166,0,0,0,0,0,0,0,0,0,0,5,7,11,6,10,0,0,3,0,45,4,3,15,3,10,3,9,5,6,72,473,1294,582,390,476,172,161,166,44,3757
POA2526,16,7,89,40,34,23,13,24,4,244,0,3,0,0,0,0,0,0,0,6,5,12,3,3,11,3,8,3,0,51,3,16,25,16,11,11,18,9,17,114,565,1514,938,534,683,253,246,240,56,5024
POA2527,38,15,175,51,36,37,34,40,8,430,0,3,0,0,0,0,0,7,4,7,5,3,11,5,11,3,10,7,3,49,7,4,49,19,17,19,15,38,17,186,607,1140,1473,972,799,368,459,432,83,6335
POA2528,30,5,127,73,30,29,18,37,5,355,0,0,0,0,0,0,0,0,0,0,5,3,8,4,8,0,14,7,0,63,15,19,48,18,24,23,27,45,34,251,473,947,1166,829,636,326,363,431,90,5263
POA2529,43,12,178,78,47,51,27,37,0,473,3,0,0,0,0,0,4,0,0,5,9,7,16,6,12,0,10,12,13,84,20,21,32,25,19,19,13,27,22,190,883,1884,1647,1110,1082,499,444,430,126,8100
POA2530,48,18,209,85,56,59,27,45,3,555,0,0,0,3,0,0,0,0,0,7,10,15,15,13,13,5,7,4,4,84,16,27,43,36,29,24,37,31,32,268,887,1777,1935,1313,1242,524,546,537,131,8895
POA2533,25,8,84,35,24,15,11,17,3,228,0,0,0,0,0,0,0,0,0,3,11,15,11,3,3,0,3,6,3,54,18,10,14,6,14,6,9,10,7,92,746,1622,856,546,587,249,195,194,70,5070
POA2534,14,3,24,16,12,8,0,3,0,85,0,0,0,0,0,0,0,0,0,0,0,3,3,3,0,4,0,0,0,19,8,3,8,13,3,4,3,7,3,43,309,660,303,217,188,82,45,77,27,1899
POA2535,16,3,42,22,12,8,6,3,0,113,0,0,0,0,0,0,0,0,0,3,3,8,3,0,6,0,0,3,0,20,8,8,11,12,4,5,0,3,4,54,355,600,384,201,217,91,55,102,33,2037
POA2536,37,9,116,49,25,37,11,30,0,320,0,0,0,0,0,0,0,0,0,3,5,9,6,3,8,4,3,6,3,43,7,7,29,17,9,23,9,26,26,159,503,798,731,561,442,310,146,282,80,3855
POA2537,15,0,72,45,24,23,7,27,3,211,0,0,0,0,0,0,0,0,0,0,4,7,0,3,4,0,3,0,0,29,7,5,18,12,9,10,3,17,12,98,358,748,571,396,339,181,119,201,43,2968
POA2538,8,0,15,6,3,5,3,5,0,50,0,0,0,0,0,0,0,0,0,0,0,0,0,0,0,0,0,3,0,8,0,0,3,0,0,3,0,0,5,20,85,179,109,62,63,40,19,51,10,623
POA2539,44,6,113,59,29,31,8,26,0,313,0,0,0,0,0,0,0,3,0,3,8,10,4,8,6,3,3,4,0,44,18,8,33,19,8,25,6,19,22,165,521,925,857,560,462,310,153,298,61,4143
POA2540,66,22,242,134,55,54,29,61,8,668,3,3,0,0,3,0,0,0,0,15,28,27,16,23,22,15,10,10,6,152,42,26,65,51,29,38,30,54,40,380,1351,2525,2380,1647,1202,645,414,718,188,11063
POA2541,46,6,162,69,37,40,25,60,4,442,0,0,0,0,0,4,0,0,0,7,4,12,15,17,5,3,5,13,0,73,15,19,27,22,19,24,19,49,25,219,620,1351,1222,1049,687,401,254,496,82,6153
POA2545,3,0,6,0,0,0,0,4,0,22,0,0,0,0,0,0,0,0,0,0,0,0,3,0,0,0,0,0,0,8,3,3,3,0,3,0,0,0,0,14,54,33,68,24,32,12,17,33,3,271
POA2546,15,5,70,22,9,26,9,15,0,175,0,0,0,0,0,3,0,0,0,3,4,3,0,3,3,0,0,3,0,13,12,10,7,9,6,5,0,17,7,75,271,459,377,259,189,152,68,170,32,1980
POA2548,30,5,71,17,16,23,8,22,0,197,0,0,0,0,0,0,0,0,0,0,4,3,7,3,3,0,0,3,0,25,7,4,11,10,6,4,0,11,4,66,271,437,371,259,201,180,49,146,26,1936
POA2549,12,0,43,16,10,4,4,14,3,103,0,0,0,0,0,0,0,0,0,0,4,0,3,0,3,0,0,0,0,14,6,6,0,3,0,5,3,4,0,29,164,219,207,132,108,50,60,71,7,1018
POA2550,22,6,88,38,21,17,9,56,3,257,0,0,0,0,0,0,0,3,0,3,16,4,7,12,3,4,0,12,0,66,21,15,34,17,14,22,9,37,13,197,599,1081,753,550,460,221,155,417,55,4298
POA2551,6,0,23,5,7,9,0,6,0,63,0,0,0,0,0,0,0,0,0,0,0,0,0,0,4,0,3,0,0,12,3,3,4,8,3,9,3,8,3,45,71,119,151,106,56,49,49,77,7,696
POA2555,0,0,0,0,0,0,0,0,0,3,0,0,0,0,0,0,0,0,0,0,0,0,0,0,0,0,0,0,0,0,0,0,0,0,0,0,0,0,0,0,5,11,3,0,7,3,7,0,0,28
POA2556,8,0,20,4,7,6,3,3,0,50,0,0,0,0,0,0,0,0,0,3,0,0,0,0,0,0,0,0,0,6,3,0,5,3,3,0,5,5,4,39,81,120,170,53,103,29,70,47,12,687
POA2557,18,5,51,18,28,16,7,13,0,158,0,0,0,0,3,0,0,0,0,3,7,4,5,3,3,0,11,3,0,34,18,8,14,8,20,9,10,10,11,105,375,639,572,249,425,156,174,128,58,2787
POA2558,20,5,52,30,21,17,14,19,3,180,0,0,0,0,3,0,0,0,0,3,5,4,8,4,0,0,8,8,5,40,8,5,19,6,14,9,19,12,16,104,301,646,644,459,483,205,239,249,53,3285
POA2559,3,0,0,9,0,3,5,0,0,18,0,0,0,0,0,0,0,0,0,0,0,0,0,0,0,0,0,0,0,3,0,0,0,4,0,0,12,9,7,35,18,40,36,54,31,22,36,29,10,273
POA2560,108,31,351,164,148,120,80,100,18,1116,0,3,3,0,3,8,10,5,0,30,20,38,35,23,40,22,50,27,16,277,43,34,91,79,76,63,109,92,92,686,2004,4430,3571,2517,2894,1341,1493,1311,374,19944
POA2563,0,0,0,0,0,0,0,0,0,5,0,0,0,0,0,0,0,0,0,0,0,0,0,0,0,0,0,0,0,3,0,0,0,0,0,0,0,0,0,3,4,13,12,11,11,3,8,4,0,68
POA2564,8,3,33,15,12,9,10,23,3,121,0,0,3,0,0,0,3,0,0,12,3,9,6,5,3,4,13,6,0,57,3,3,15,12,5,6,20,27,16,110,206,656,506,451,502,201,315,307,57,3197
POA2565,23,6,77,30,33,22,28,41,4,266,0,0,0,0,3,0,0,0,0,4,10,10,5,13,22,6,15,8,0,85,11,10,21,8,18,13,21,16,14,138,633,1478,890,653,922,378,452,376,83,5874
POA2566,37,10,124,56,44,39,45,32,5,394,0,0,3,0,0,4,4,3,0,19,9,8,17,20,21,12,26,17,0,126,18,21,25,26,26,29,48,35,28,257,670,1479,1283,967,1099,501,688,509,118,7306
POA2567,52,21,179,96,110,77,32,48,12,623,0,3,0,3,0,0,0,0,0,11,21,25,33,14,9,11,15,9,4,139,26,26,42,26,36,29,39,28,42,289,1715,3007,2268,1502,1768,801,669,544,178,12448
POA2568,4,0,4,4,0,0,0,0,0,7,0,0,0,0,0,0,0,0,0,0,0,0,0,0,0,0,0,0,0,3,0,0,3,0,3,3,0,3,0,18,55,98,84,24,52,12,14,16,5,359
POA2569,3,0,6,3,0,0,3,0,0,18,0,0,0,0,0,0,0,0,0,0,0,0,0,0,0,0,3,0,0,3,3,3,3,0,3,0,3,7,0,27,57,115,102,39,44,22,38,23,5,441
POA2570,68,17,226,103,125,60,45,34,9,682,3,3,3,4,0,0,0,3,0,18,21,11,20,17,21,10,18,5,13,136,42,22,56,28,52,36,31,33,42,349,1947,3508,2602,1443,1834,766,727,625,244,13701
POA2571,19,3,58,38,35,25,9,14,4,201,0,0,0,0,0,0,0,0,0,0,11,7,3,3,4,3,6,0,4,41,10,13,36,15,21,19,18,19,9,159,616,930,847,457,540,226,250,212,47,4131
POA2572,6,3,23,9,10,8,5,5,0,67,0,0,0,0,0,0,0,0,0,0,5,0,6,3,0,0,0,0,3,20,0,4,13,3,10,6,0,8,3,43,160,281,306,142,154,78,80,81,19,1289
POA2573,5,0,21,10,7,6,5,9,0,68,0,0,0,0,0,0,0,0,0,3,3,0,0,0,0,0,3,4,0,11,6,4,21,7,5,6,8,10,5,70,130,246,298,203,162,89,111,114,23,1361
POA2574,9,3,30,11,15,6,9,7,0,88,0,0,0,0,0,0,0,0,0,0,3,3,0,0,3,0,5,3,0,17,3,3,10,4,5,3,4,11,9,53,213,302,397,186,199,95,127,115,29,1657
POA2575,35,7,124,45,24,24,18,47,0,316,0,0,0,0,0,0,0,4,0,6,13,13,5,5,8,5,3,5,3,55,15,6,29,8,22,10,7,26,15,138,627,1129,998,535,507,271,207,341,65,4676
POA2576,36,3,70,31,21,29,7,18,0,212,0,0,0,0,0,0,0,0,0,0,9,11,0,4,7,0,3,8,0,41,12,10,4,7,4,12,3,14,11,77,696,1288,475,344,382,266,68,152,52,3730
POA2577,42,5,131,48,21,20,18,31,0,323,3,0,0,3,0,0,0,3,0,13,14,4,4,4,4,5,3,10,0,50,17,6,27,12,18,19,19,20,15,153,768,1151,859,529,505,263,239,348,69,4728
POA2578,10,0,17,5,3,0,0,0,0,39,0,0,0,0,0,0,0,0,0,0,3,0,0,0,4,0,0,0,0,9,0,3,4,5,3,0,0,3,0,20,95,206,135,89,106,36,24,27,14,731
POA2579,4,0,21,11,9,8,9,6,3,62,0,0,0,0,0,0,0,0,0,0,0,0,0,0,0,0,0,0,0,13,9,3,5,3,4,3,11,9,4,55,184,288,239,117,119,57,73,83,15,1173
POA2580,61,12,174,84,46,54,16,50,7,499,0,0,0,0,0,0,3,5,0,13,8,6,7,11,18,3,11,10,9,87,37,23,32,46,27,31,35,43,33,318,1116,1701,1310,1368,938,445,454,516,121,7982
POA2581,0,0,7,5,4,0,0,0,0,25,0,0,0,0,0,0,0,0,0,0,4,0,0,0,3,0,3,0,0,11,7,7,0,0,3,0,5,0,0,27,215,157,109,65,95,22,34,38,13,742
POA2582,14,6,55,23,33,5,8,25,3,178,0,0,0,0,0,0,0,0,0,3,18,19,3,9,10,0,3,0,3,69,13,11,15,18,21,14,8,9,21,138,871,1091,569,456,584,151,126,206,83,4139
POA2583,9,0,19,13,3,0,3,3,0,51,0,0,0,0,0,0,0,0,0,0,7,0,4,0,0,0,3,0,5,21,15,3,10,4,6,0,3,11,4,66,267,202,211,148,117,42,53,78,18,1133
POA2584,0,0,3,0,3,0,0,0,0,5,0,0,0,0,0,0,0,0,0,0,0,0,0,0,0,0,0,0,0,0,0,0,0,0,0,0,0,0,0,8,30,28,25,17,15,10,6,12,3,139
POA2585,0,0,3,0,0,0,0,0,0,4,0,0,0,0,0,0,0,0,0,0,0,0,0,0,0,0,0,0,0,0,0,0,0,0,0,0,0,0,0,4,14,10,8,10,7,0,3,9,0,55
POA2586,0,0,8,6,0,0,0,3,0,23,0,0,0,0,0,0,0,0,0,0,0,0,0,0,3,0,0,0,0,3,12,0,7,3,0,0,3,8,3,32,192,112,110,71,72,31,19,76,6,684
POA2587,11,0,19,7,6,0,6,8,0,56,0,0,0,0,0,0,0,0,0,0,0,0,3,0,0,0,0,0,0,7,5,7,6,4,0,3,3,3,0,35,152,122,112,72,72,26,43,91,8,697
POA2588,0,0,0,0,0,0,0,0,0,0,0,0,0,0,0,0,0,0,0,0,0,0,0,0,0,0,0,0,0,0,0,0,0,0,0,0,0,0,0,0,36,13,5,9,3,3,0,3,3,75
POA2590,4,0,44,16,9,5,3,22,0,103,0,0,0,0,0,0,0,0,0,5,0,4,3,6,0,0,0,7,0,23,7,0,9,0,4,10,5,11,4,62,234,361,273,236,183,89,79,176,19,1643
POA2594,28,3,61,26,15,25,13,27,0,201,0,0,0,0,0,0,0,3,0,5,5,3,9,3,3,0,3,3,0,32,15,11,16,6,20,20,16,37,10,145,498,558,507,340,288,187,131,282,32,2815
POA2619,26,4,45,22,38,11,4,6,3,157,0,0,0,0,3,0,0,0,0,5,33,7,3,3,12,3,4,0,6,76,7,12,5,6,15,5,0,10,7,58,954,1110,403,309,661,128,47,73,75,3758
POA2620,69,28,251,83,130,69,31,64,12,739,0,3,0,3,0,3,0,0,0,12,39,48,15,32,41,8,13,11,9,218,36,42,56,37,62,22,24,47,52,376,2108,3442,2117,1484,2172,661,424,619,277,13291
POA2621,12,4,29,12,21,3,3,3,5,98,0,0,0,0,0,0,0,0,0,0,3,13,8,0,6,0,0,0,7,34,8,8,15,13,13,5,3,4,4,68,535,639,364,171,364,91,54,64,41,2324
POA2622,8,0,20,0,3,6,4,3,0,47,0,0,0,0,0,0,0,0,0,0,3,4,0,0,3,0,0,5,0,25,12,3,5,4,6,3,6,12,3,50,268,292,167,93,125,54,56,71,32,1158
POA2623,0,0,3,0,5,0,3,0,0,16,0,0,0,0,0,0,0,0,0,0,0,0,0,0,0,0,0,0,0,0,0,0,0,3,0,0,0,0,0,5,26,39,38,26,22,10,14,10,0,188
POA2625,10,0,11,0,0,0,0,3,0,26,0,0,0,0,0,0,0,0,0,0,3,0,0,0,0,0,0,0,0,0,0,0,0,0,0,0,0,0,0,4,41,17,16,22,11,6,8,9,0,138
POA2626,0,0,3,0,0,0,0,3,0,5,0,0,0,0,0,0,0,0,0,0,3,0,0,0,0,0,0,0,0,3,0,0,0,0,3,0,3,0,0,10,41,29,29,20,24,4,9,9,4,162
POA2627,29,0,55,26,13,13,0,12,0,147,0,0,0,0,0,0,0,0,0,3,3,3,0,8,5,0,0,3,3,29,15,3,6,13,8,10,6,10,3,76,340,327,355,254,197,153,74,159,34,1892
POA2628,3,0,9,8,0,9,0,4,0,38,0,0,0,0,0,0,0,0,0,0,3,3,0,0,0,0,0,0,0,13,8,0,4,0,0,0,0,3,11,30,143,104,114,80,74,40,29,60,15,653
POA2629,0,0,4,6,0,0,0,0,0,11,0,0,0,0,0,0,0,0,0,0,0,0,0,0,0,0,0,0,0,3,0,0,0,0,0,0,0,0,0,6,42,10,22,17,15,9,0,22,4,137
POA2630,10,4,41,18,15,6,4,19,0,122,0,0,0,0,0,0,0,0,0,5,8,7,3,9,3,0,3,4,0,39,23,3,18,11,13,7,6,19,10,121,421,571,387,299,295,146,104,189,32,2451
POA2631,0,0,3,0,0,0,0,0,0,3,0,0,0,0,0,0,0,0,0,0,0,0,0,0,3,0,0,0,0,7,6,0,0,0,0,0,0,4,0,6,56,29,18,4,21,8,9,13,3,159
POA2632,4,0,7,4,3,5,0,5,0,29,0,0,0,0,0,0,0,0,0,0,3,0,0,0,0,0,0,0,0,5,0,3,3,4,4,0,10,3,0,31,109,82,67,45,50,19,60,40,10,478
POA2633,0,0,0,0,0,0,0,0,0,3,0,0,0,0,0,0,0,0,0,0,0,0,0,0,0,0,0,0,0,0,0,0,0,0,0,0,0,3,0,3,25,11,12,6,12,0,4,14,0,85
POA2640,89,10,273,122,65,84,30,64,4,754,3,4,0,3,4,3,0,4,0,19,25,27,15,17,14,9,9,8,0,134,28,20,40,32,18,31,17,51,26,258,1586,3555,1933,1360,1442,632,450,590,131,11674
POA2641,20,8,104,50,20,40,22,34,4,302,0,3,0,0,3,0,0,0,0,10,9,3,0,4,0,5,5,5,0,36,7,0,16,7,5,15,21,26,20,130,324,652,774,592,458,290,283,319,61,3750
POA2642,10,0,33,10,12,5,5,6,0,78,0,0,0,0,0,0,0,0,0,3,4,3,0,0,0,0,3,0,6,17,17,4,12,3,3,6,7,14,3,65,337,300,270,145,167,61,65,107,25,1471
POA2643,3,0,9,5,4,0,4,7,0,30,0,0,0,0,0,0,0,0,0,7,0,0,0,0,0,0,0,0,0,5,3,0,9,4,3,4,4,3,0,32,91,109,138,66,75,37,40,48,5,609
POA2644,3,0,7,3,0,6,0,3,0,33,0,0,0,0,0,0,0,0,0,0,3,0,0,0,0,0,0,0,0,5,3,0,6,4,3,0,4,3,0,27,175,114,76,68,67,32,37,57,10,638
POA2645,0,0,0,0,0,0,0,0,0,0,0,0,0,0,0,0,0,0,0,0,0,0,0,0,0,0,0,0,0,0,0,0,0,0,0,0,0,3,0,5,19,14,8,8,3,6,8,12,0,74
POA2646,16,3,34,25,10,12,0,24,0,124,0,0,0,0,0,0,0,0,0,4,3,0,0,3,0,0,3,5,0,15,18,7,12,6,3,3,13,15,3,84,307,302,298,194,149,87,102,200,26,1663
POA2647,11,0,14,6,3,6,3,7,0,44,0,0,0,0,0,0,0,0,0,0,0,3,0,0,0,0,0,0,0,7,0,4,10,7,3,0,3,12,0,37,95,86,124,69,37,26,29,48,10,521
POA2648,6,0,13,3,4,4,0,3,0,29,0,0,0,0,0,0,0,0,0,0,0,0,0,3,0,0,0,0,0,10,7,0,3,0,3,3,5,3,3,33,123,89,71,53,43,29,34,56,11,514
POA2649,0,0,0,0,0,0,0,0,0,0,0,0,0,0,0,0,0,0,0,0,0,0,0,0,0,0,0,0,0,0,0,0,0,0,0,0,0,0,0,0,0,0,3,0,0,0,3,0,0,6
POA2650,107,21,384,164,121,126,28,113,4,1071,3,8,3,3,0,3,3,10,0,41,30,34,24,33,33,16,23,15,3,213,50,40,70,55,51,50,40,76,47,477,2303,5143,3216,2169,2190,1046,630,1030,184,17907
POA2651,0,0,11,11,3,3,0,6,0,37,0,0,0,0,0,0,0,0,0,0,0,3,4,0,0,0,0,0,0,13,4,0,4,3,3,0,0,3,0,20,58,123,196,130,76,28,51,44,14,727
POA2652,17,0,21,4,6,6,9,14,0,71,0,0,0,0,0,0,0,0,0,0,0,3,0,0,3,0,0,4,0,16,21,0,5,3,3,4,9,10,3,65,371,192,206,119,133,52,81,123,26,1300
POA2653,3,0,8,12,0,0,3,9,0,33,0,0,0,0,0,0,0,0,0,0,0,0,0,0,0,0,0,3,0,3,7,0,7,0,3,0,10,9,0,29,121,85,92,84,43,16,55,68,9,570
POA2655,0,0,8,0,0,0,0,6,0,24,0,0,0,0,0,0,0,0,0,0,0,0,0,0,0,0,3,0,0,7,0,3,3,0,0,0,0,3,0,13,86,72,58,36,35,13,22,27,10,364
POA2656,4,0,6,3,3,0,0,3,0,11,0,0,0,0,0,0,0,0,0,0,3,0,0,0,0,0,0,0,0,3,0,0,3,0,0,0,3,0,0,11,109,63,33,31,35,13,21,18,10,327
POA2658,3,0,7,0,0,0,3,0,0,10,0,0,0,0,0,0,0,0,0,0,0,0,0,0,0,0,0,0,0,0,3,0,3,3,3,0,0,3,0,18,81,55,43,41,39,17,16,22,3,312
POA2659,0,0,0,0,0,0,0,0,0,9,0,0,0,0,0,0,0,0,0,0,0,0,0,0,0,0,0,0,0,3,3,0,0,0,0,0,0,0,0,8,62,41,30,21,27,10,13,17,4,210
POA2660,3,0,10,3,0,0,0,0,0,25,0,0,0,0,0,0,0,0,0,0,0,0,0,0,0,0,0,0,0,3,0,0,0,0,0,0,0,4,0,11,83,84,67,47,40,17,16,32,0,388
POA2661,0,3,0,10,4,0,0,0,0,19,0,0,0,0,0,0,0,0,0,0,7,0,0,4,0,0,0,0,0,10,0,0,0,3,0,0,0,0,0,3,22,40,15,118,11,3,8,0,7,214
POA2663,0,0,24,11,5,6,8,9,0,69,0,0,0,0,0,0,0,4,0,0,0,0,0,0,0,0,5,3,0,8,10,7,7,6,13,3,7,12,3,59,143,176,159,185,117,53,86,113,10,1048
POA2665,8,0,9,3,0,3,0,3,0,26,0,0,0,0,0,0,0,0,0,0,0,0,0,0,0,0,0,0,0,4,14,0,0,0,0,0,0,0,3,19,199,89,51,44,40,19,14,28,4,495
POA2666,9,0,34,9,5,14,3,5,0,82,0,0,0,0,0,0,0,3,0,3,0,0,0,3,0,0,0,0,0,8,14,3,4,6,10,10,0,5,3,54,292,310,240,157,141,81,66,83,16,1387
POA2668,0,0,0,0,0,0,0,3,0,3,0,0,0,0,0,0,0,0,0,0,0,0,0,0,0,0,0,0,0,0,3,0,0,0,0,0,0,0,0,4,25,14,13,3,4,3,4,9,3,76
POA2669,10,0,0,0,0,3,0,0,0,13,0,0,0,0,0,0,0,0,0,0,0,0,0,0,0,0,0,0,0,0,9,0,0,0,3,0,3,3,0,26,185,60,39,26,24,5,27,36,6,404
POA2671,10,0,19,11,3,3,8,3,0,62,0,0,0,0,0,0,0,0,0,0,0,0,5,3,0,0,0,0,0,12,16,5,7,3,3,3,9,11,7,61,158,201,200,101,117,58,92,74,22,1022
POA2672,3,0,9,3,3,4,0,0,0,19,0,0,0,0,0,0,0,0,0,0,0,0,0,0,0,0,0,0,0,0,5,0,7,4,0,0,0,3,3,21,58,65,41,25,28,10,5,23,0,262
POA2675,3,0,5,0,3,0,0,5,0,26,0,0,0,0,0,0,0,0,0,0,0,0,0,0,0,0,3,0,0,3,5,0,0,0,4,0,3,20,3,41,119,57,58,40,42,10,36,69,3,423
POA2678,0,0,0,3,0,0,0,0,0,6,0,0,0,0,0,0,0,0,0,0,0,0,0,0,0,0,0,0,0,0,0,0,0,0,0,0,0,0,0,0,0,3,0,18,3,7,0,4,0,33
POA2680,40,5,134,59,44,39,11,62,0,402,0,0,0,3,6,0,0,8,0,19,20,10,3,9,11,6,3,18,11,84,28,10,22,29,27,23,25,69,34,277,901,1318,1150,678,700,379,290,696,100,6213
POA2681,4,0,14,3,3,6,0,11,0,36,0,0,0,0,0,0,0,0,0,0,0,0,0,0,0,0,0,0,0,8,6,0,3,0,3,0,4,9,3,36,76,81,91,44,50,20,27,72,14,472
POA2700,8,0,20,8,7,3,0,11,0,55,0,0,0,0,0,0,0,0,0,5,4,0,0,3,0,6,0,0,0,11,14,3,3,3,11,8,7,15,3,65,191,217,203,137,113,46,45,125,11,1091
POA2701,0,3,8,6,4,3,3,3,0,28,0,0,0,0,0,0,0,0,0,0,3,0,0,0,3,0,0,0,0,14,8,3,4,0,3,5,0,5,3,37,118,145,103,89,69,36,32,45,12,638
POA2702,0,0,10,0,0,0,0,4,0,11,0,0,0,0,0,0,0,0,0,0,0,0,0,0,0,0,0,0,0,0,0,0,0,0,0,0,0,3,4,6,27,26,37,16,16,3,9,18,4,156
POA2703,0,0,4,0,0,0,4,0,0,14,0,0,0,0,0,0,0,0,0,0,0,0,0,0,0,0,0,0,0,3,0,0,0,0,0,0,0,4,0,10,15,34,40,10,8,5,16,21,0,150
POA2705,23,0,48,32,17,9,4,28,0,163,0,0,0,3,0,0,0,0,0,5,0,4,0,0,4,0,4,6,0,26,34,16,15,15,15,12,21,33,11,165,386,541,475,240,285,101,163,288,55,2536
POA2706,0,0,4,3,0,0,0,3,0,18,0,0,0,0,0,0,0,0,0,0,0,0,0,0,3,0,0,0,0,4,0,0,3,3,0,3,3,4,0,17,46,36,33,33,35,18,13,36,3,259
POA2707,6,0,3,3,0,0,3,6,0,21,0,0,0,0,0,0,0,0,0,0,0,0,0,0,0,0,0,0,0,3,4,0,0,0,0,3,4,3,0,16,120,65,46,33,35,6,21,34,7,360
POA2710,19,3,52,21,12,16,3,22,3,153,0,0,0,0,0,0,3,4,3,9,6,7,3,4,6,0,0,4,0,27,18,7,17,15,13,18,16,25,13,149,480,550,407,332,268,121,142,258,48,2613
POA2711,4,0,23,3,3,0,0,3,0,38,0,0,0,0,0,0,0,0,0,0,3,0,0,0,0,0,3,0,0,4,8,4,8,5,8,4,4,4,7,54,186,126,119,89,88,31,54,74,17,777
POA2712,3,0,8,3,3,0,0,3,0,20,0,0,0,0,0,0,0,0,0,0,3,0,0,0,0,0,0,0,0,3,3,0,3,3,0,3,3,3,0,22,73,54,44,42,35,17,19,28,5,314
POA2713,3,0,13,6,5,4,0,7,0,45,0,0,0,0,0,0,0,0,0,0,0,0,0,0,0,0,0,3,0,6,4,0,3,3,3,6,4,3,3,34,141,136,87,85,75,40,40,74,8,682
POA2714,8,3,12,3,0,3,0,10,0,42,0,0,0,0,0,0,0,0,0,0,3,0,0,0,0,0,3,0,0,7,6,0,4,9,0,0,4,4,4,31,150,105,103,80,53,16,38,52,7,600
POA2715,7,0,6,3,0,0,3,3,0,31,0,0,0,0,0,0,0,0,0,0,0,0,0,0,0,0,0,4,0,6,4,0,3,3,0,0,7,3,0,18,51,52,42,44,26,10,23,35,3,297
POA2716,0,0,4,0,3,3,0,0,0,12,0,0,0,0,0,0,0,0,0,0,0,0,0,0,0,0,0,0,0,3,3,0,5,3,0,0,0,0,0,12,68,36,47,25,34,14,12,14,3,258
POA2717,3,0,3,5,0,0,3,0,0,9,0,0,0,0,0,0,0,0,0,0,0,0,0,0,0,0,0,0,0,0,5,4,0,5,5,0,0,0,0,22,40,43,29,34,22,4,21,16,0,217
POA2720,13,5,41,19,4,9,8,19,0,120,0,0,0,0,0,0,0,0,0,3,3,3,3,0,0,0,7,0,0,26,10,3,11,13,13,10,15,18,9,92,256,449,422,224,218,97,163,137,23,1993
POA2721,3,0,0,0,0,0,0,0,0,3,0,0,0,0,0,0,0,0,0,0,0,0,0,0,0,0,0,0,0,0,0,0,0,0,0,0,0,0,0,3,36,5,3,0,7,0,0,5,0,56
POA2722,4,0,12,6,3,11,3,16,0,57,0,0,0,0,0,0,0,0,0,0,0,0,0,0,0,0,0,3,0,6,7,0,3,5,0,3,3,10,7,40,131,127,144,92,64,41,45,90,13,752
POA2725,0,0,0,0,0,0,0,0,0,5,0,0,0,0,0,0,0,0,0,0,0,0,0,0,0,0,0,0,0,0,0,0,0,0,0,0,0,0,0,3,24,18,13,9,5,0,11,10,3,78
POA2726,0,0,0,0,0,0,0,3,0,8,0,0,0,0,0,0,0,0,0,0,0,0,0,0,0,0,0,0,0,0,3,0,0,0,0,0,0,0,0,3,24,6,3,5,0,3,9,3,0,55
POA2727,0,0,0,0,3,0,0,0,0,8,0,0,0,0,0,0,0,0,0,0,0,0,0,0,0,0,0,0,0,0,4,0,0,0,0,0,4,0,0,6,53,20,6,6,17,4,4,13,0,115
POA2729,3,0,4,3,0,0,0,0,0,16,0,0,0,0,0,0,0,0,0,0,0,0,0,0,3,0,4,3,0,14,9,0,3,3,3,0,0,3,0,26,110,75,66,41,43,10,36,41,4,429
POA2730,3,0,3,6,3,3,0,9,0,20,0,0,0,0,0,0,0,0,0,0,0,0,0,0,0,0,0,0,0,7,3,0,0,6,0,0,4,13,3,24,41,54,53,46,33,9,28,75,6,352
POA2731,18,5,61,27,12,15,3,9,0,151,0,0,0,0,0,0,0,0,0,0,3,0,4,0,3,0,3,0,0,21,12,8,4,10,7,4,4,7,3,62,346,394,277,188,141,106,63,129,10,1655
POA2732,5,0,6,3,3,6,0,3,0,27,0,0,0,0,0,0,0,0,0,0,0,0,0,0,0,0,0,0,0,6,3,3,5,3,0,0,0,9,0,24,100,96,54,36,33,19,18,44,10,407
POA2733,0,0,0,0,0,0,0,0,0,0,0,0,0,0,0,0,0,0,0,0,0,0,0,0,0,0,0,0,0,0,3,0,0,0,0,0,0,3,0,12,44,19,16,10,15,3,7,29,3,144
POA2734,0,0,3,0,0,0,0,0,0,5,0,0,0,0,0,0,0,0,0,0,0,0,0,0,0,0,0,0,0,0,0,0,0,0,0,0,0,0,0,3,36,33,10,7,13,10,0,10,0,116
POA2735,0,0,0,0,0,0,0,0,0,3,0,0,0,0,0,0,0,0,0,0,0,0,0,0,0,0,0,0,0,0,0,0,0,0,0,0,0,0,0,3,24,10,24,7,8,5,3,7,0,86
POA2736,0,0,3,0,4,0,0,0,0,10,0,0,0,0,0,0,0,0,0,0,0,0,0,0,0,0,0,0,0,0,3,0,0,3,0,0,0,0,0,5,25,16,18,13,9,0,4,10,0,91
POA2737,0,0,4,0,6,0,0,3,0,11,0,0,0,0,0,0,0,0,0,0,0,0,0,0,0,0,0,0,0,6,3,0,4,3,0,0,0,5,0,17,28,26,32,13,24,0,8,17,3,153
POA2738,0,0,10,4,8,0,0,4,0,31,0,0,0,3,0,0,0,0,0,3,0,0,0,0,0,0,0,0,0,3,3,0,5,0,0,7,0,0,0,17,89,119,110,53,58,27,24,34,8,517
POA2739,3,0,11,4,0,4,0,3,0,22,0,0,0,0,0,0,0,0,0,0,0,0,0,0,0,0,0,0,0,3,0,0,3,0,0,0,3,4,0,19,61,85,73,46,37,28,15,23,0,374
POA2745,61,30,141,62,102,49,35,31,4,521,0,0,0,0,0,0,0,0,0,7,28,24,12,20,14,5,18,15,5,134,21,16,30,27,28,13,18,15,34,205,1415,2410,1710,1109,1605,527,540,404,145,9861
POA2747,62,25,238,118,126,77,65,73,10,794,3,3,0,6,3,5,3,4,0,26,28,11,16,16,27,7,22,11,7,140,23,22,52,32,48,33,68,51,54,377,1198,2688,2262,1553,1943,772,906,752,225,12304
POA2748,0,0,15,3,4,5,0,3,0,30,0,0,0,0,0,0,0,0,0,3,0,0,0,0,0,0,3,0,0,6,7,0,5,0,0,0,3,4,4,22,98,141,117,44,81,34,41,29,10,588
POA2749,33,11,79,28,67,30,17,25,3,286,0,0,0,0,0,0,0,0,0,0,6,10,7,4,3,7,5,6,6,55,14,6,11,15,22,3,20,14,16,122,635,1156,1061,546,787,306,298,283,69,5156
POA2750,78,18,227,119,124,73,41,57,9,750,0,4,0,3,6,0,0,3,0,15,21,16,25,11,25,15,23,15,5,159,20,21,55,32,43,44,34,45,58,349,1508,3234,2318,1564,1955,771,737,703,204,12993
POA2752,11,3,21,9,13,9,4,12,3,79,0,0,0,0,0,0,0,0,0,4,3,0,3,0,0,0,0,3,0,9,7,3,9,3,4,3,6,6,10,53,219,272,340,158,233,83,117,101,46,1567
POA2753,36,3,102,50,39,28,16,26,4,298,4,0,0,0,0,0,0,4,0,15,4,11,7,5,0,3,9,3,3,53,10,10,26,6,17,12,31,19,11,150,662,1122,1166,608,641,304,304,296,79,5180
POA2754,8,4,45,5,17,11,4,12,0,104,0,0,0,0,0,0,0,0,0,0,4,8,5,4,7,0,3,0,0,25,3,3,0,3,0,3,7,0,13,33,205,385,353,209,222,99,92,85,32,1673
POA2755,0,0,0,0,0,0,0,0,0,4,0,0,0,0,0,0,0,0,0,0,0,0,0,0,0,0,0,0,0,8,0,0,0,0,0,0,0,0,0,0,11,25,23,20,3,0,4,0,0,84
POA2756,68,19,185,108,109,62,39,54,6,655,0,0,5,0,0,0,0,3,0,9,24,18,18,12,23,11,15,3,6,133,38,16,75,29,45,14,34,45,43,342,1465,1985,2568,1192,1541,578,635,660,165,10793
POA2757,0,0,3,0,0,0,0,0,0,8,0,0,0,0,0,0,0,0,0,0,0,0,0,0,0,0,0,0,0,3,0,0,0,0,0,0,0,3,0,3,45,72,56,30,44,10,12,20,3,287
POA2758,18,7,49,17,27,15,3,17,0,149,0,3,0,0,0,0,0,0,0,5,4,7,14,9,5,0,0,3,0,41,8,8,18,11,15,6,3,15,25,116,507,780,688,276,400,157,132,159,66,3173
POA2759,38,12,120,65,86,59,42,42,5,457,0,0,0,0,3,0,0,4,0,11,9,17,10,14,13,3,26,9,4,103,15,17,40,12,30,27,38,34,27,240,808,1530,1598,929,1363,486,624,508,130,7979
POA2760,37,13,149,45,70,47,44,65,3,472,3,0,0,0,3,0,4,0,0,21,23,10,10,13,16,3,28,8,3,110,17,20,43,32,55,31,74,65,56,392,688,1563,1298,1120,1292,496,840,675,157,8128
POA2761,28,14,142,65,54,36,49,42,8,438,0,0,0,3,0,4,3,0,0,18,9,17,25,22,22,10,24,17,4,154,13,18,37,23,33,13,53,36,47,269,764,2074,1504,1084,1505,531,916,618,151,9152
POA2762,7,0,30,12,15,9,3,5,4,82,0,0,0,0,0,0,0,0,0,3,0,0,9,3,6,0,5,0,3,22,6,3,9,0,5,0,3,7,6,42,224,486,291,163,278,100,87,85,22,1740
POA2763,50,9,155,73,61,59,45,39,7,496,0,0,0,0,0,0,4,6,0,11,27,26,20,17,29,16,16,12,6,172,13,21,37,21,26,17,27,18,31,213,1289,3144,1531,1152,1786,710,625,502,178,10920
POA2765,30,6,102,33,34,25,14,13,3,259,0,0,0,0,0,0,0,0,0,0,3,13,14,0,10,0,10,0,3,47,13,5,21,11,15,13,25,18,18,129,638,887,975,374,624,253,299,247,80,4382
POA2766,14,3,61,24,24,25,21,25,3,192,0,0,0,0,0,0,0,4,0,7,7,9,11,9,8,7,9,7,3,65,13,16,21,14,17,12,18,26,19,151,333,1035,694,554,719,293,415,333,81,4468
POA2767,15,10,77,28,17,26,36,32,6,245,0,0,0,0,0,0,3,0,0,9,13,20,3,16,23,9,21,15,7,121,5,7,18,24,14,14,20,26,32,169,602,1840,906,709,1220,418,543,435,139,6808
POA2768,42,16,93,43,49,53,26,29,9,357,3,0,3,0,6,3,3,3,0,25,19,30,15,15,31,20,25,15,3,177,14,21,15,27,36,21,21,11,35,196,1643,3547,1119,899,1623,612,456,363,146,10407
POA2769,20,5,52,17,27,14,10,8,0,155,0,0,0,0,4,0,0,0,0,4,7,7,10,10,20,4,13,3,0,78,18,12,3,3,8,3,6,0,11,76,765,1721,498,333,696,266,157,120,74,4623
POA2770,44,15,172,80,66,67,57,78,14,595,0,0,5,0,0,3,8,8,3,27,7,8,22,12,29,5,31,10,6,140,24,24,64,53,47,32,131,134,94,590,716,1917,1844,1561,1645,700,1276,1069,276,11004
POA2773,10,0,5,16,11,7,3,4,0,54,0,0,0,0,0,0,0,0,0,0,3,12,0,0,4,0,0,0,0,26,3,7,4,0,4,0,4,5,6,36,410,926,252,189,274,100,53,54,36,2294
POA2774,22,9,47,30,30,16,4,11,0,174,3,0,0,0,0,0,0,0,0,5,6,16,0,5,11,0,6,0,3,57,9,16,10,7,6,9,11,5,12,88,679,1793,663,464,633,223,137,202,57,4851
POA2775,7,0,13,6,0,5,0,3,0,33,0,0,0,0,0,0,0,0,0,0,0,3,0,0,0,0,0,0,0,9,0,0,4,0,4,3,0,0,0,16,68,78,90,42,31,24,13,39,6,398
POA2776,0,4,21,13,4,4,0,0,0,47,0,0,0,0,0,0,0,0,0,6,0,8,0,4,3,0,0,3,0,17,3,6,7,0,4,0,0,3,9,30,164,553,225,178,179,58,27,45,27,1462
POA2777,29,10,78,43,41,19,6,12,3,244,3,0,0,0,0,0,0,0,0,7,14,27,7,11,6,4,0,0,6,83,12,16,20,15,16,6,15,15,14,131,779,2231,943,708,776,270,176,254,90,6213
POA2778,3,3,12,3,4,0,0,0,0,34,0,3,0,0,0,0,0,0,0,0,0,3,0,0,0,0,0,0,0,9,0,0,3,0,0,0,0,3,0,12,112,335,130,120,92,28,25,42,5,895
POA2779,12,3,26,12,13,10,4,7,0,78,0,0,0,0,0,0,0,3,0,3,3,11,5,3,3,3,3,0,0,32,4,0,9,4,3,0,6,6,3,41,191,600,277,241,199,76,64,106,22,1783
POA2780,28,3,104,59,15,16,15,21,0,272,0,0,0,3,0,0,0,4,0,6,13,22,3,11,9,3,3,4,6,79,12,10,16,20,7,6,9,22,12,112,518,1419,526,571,440,221,123,265,53,4131
POA2782,12,0,28,16,13,4,3,10,0,88,0,0,0,0,0,0,0,0,0,3,10,12,0,8,4,3,0,3,0,40,3,11,0,3,3,3,4,0,5,26,287,669,211,227,204,108,57,97,23,1887
POA2783,0,3,23,8,3,0,0,7,0,43,0,0,0,0,0,0,0,0,0,0,0,6,0,0,0,0,0,0,0,15,0,5,3,3,4,0,3,7,3,24,100,294,126,118,98,38,38,58,15,887
POA2784,4,0,10,3,3,0,0,0,0,18,0,0,0,0,0,0,0,0,0,0,0,3,0,0,3,0,0,0,0,8,0,0,0,0,0,0,0,0,0,3,51,132,73,56,50,25,23,27,8,440
POA2785,11,0,33,13,8,7,3,9,0,82,0,0,0,0,0,0,0,0,0,0,3,6,0,0,5,0,0,0,0,11,4,8,0,6,10,4,3,3,0,35,196,516,197,161,151,81,48,90,15,1451
POA2786,3,0,10,0,0,5,0,0,0,22,0,0,0,0,0,0,0,0,0,0,0,3,0,0,0,0,0,0,0,3,0,3,0,0,0,0,0,0,0,6,53,91,75,41,37,21,11,20,3,357
POA2787,7,0,14,14,9,7,7,8,0,66,0,0,0,0,0,0,0,0,0,0,3,3,0,0,0,0,0,0,0,9,13,0,6,4,0,0,9,11,5,63,186,176,200,105,89,42,122,80,25,1035
POA2790,21,7,91,32,38,13,15,29,4,251,0,0,4,0,0,0,0,0,0,11,5,3,6,0,6,3,8,0,0,30,18,9,29,13,14,18,23,22,14,156,389,701,833,477,468,182,342,267,56,3710
POA2791,0,0,3,0,0,0,0,0,0,4,0,0,0,0,0,0,0,0,0,0,0,3,0,0,0,0,0,0,0,3,3,0,0,0,0,0,0,0,0,4,33,12,14,15,6,6,3,3,0,91
POA2792,0,0,0,0,0,0,0,0,0,3,0,0,0,0,0,0,0,0,0,0,0,0,0,0,0,0,0,0,0,0,0,0,0,0,0,0,0,0,0,4,31,19,13,3,12,4,12,13,0,106
POA2793,4,0,3,0,0,0,0,0,0,13,0,0,0,0,0,0,0,0,0,0,0,0,0,0,0,0,0,0,0,4,3,0,0,0,0,0,0,0,0,7,69,29,38,23,22,12,9,14,3,204
POA2794,13,3,51,24,12,13,8,17,0,143,0,0,0,0,0,0,0,0,0,0,3,8,3,5,3,3,0,3,0,25,9,13,12,14,7,17,12,17,8,118,347,515,416,327,230,171,105,221,37,2370
POA2795,82,23,269,123,62,53,33,79,7,741,0,0,0,0,4,3,0,4,0,16,14,22,16,18,24,7,21,8,12,139,31,22,59,32,30,33,29,68,44,349,1664,3292,2165,1690,1477,705,568,878,170,12606
POA2797,0,0,3,0,0,0,0,0,0,12,0,0,0,0,0,0,0,0,0,0,0,0,0,0,0,0,0,0,0,0,0,0,0,0,3,0,0,3,0,9,20,15,15,10,18,5,4,13,4,114
POA2798,8,0,9,0,4,0,0,3,0,21,0,0,0,0,0,0,0,0,0,0,0,4,0,0,0,0,0,0,0,8,5,0,6,0,0,0,0,0,0,16,138,221,121,51,82,20,22,32,10,702
POA2799,12,0,25,8,3,6,5,9,0,73,0,0,0,0,0,0,0,0,0,0,0,0,3,3,0,0,0,0,0,12,13,3,4,5,3,6,10,3,3,50,144,200,212,137,120,62,95,93,15,1083
POA2800,98,19,262,129,94,79,52,75,5,814,0,0,0,4,0,4,0,7,0,12,30,20,11,12,20,3,14,13,4,123,40,27,59,50,45,50,40,69,39,420,1785,4018,2332,1589,1739,771,638,769,159,13799
POA2803,3,0,0,0,0,0,0,0,0,3,0,0,0,0,0,0,0,0,0,0,0,0,0,0,0,0,0,0,0,0,0,0,0,0,0,0,0,0,0,8,15,12,10,9,13,0,4,13,3,71
POA2804,4,0,3,11,0,3,0,3,0,33,0,0,0,0,0,0,0,0,0,0,0,3,0,0,0,0,0,0,3,11,4,4,6,3,0,0,5,3,3,26,156,147,95,96,64,29,35,50,12,689
POA2805,0,0,3,0,0,0,0,3,0,7,0,0,0,0,0,0,0,0,0,0,0,0,0,0,0,0,0,0,0,0,4,0,0,0,0,0,0,3,0,6,31,13,9,7,6,6,11,14,0,98
POA2806,0,0,9,4,0,0,0,0,0,8,0,0,0,0,0,0,0,0,0,0,0,0,0,0,0,0,0,0,0,0,0,0,3,3,0,0,0,3,3,10,46,38,38,19,14,11,13,24,3,203
POA2807,0,0,0,0,0,0,0,0,0,3,0,0,0,0,0,0,0,0,0,0,0,0,0,0,0,0,0,0,0,0,3,0,0,0,0,0,0,0,0,7,29,9,7,10,9,4,6,9,3,80
POA2808,0,0,0,0,0,0,0,0,0,4,0,0,0,0,0,0,0,0,0,0,0,0,0,0,0,0,0,0,0,0,0,0,0,0,0,0,0,0,0,0,12,3,3,0,5,3,3,7,0,37
POA2809,0,0,0,0,0,0,0,0,0,3,0,0,0,0,0,0,0,0,0,0,0,0,0,0,0,0,0,0,0,0,0,0,0,0,0,0,0,0,0,5,21,13,6,8,6,3,0,5,0,52
POA2810,6,0,9,4,4,0,3,3,0,34,0,0,0,0,0,0,0,0,0,0,3,0,0,0,0,0,0,0,0,7,9,0,7,0,0,4,0,7,0,23,219,148,97,69,71,22,40,64,3,727
POA2817,0,0,0,0,0,0,0,0,0,0,0,0,0,0,0,0,0,0,0,0,0,0,0,0,0,0,0,0,0,0,6,0,3,0,0,0,0,0,0,9,39,14,8,3,5,0,4,4,0,85
POA2818,0,0,7,0,0,3,0,6,0,14,0,0,0,0,0,0,0,0,0,0,0,0,0,0,0,0,0,0,0,3,3,0,0,0,0,0,0,3,0,5,70,49,48,27,39,19,7,23,5,286
POA2820,13,3,19,16,5,6,8,8,0,80,3,0,0,0,0,0,0,0,0,3,3,0,4,4,3,0,4,4,0,22,9,5,11,13,9,8,4,18,10,79,234,275,197,252,130,51,55,127,21,1342
POA2821,6,3,22,10,3,3,7,3,0,57,0,0,0,0,0,0,0,0,0,0,0,0,0,0,0,0,0,0,0,6,11,4,8,3,7,3,7,6,5,53,230,247,199,140,126,48,82,70,12,1154
POA2822,0,0,0,0,0,0,0,0,0,4,0,0,0,0,0,0,0,0,0,0,0,0,0,0,0,0,0,0,0,0,0,0,0,0,0,0,0,0,0,9,20,18,20,12,20,3,4,11,0,107
POA2823,3,0,4,0,0,3,0,3,0,20,0,0,0,0,0,0,0,0,0,0,0,0,0,0,0,0,0,0,0,3,0,0,0,3,3,4,0,3,0,16,86,53,41,30,45,15,14,30,9,325
POA2824,0,0,6,8,4,0,3,3,0,20,0,0,0,0,0,0,0,0,0,0,0,3,0,0,0,0,0,0,0,3,7,0,7,0,0,0,0,3,0,20,112,103,90,52,55,17,33,42,9,505
POA2825,0,3,12,3,3,0,5,3,0,30,0,0,0,0,0,0,0,0,0,3,0,0,0,0,0,0,0,3,0,5,8,7,6,3,4,3,3,4,5,45,107,106,96,76,46,22,46,54,5,561
POA2826,0,0,0,0,0,0,0,0,0,0,0,0,0,0,0,0,0,0,0,0,0,0,0,0,0,0,0,0,0,0,0,0,0,0,0,0,0,4,0,3,24,13,3,10,4,0,0,4,0,61
POA2827,9,0,16,9,8,3,0,3,0,44,0,0,0,0,0,0,0,0,0,0,0,0,0,3,0,0,0,0,0,9,7,0,4,5,3,5,7,6,4,46,164,172,142,140,75,42,34,67,12,837
POA2828,0,0,4,0,0,0,0,0,0,5,0,0,0,0,0,0,0,0,0,0,0,0,0,0,0,0,0,0,3,3,7,0,0,0,4,0,0,4,0,18,63,22,13,19,13,4,4,17,3,156
POA2829,5,0,5,3,5,0,0,7,0,29,0,0,0,0,0,0,0,0,0,0,0,3,0,0,0,0,0,0,0,11,10,4,5,3,3,6,9,10,4,52,156,139,87,89,75,29,23,54,18,677
POA2830,67,23,252,130,74,94,34,82,6,762,0,3,3,0,0,3,0,0,0,13,11,14,9,16,15,12,5,18,5,100,42,39,49,42,41,39,29,58,57,396,1550,3148,2057,1634,1555,839,462,841,175,12256
POA2831,7,0,8,3,0,0,0,0,0,16,0,0,0,0,0,0,0,0,0,0,3,3,0,0,0,0,0,0,0,9,3,0,0,0,0,3,6,5,5,25,160,95,73,39,64,25,31,30,4,524
POA2832,3,0,6,0,0,0,0,6,0,22,0,0,0,0,0,0,0,0,0,0,0,0,0,0,0,0,0,0,0,6,3,0,0,3,4,0,0,6,0,27,98,107,62,79,42,23,22,41,9,491
POA2833,0,0,0,5,0,0,0,0,0,10,0,0,0,0,0,0,0,0,0,0,0,0,0,0,0,0,0,0,0,0,0,4,0,0,3,0,0,3,0,6,25,31,8,18,12,0,4,4,0,108
POA2834,0,0,10,9,0,0,4,3,0,25,0,0,0,0,0,0,0,0,0,0,0,0,0,0,0,0,0,0,0,4,6,4,4,3,0,0,0,3,4,25,54,87,44,79,35,11,25,31,7,373
POA2835,3,0,15,8,4,3,12,0,0,52,0,0,0,0,0,0,0,0,0,4,3,4,0,3,0,0,3,0,0,9,6,4,9,4,4,3,18,13,6,60,139,211,288,113,101,42,132,60,20,1102
POA2836,3,0,0,4,0,0,0,3,0,11,0,0,0,0,0,0,0,0,0,0,0,0,0,0,0,0,0,0,0,0,8,0,3,5,0,0,0,4,0,22,44,23,9,32,10,5,4,22,7,154
POA2838,0,0,0,0,0,0,0,0,0,0,0,0,0,0,0,0,0,0,0,0,0,0,0,0,0,0,0,0,0,0,0,0,0,0,0,0,0,0,0,0,15,14,0,8,0,0,3,10,0,49
POA2839,0,0,0,0,0,0,0,0,0,3,0,0,0,0,0,0,0,0,0,3,0,0,0,0,5,0,0,0,0,5,0,0,3,4,3,0,3,5,3,22,50,56,23,42,20,6,8,19,9,228
POA2840,3,0,15,3,4,0,0,0,0,24,0,0,0,0,0,0,0,0,0,0,0,4,0,0,3,0,0,0,0,6,5,3,0,5,0,0,0,9,6,31,115,142,72,129,55,20,19,41,7,609
POA2842,0,0,0,0,0,0,0,0,0,3,0,0,0,0,0,0,0,0,0,0,0,0,0,0,0,0,0,0,0,0,3,0,0,0,0,0,0,0,0,8,47,30,11,17,11,3,11,9,3,134
POA2843,3,0,7,0,0,0,0,6,0,17,0,0,0,0,0,0,0,0,0,0,0,0,0,0,0,0,0,0,3,6,8,0,3,3,0,0,0,0,0,16,87,69,53,37,24,20,23,25,9,330
POA2844,0,0,3,3,0,0,0,3,0,13,0,0,0,0,0,0,0,0,0,0,0,0,0,0,0,0,0,0,0,3,3,3,3,0,0,5,0,6,3,21,74,49,30,26,18,9,12,25,10,249
POA2845,0,3,9,4,5,3,4,3,0,42,0,0,0,0,0,0,0,0,0,0,0,0,0,3,0,0,0,0,0,0,0,0,4,6,4,0,3,5,0,23,38,68,99,75,63,23,70,29,0,454
POA2846,0,0,3,0,0,0,0,0,0,4,0,0,0,0,0,0,0,0,0,0,0,0,0,0,0,0,0,0,0,0,0,0,0,0,0,0,0,0,0,3,10,6,14,9,4,5,3,10,0,57
POA2847,3,0,6,9,3,0,3,0,0,25,0,0,0,0,0,0,0,0,0,3,0,3,0,0,0,0,4,0,0,8,0,0,9,4,3,3,7,3,3,24,39,71,113,82,63,20,77,24,10,494
POA2848,0,0,5,0,0,0,0,3,0,11,0,0,0,0,0,0,0,0,0,0,0,0,0,0,0,0,0,0,0,0,0,0,6,0,0,0,0,4,0,8,13,37,59,37,14,7,25,22,5,221
POA2849,3,0,6,3,4,3,4,4,0,27,0,0,0,0,0,0,0,0,0,3,3,0,0,0,0,0,0,0,0,6,0,0,0,0,0,3,0,3,0,10,85,65,66,34,39,14,28,30,3,362
POA2850,22,11,101,55,22,37,29,27,0,311,3,0,0,0,0,0,0,0,0,7,10,9,10,3,3,4,19,12,0,66,22,14,36,18,17,23,38,25,21,227,762,991,1042,494,491,277,511,322,57,4950
POA2852,3,0,11,9,3,5,8,8,0,49,0,0,0,0,0,0,0,0,0,0,0,0,0,0,3,0,4,0,0,6,3,0,10,0,3,3,6,12,5,45,99,124,191,90,82,37,106,81,12,820
POA2864,4,3,3,0,0,0,0,0,0,17,0,0,0,0,0,0,0,0,0,0,0,0,0,0,0,0,0,0,0,3,3,0,3,0,0,0,3,3,0,10,61,56,53,12,32,3,13,13,0,246
POA2865,0,0,0,0,0,0,0,3,0,13,0,0,0,0,0,0,0,0,0,0,0,0,0,0,0,0,0,0,0,3,0,0,0,0,0,0,3,3,0,7,55,27,34,23,19,11,13,31,3,211
POA2866,5,0,11,9,3,4,0,4,0,38,0,0,0,0,0,0,0,0,0,0,0,0,0,3,0,0,0,0,0,11,6,0,3,0,6,3,3,3,0,35,167,190,129,89,98,43,31,67,9,829
POA2867,0,0,0,0,0,0,0,0,0,3,0,0,0,0,0,0,0,0,0,0,0,0,0,0,0,0,0,0,0,0,3,0,0,0,0,0,0,0,0,12,57,26,17,8,21,4,3,18,3,162
POA2868,3,0,0,0,0,0,0,3,0,7,0,0,0,0,0,0,0,0,0,0,0,0,0,0,0,0,0,0,0,0,3,0,0,0,0,0,0,0,0,5,42,31,15,13,7,5,6,15,3,136
POA2869,3,0,6,0,3,0,0,0,0,9,0,0,0,0,0,0,0,0,0,0,0,0,0,0,0,0,0,0,0,3,3,3,0,4,0,3,3,3,0,16,90,51,33,39,28,10,30,21,4,305
POA2870,21,3,63,31,22,19,14,19,0,182,0,0,0,0,3,0,0,0,0,3,5,3,5,0,6,0,8,7,0,36,13,10,19,18,9,19,20,22,14,142,451,680,581,369,351,171,265,178,55,3102
POA2871,14,0,37,23,13,8,9,10,3,123,0,0,0,0,0,0,0,0,0,0,0,0,0,5,0,0,0,0,0,10,28,6,15,11,10,12,18,18,16,125,445,505,388,247,251,142,127,178,44,2323
POA2873,0,0,0,0,0,0,0,0,0,3,0,0,0,0,0,0,0,0,0,0,0,0,0,0,0,0,0,0,0,0,0,0,3,0,0,0,0,0,0,5,48,27,14,8,10,0,8,5,0,122
POA2874,0,0,0,0,0,0,0,0,0,3,0,0,0,0,0,0,0,0,0,0,0,0,0,0,0,0,0,0,0,0,0,0,0,0,0,0,0,0,0,5,51,26,11,10,10,0,3,11,3,124
POA2875,0,0,3,0,0,0,3,0,0,9,0,0,0,0,0,0,0,0,0,0,3,0,0,0,0,0,0,0,0,3,3,0,3,0,0,0,0,0,0,11,77,40,24,22,8,6,15,12,6,213
POA2876,0,0,0,0,0,0,0,0,0,5,0,0,0,0,0,0,0,0,0,0,0,0,0,0,0,0,0,0,0,0,0,0,0,0,0,0,0,0,0,4,40,15,15,9,15,3,6,6,0,102
POA2877,11,0,12,10,3,9,0,3,0,47,0,0,0,0,0,0,0,0,0,3,3,0,0,0,0,0,0,0,0,6,19,3,9,0,3,3,9,6,7,69,202,162,131,110,74,50,64,56,13,864
POA2878,0,0,0,4,0,0,0,0,0,3,0,0,0,0,0,0,0,0,0,0,0,0,0,0,0,0,0,0,0,0,0,3,0,0,0,0,0,0,0,9,23,5,0,20,3,0,6,12,0,66
POA2879,0,0,3,0,3,0,0,0,0,4,0,0,0,0,0,0,0,0,0,0,0,0,0,0,0,0,0,0,0,0,0,0,0,0,3,0,0,0,4,11,14,21,6,12,8,0,0,5,6,79
POA2880,24,9,104,54,18,13,11,25,3,266,0,0,0,3,0,0,3,0,0,4,8,3,4,13,6,3,10,3,0,53,15,12,21,30,20,28,19,31,14,191,477,1024,830,705,466,191,279,246,57,4279
POA2898,4,0,11,0,0,0,0,5,0,20,0,0,0,0,0,0,0,0,0,0,0,0,0,0,0,0,0,0,0,0,3,0,3,0,0,0,0,0,3,11,32,19,30,22,20,8,3,24,7,158
