POA_CODE_2016,I_4000more_1AW_OthNW,I_4000more_BNW,I_4000more_LFsta_NS,I_4000more_Tot,Part_inc_stated_BE_WFT,Part_inc_stated_BE_WPT,Part_inc_stated_BE_BAW,Part_inc_stated_1EFT_OthPT,Part_inc_stated_1EFT_OthAW,Part_inc_stated_1EFT_OthNW,Part_inc_stated_1EPT_OthAW,Part_inc_stated_1EPT_OthNW,Part_inc_stated_1AW_OthNW,Part_inc_stated_BNW,Part_inc_stated_LFsta_NS,Part_inc_stated_Tot,All_inc_NS_BE_WFT,All_inc_NS_BE_WPT,All_inc_NS_BE_BAW,All_inc_NS_1EFT_OthPT,All_inc_NS_1EFT_OthAW,All_inc_NS_1EFT_OthNW,All_inc_NS_1EPT_OthAW,All_inc_NS_1EPT_OthNW,All_inc_NS_1AW_OthNW,All_inc_NS_BNW,All_inc_NS_LFsta_NS,All_inc_NS_Tot,Tot_BE_WFT,Tot_BE_WPT,Tot_BE_BAW,Tot_1EFT_OthPT,Tot_1EFT_OthAW,Tot_1EFT_OthNW,Tot_1EPT_OthAW,Tot_1EPT_OthNW,Tot_1AW_OthNW,Tot_BNW,Tot_LFsta_NS,Tot_Tot
POA2000,0,4,0,206,16,3,3,8,0,13,0,3,3,6,75,123,0,0,0,0,0,0,0,0,0,0,0,3,202,68,16,125,34,232,12,72,12,92,77,930
POA2006,0,0,0,0,0,0,0,0,0,0,0,0,0,0,0,0,0,0,0,0,0,0,0,0,0,0,0,0,0,0,0,0,0,3,0,0,0,0,0,0
POA2007,0,0,0,32,7,0,0,0,0,0,0,0,0,0,7,20,0,0,0,0,0,0,0,0,0,0,0,0,46,13,0,51,12,68,0,20,3,33,7,261
POA2008,0,0,0,64,7,0,0,0,0,5,0,0,0,3,16,26,0,0,0,0,0,0,0,0,0,0,0,0,66,14,3,52,14,46,3,15,3,28,18,265
POA2009,0,6,0,250,15,0,0,3,0,8,0,0,0,3,52,87,0,0,0,0,0,0,0,0,0,0,0,3,199,26,11,169,37,211,8,40,3,57,57,819
POA2010,0,3,0,341,11,0,0,14,0,8,0,4,3,7,59,100,3,0,0,3,0,0,0,0,0,0,3,6,226,33,8,221,47,186,8,38,7,60,57,898
POA2011,0,4,0,187,5,0,0,0,0,5,0,3,0,5,39,58,0,0,0,0,0,0,0,0,0,0,3,5,96,22,6,120,38,93,8,20,9,31,41,480
POA2015,0,0,0,232,5,0,3,0,0,0,0,0,0,0,40,57,0,0,0,0,0,0,0,0,0,0,0,0,204,22,5,201,55,122,8,25,3,14,43,704
POA2016,0,0,0,178,7,3,0,3,0,4,0,0,0,3,32,55,0,0,0,0,0,0,0,0,0,0,0,4,126,21,8,169,28,105,9,29,8,49,37,585
POA2017,3,5,0,230,8,0,3,3,0,3,0,4,3,7,70,109,0,0,0,0,0,0,0,0,0,0,0,7,235,35,6,233,69,244,12,75,22,119,72,1121
POA2018,4,9,0,241,30,3,0,22,5,13,3,9,0,21,89,186,0,0,0,3,0,0,0,0,0,0,9,13,450,77,15,459,69,369,20,144,14,232,105,1950
POA2019,0,0,0,274,26,5,0,30,0,20,0,9,3,12,68,177,0,0,3,0,0,0,0,0,3,3,3,12,443,55,17,478,55,228,16,47,17,71,74,1497
POA2020,0,0,0,214,29,0,3,13,0,9,3,3,3,15,75,146,0,0,0,3,0,0,0,0,0,3,4,21,441,42,9,356,75,296,9,74,19,141,87,1543
POA2021,3,11,0,666,18,3,0,24,0,16,0,3,0,8,78,146,3,0,0,3,0,4,0,0,0,0,3,9,353,35,7,364,66,262,14,43,14,52,80,1284
POA2022,3,4,0,485,13,3,3,19,0,3,3,4,0,8,69,130,3,0,0,0,0,3,0,0,0,0,3,8,282,43,4,344,57,224,9,41,8,60,73,1150
POA2023,6,10,0,572,27,7,0,36,0,32,0,11,4,13,77,206,0,0,0,0,0,0,0,0,0,0,0,11,263,41,6,356,46,326,3,70,16,56,78,1264
POA2024,0,5,0,546,27,0,0,26,3,27,0,4,0,8,86,177,0,0,0,3,3,0,0,0,0,0,0,9,312,45,5,396,63,251,20,40,10,52,88,1269
POA2025,3,15,0,347,11,0,3,10,0,16,0,3,0,3,59,103,5,0,0,4,0,0,0,0,0,0,0,8,197,24,6,171,28,147,8,35,10,35,57,717
POA2026,5,11,0,1091,46,13,0,57,0,28,0,17,0,11,181,355,6,0,6,5,0,0,0,0,0,4,5,28,673,114,24,947,127,513,19,121,27,98,187,2855
POA2027,0,7,0,285,6,5,0,8,0,12,0,3,0,7,37,81,0,0,0,3,0,3,0,0,0,0,0,8,136,27,6,138,37,136,3,28,7,35,35,595
POA2028,0,8,0,165,8,3,0,5,0,3,0,0,0,0,24,49,0,0,0,0,0,0,0,0,0,0,0,3,77,10,0,101,14,88,0,13,0,32,32,365
POA2029,0,4,0,447,23,4,0,38,0,16,0,10,4,3,81,187,0,0,3,7,0,0,0,0,0,0,0,17,234,62,11,398,38,235,10,46,13,47,84,1177
POA2030,4,29,3,848,46,11,3,74,0,38,0,9,0,18,123,323,8,0,0,11,0,0,0,0,6,0,8,26,423,78,15,630,51,464,9,105,20,119,135,2040
POA2031,6,16,0,1334,57,6,4,63,6,34,3,9,0,16,203,407,0,0,3,9,0,0,0,0,0,0,4,17,954,120,27,1141,170,666,33,138,26,162,208,3641
POA2032,0,8,0,372,26,4,0,25,3,8,0,3,0,11,77,158,3,0,0,3,0,0,0,0,0,0,3,9,339,55,4,410,33,243,7,74,16,156,84,1416
POA2033,0,3,0,308,12,0,0,12,3,8,0,6,0,4,52,94,3,0,3,3,0,3,0,0,0,3,0,15,240,38,6,265,43,193,6,51,3,74,50,986
POA2034,7,14,0,823,41,3,0,30,7,18,0,4,0,8,144,251,4,0,5,3,0,5,0,0,0,0,5,21,560,85,17,658,113,345,11,66,17,91,151,2117
POA2035,5,30,3,1132,66,13,4,70,8,40,0,18,3,48,232,504,9,0,3,6,0,3,0,0,0,5,4,36,1030,171,36,1196,149,677,26,166,22,372,247,4091
POA2036,3,7,0,741,85,17,4,87,4,39,3,16,5,35,182,473,3,0,4,0,0,0,0,0,0,7,11,30,965,135,44,996,125,649,39,196,42,298,201,3697
POA2037,3,6,0,374,18,3,0,10,3,9,3,6,3,10,67,128,0,0,0,0,0,0,0,0,0,0,3,5,248,38,6,265,55,186,11,53,12,91,67,1024
POA2038,0,4,0,477,11,0,0,14,0,3,0,4,0,3,44,84,0,0,0,0,0,0,0,0,0,0,4,3,305,33,11,300,66,146,10,33,3,39,48,994
POA2039,4,4,0,443,8,5,3,6,0,11,0,0,0,0,68,106,3,0,0,0,0,0,0,0,0,0,3,6,283,28,11,259,53,185,0,27,4,34,73,963
POA2040,5,7,0,1081,33,6,0,27,5,13,3,7,0,14,150,258,3,0,3,3,0,5,0,0,0,0,0,16,807,94,26,852,134,417,20,75,19,125,162,2719
POA2041,8,11,3,919,36,5,0,31,0,19,3,8,5,5,98,211,3,0,0,0,0,0,0,0,0,0,3,5,483,56,10,523,89,350,11,68,20,62,104,1774
POA2042,4,3,0,444,22,3,0,14,4,11,0,7,0,6,52,113,0,0,0,0,0,0,0,0,0,0,0,4,349,45,16,384,73,194,8,53,14,91,53,1289
POA2043,3,0,0,172,6,0,0,4,0,0,0,3,0,0,29,50,3,0,0,0,0,0,0,0,0,0,0,3,151,21,6,184,53,98,8,6,3,11,29,576
POA2044,0,3,0,154,13,0,0,7,0,5,3,3,0,4,36,79,0,0,0,0,0,0,0,0,0,0,0,3,182,27,9,247,37,129,13,32,3,84,39,792
POA2045,0,6,0,400,19,6,0,17,0,5,0,4,3,7,43,100,0,0,0,0,0,0,0,0,0,0,4,7,245,36,3,304,19,148,8,31,7,87,47,947
POA2046,7,11,0,1092,64,11,0,61,10,34,3,9,7,30,166,384,0,0,3,0,0,0,0,0,0,5,8,17,907,113,14,1074,147,623,36,137,30,252,171,3521
POA2047,0,7,0,509,17,3,0,18,0,12,0,3,0,7,73,150,0,0,0,0,0,3,0,0,0,0,0,4,322,44,14,381,60,256,12,51,10,68,82,1299
POA2048,0,3,0,261,13,3,0,10,0,3,0,0,3,3,26,63,0,0,0,0,0,0,0,0,0,0,3,5,195,28,3,235,42,93,0,19,4,47,34,712
POA2049,0,0,0,342,16,0,0,14,0,6,3,3,0,10,54,111,0,0,0,0,0,0,0,0,0,0,0,6,320,32,10,319,49,151,12,45,8,72,62,1063
POA2050,0,0,0,155,3,0,0,3,0,0,0,0,0,0,33,41,0,0,0,0,0,0,0,0,0,0,0,0,123,19,3,118,32,79,7,14,3,15,33,440
POA2052,0,0,0,0,0,0,0,0,0,0,0,0,0,0,0,0,0,0,0,0,0,0,0,0,0,0,0,0,0,0,0,0,0,3,0,0,0,0,0,6
POA2060,0,5,0,446,9,4,0,16,0,11,0,3,3,10,59,117,0,0,0,3,0,0,0,0,0,0,0,5,270,36,8,273,55,227,7,38,14,57,60,1043
POA2061,4,4,0,166,9,0,0,3,0,5,0,0,0,7,34,67,0,0,0,0,0,0,0,0,0,0,0,3,82,9,6,70,21,93,0,11,7,24,36,355
POA2062,3,4,0,361,13,3,0,6,0,5,0,0,0,0,43,74,0,0,0,0,0,0,0,0,0,0,0,3,216,14,4,208,44,183,8,26,7,25,47,793
POA2063,3,12,0,513,23,3,0,22,3,12,3,6,0,5,71,151,0,0,0,4,0,3,0,0,0,0,0,8,211,32,3,288,38,242,7,57,3,54,73,1001
POA2064,0,4,0,392,11,0,0,10,0,7,0,3,3,7,80,127,0,0,0,0,0,0,0,0,0,0,0,3,328,41,6,312,66,301,9,59,14,81,79,1280
POA2065,3,18,0,1266,46,6,0,45,6,30,5,13,0,9,197,349,0,0,4,0,0,0,0,0,0,0,3,15,786,97,23,858,190,659,28,110,30,133,201,3113
POA2066,8,11,3,1725,67,14,3,59,5,57,0,9,3,11,225,464,7,0,9,6,0,3,0,0,6,0,10,35,1126,135,36,1264,151,900,33,163,39,184,232,4262
POA2067,0,23,0,812,39,7,0,31,5,22,0,11,0,43,230,398,0,0,0,0,0,0,0,0,0,0,8,16,751,126,22,707,89,865,13,178,35,301,240,3320
POA2068,3,20,0,1212,31,5,4,34,3,33,4,18,3,17,183,321,3,0,3,9,3,0,0,0,0,0,11,25,616,71,18,816,82,560,20,109,17,161,193,2663
POA2069,4,20,0,1008,42,7,4,45,0,24,6,6,3,16,142,290,3,0,0,8,4,0,0,0,3,0,9,26,511,77,14,673,53,481,21,97,16,143,148,2241
POA2070,4,23,0,936,34,6,0,27,0,29,0,7,3,8,167,281,0,0,4,3,0,3,0,0,0,0,3,16,519,86,11,594,39,475,15,92,13,135,172,2147
POA2071,6,25,0,813,30,6,0,39,3,37,0,12,3,20,172,320,6,0,0,6,0,3,0,0,0,0,7,18,513,62,11,516,45,510,10,105,15,188,177,2150
POA2072,0,7,0,389,19,4,0,20,3,17,0,4,0,6,73,155,0,0,0,3,0,0,0,0,0,0,4,13,272,38,7,294,35,262,8,63,10,94,82,1162
POA2073,5,18,0,1217,63,9,3,47,0,42,0,7,3,21,184,369,0,0,3,10,0,0,0,0,0,6,5,21,757,87,10,813,67,571,28,96,18,166,187,2791
POA2074,3,23,0,1469,58,14,0,67,3,51,3,19,7,16,203,439,6,0,0,7,0,0,0,0,0,6,6,22,856,91,13,1044,100,693,21,143,20,186,210,3375
POA2075,0,22,0,1309,67,13,3,76,0,43,0,10,3,25,217,458,7,0,4,3,0,3,0,3,0,0,11,24,889,92,23,993,61,679,20,147,29,200,229,3366
POA2076,4,29,0,1432,71,9,0,76,3,51,0,14,8,23,235,504,3,0,3,9,3,5,0,0,3,0,6,25,1012,129,21,1094,105,704,19,140,31,199,246,3702
POA2077,7,5,0,842,75,11,3,75,4,46,3,22,4,26,235,498,3,0,0,10,0,3,0,0,0,0,14,35,1296,201,34,1441,182,1311,37,291,53,329,251,5421
POA2079,3,6,0,285,27,5,0,35,4,12,3,0,0,3,42,124,7,0,0,5,0,0,0,0,0,0,0,16,282,46,5,443,41,208,19,46,7,60,41,1196
POA2080,0,0,0,50,8,0,0,4,0,4,0,0,0,3,11,32,0,0,0,0,0,0,0,0,0,0,0,0,64,7,0,100,6,52,0,13,3,14,8,269
POA2081,0,0,0,190,21,6,0,26,0,11,3,4,0,3,37,118,0,0,0,0,0,0,0,0,0,0,0,3,227,36,7,344,25,157,8,32,13,23,42,905
POA2082,0,0,0,177,20,3,0,18,0,7,0,0,0,0,42,102,0,0,0,0,0,0,0,0,0,0,4,9,236,36,5,347,21,120,8,22,8,47,48,902
POA2083,0,0,0,29,9,0,0,6,3,3,0,0,0,0,7,27,0,0,0,0,0,0,0,0,0,0,0,0,45,9,0,46,3,29,3,9,0,8,7,156
POA2084,3,4,0,181,8,0,0,15,0,7,0,3,0,9,31,75,0,0,0,3,0,0,0,0,0,0,0,6,125,25,3,202,14,81,4,15,3,34,31,547
POA2085,0,7,0,583,27,5,3,39,6,17,3,8,0,13,87,206,7,0,3,7,0,3,0,0,0,3,4,25,449,56,19,660,62,247,13,51,6,100,95,1748
POA2086,4,11,3,749,50,9,0,54,3,17,0,8,0,18,99,259,0,0,0,0,0,0,0,0,0,0,3,11,597,74,18,834,64,334,15,76,19,120,110,2268
POA2087,5,15,0,729,32,6,0,31,3,20,0,7,3,11,105,218,0,0,0,8,0,0,0,0,0,8,0,18,508,77,11,721,41,354,16,70,10,119,111,2040
POA2088,11,65,0,1757,50,21,3,66,7,89,0,26,4,27,270,557,3,0,3,3,0,3,0,0,0,0,7,27,760,109,23,921,103,893,27,166,35,200,278,3511
POA2089,3,3,0,373,9,7,3,5,0,10,0,0,0,8,73,116,0,0,0,0,0,0,0,0,0,0,4,8,244,35,11,267,55,226,5,30,6,38,77,992
POA2090,0,3,0,609,12,5,0,12,0,14,0,3,3,6,87,148,3,0,0,0,0,0,0,0,0,0,0,7,348,48,10,350,82,319,16,57,15,48,87,1380
POA2092,4,14,0,592,19,3,3,24,0,17,0,9,0,10,82,159,0,0,0,0,0,0,0,0,0,0,0,6,276,42,5,393,31,264,6,37,10,62,82,1215
POA2093,3,24,3,1363,60,10,4,78,6,51,0,15,3,14,232,479,0,0,0,4,3,3,0,3,0,0,0,22,679,119,24,1216,133,678,32,150,25,133,246,3437
POA2094,0,3,0,317,19,0,3,15,0,9,0,0,0,3,27,81,0,0,0,0,0,0,0,0,0,0,0,3,158,20,11,260,39,142,3,29,3,27,28,706
POA2095,10,17,0,591,22,6,0,28,4,15,0,10,0,4,93,186,0,0,0,3,0,4,0,0,0,0,0,13,293,52,6,401,70,320,7,65,21,71,96,1407
POA2096,3,13,0,650,31,4,0,43,0,27,0,3,0,13,93,217,3,0,0,7,0,3,0,0,0,0,4,19,398,68,16,629,87,362,10,82,10,68,101,1820
POA2097,3,9,0,656,41,9,0,45,3,21,3,10,8,8,111,262,8,0,0,0,0,3,0,0,0,0,3,15,565,71,18,819,76,339,15,89,24,115,112,2242
POA2099,5,12,0,1032,87,14,3,82,12,39,0,18,3,31,236,529,3,6,3,3,0,6,0,4,0,3,11,46,1228,201,38,1718,207,872,52,201,41,285,262,5105
POA2100,6,12,0,858,50,6,4,58,3,32,4,12,3,20,164,365,3,0,0,9,0,0,0,0,0,0,9,20,741,121,28,1166,101,485,33,125,22,145,173,3133
POA2101,4,3,4,592,46,17,4,53,3,11,0,13,0,9,118,279,0,0,3,11,0,0,0,0,0,0,5,18,546,111,27,936,86,371,19,98,13,102,129,2444
POA2102,0,0,0,248,18,0,0,18,0,8,0,0,0,9,61,124,0,0,0,0,0,0,0,0,0,0,0,4,263,52,9,429,31,155,14,44,8,47,61,1106
POA2103,3,7,0,390,32,8,0,36,3,9,0,10,0,10,74,173,3,0,0,3,0,3,0,0,0,0,3,14,318,73,14,517,41,192,22,53,12,93,80,1412
POA2104,0,4,0,150,8,4,0,9,0,6,0,3,0,6,26,71,0,0,0,0,0,0,0,0,0,0,0,0,86,24,3,135,11,65,3,21,3,31,26,418
POA2105,0,4,0,69,8,0,0,16,0,5,0,3,0,0,22,46,0,0,0,0,0,0,0,0,0,0,0,3,52,11,4,83,0,30,0,7,3,17,22,234
POA2106,0,10,0,359,38,3,4,29,0,13,3,10,0,4,89,188,0,0,0,0,0,4,0,0,0,0,4,9,299,58,14,447,38,191,13,55,12,49,95,1268
POA2107,3,8,0,569,61,13,4,91,8,26,3,18,0,13,120,351,3,0,0,3,0,0,0,0,0,0,5,18,469,110,29,795,44,306,20,95,19,102,125,2113
POA2108,0,0,0,39,8,0,0,6,0,0,0,0,0,5,9,28,0,0,0,0,0,0,0,0,0,0,0,0,27,4,0,34,3,31,0,11,3,15,15,148
POA2109,0,0,0,12,0,0,0,0,0,0,0,0,0,0,6,12,0,0,0,0,0,0,0,0,0,0,0,0,23,4,0,18,8,36,0,12,0,17,6,122
POA2110,5,13,0,661,25,4,0,39,4,17,5,9,4,14,90,207,3,0,0,0,0,4,0,0,0,0,3,15,346,35,11,400,39,265,13,60,9,74,93,1348
POA2111,3,15,0,672,29,3,0,40,3,14,0,9,0,11,98,212,3,0,3,0,0,0,0,0,0,3,3,11,473,51,12,616,64,330,16,73,13,122,100,1877
POA2112,3,15,0,965,76,12,3,66,4,42,3,16,7,43,242,518,5,0,3,3,0,3,0,0,0,0,14,34,1094,138,33,1189,138,908,40,238,46,381,269,4469
POA2113,0,12,0,642,28,3,3,23,6,20,4,11,3,20,123,238,5,0,0,5,0,0,0,0,3,0,0,23,696,76,17,682,82,492,18,102,19,179,132,2499
POA2114,3,14,0,561,37,5,3,30,4,20,0,14,0,26,144,283,0,0,0,4,0,0,0,0,0,0,3,13,714,123,28,776,122,719,29,194,33,254,153,3131
POA2115,0,4,0,179,28,0,0,18,3,9,0,5,0,9,105,188,0,0,0,3,0,0,0,0,0,3,12,21,364,49,11,386,50,300,12,83,24,174,124,1572
POA2116,0,6,0,98,14,4,0,11,0,11,0,0,0,9,40,86,0,0,0,0,0,0,0,0,0,0,0,3,219,30,4,236,23,195,11,65,4,87,42,920
POA2117,0,5,0,405,45,11,9,30,3,24,3,12,0,16,122,274,6,0,0,3,0,0,0,0,0,4,11,23,686,123,25,749,94,612,16,207,34,295,137,2983
POA2118,0,8,0,604,38,9,3,46,3,34,0,14,6,39,230,420,8,0,3,0,0,3,0,0,0,0,10,22,917,142,23,878,87,947,19,254,48,399,242,3960
POA2119,0,10,0,786,35,4,0,28,3,19,3,5,0,11,118,239,0,0,0,4,0,0,0,0,0,0,0,13,568,68,8,568,48,332,8,72,15,100,125,1910
POA2120,0,11,0,920,56,10,5,50,8,23,0,9,5,28,149,348,3,0,0,0,0,0,0,0,0,4,4,21,863,102,29,988,105,582,18,127,31,206,160,3207
POA2121,3,16,0,1046,58,14,0,57,3,50,0,14,10,31,221,461,7,0,0,5,0,0,0,0,0,3,11,26,1116,175,33,1018,82,973,27,230,47,387,235,4325
POA2122,0,25,0,632,44,10,4,48,8,29,3,19,7,34,197,403,5,0,0,4,0,3,3,0,0,3,10,27,934,169,24,879,114,906,31,237,51,377,211,3930
POA2123,0,0,0,0,0,0,0,0,0,0,0,0,0,0,0,0,0,0,0,0,0,0,0,0,0,0,0,0,0,0,0,0,0,0,0,0,0,0,0,0
POA2125,6,30,3,1005,43,6,3,47,3,32,0,18,0,22,166,344,3,0,0,0,0,0,0,0,0,0,0,19,754,113,15,777,67,555,16,134,16,207,178,2828
POA2126,3,14,0,958,54,3,4,62,9,37,0,16,3,24,180,383,0,0,0,3,3,0,0,0,0,3,3,14,879,103,17,924,87,698,19,160,24,210,187,3301
POA2127,0,3,0,285,11,3,0,10,3,15,0,0,0,8,89,144,3,0,0,0,0,0,0,0,0,0,3,8,418,61,14,352,67,460,16,106,19,112,96,1718
POA2128,0,0,0,5,0,3,0,3,0,0,0,0,3,4,13,27,0,0,0,0,0,0,0,0,0,0,0,3,38,9,3,46,8,80,0,27,11,48,16,291
POA2129,0,0,0,0,0,0,0,0,0,0,0,0,0,0,0,0,0,0,0,0,0,0,0,0,0,0,0,0,0,0,0,0,0,0,0,0,0,0,0,0
POA2130,0,3,4,237,10,0,0,3,0,11,0,0,0,3,36,69,0,0,0,0,0,0,0,0,0,0,0,0,192,37,7,238,32,137,4,31,3,43,41,755
POA2131,4,10,0,338,27,4,3,35,3,17,0,11,4,12,103,229,0,0,0,3,0,0,0,0,0,0,7,14,534,101,19,550,62,532,22,156,28,223,119,2341
POA2132,3,10,0,341,23,3,0,19,3,11,0,3,3,12,74,157,0,0,0,0,0,0,0,0,0,0,0,4,365,53,13,365,48,231,9,73,13,155,78,1393
POA2133,0,7,0,262,25,6,0,25,6,12,0,3,3,9,77,169,3,0,0,3,0,3,0,0,0,0,4,19,384,57,7,406,46,300,14,96,17,164,87,1576
POA2134,0,5,0,219,19,6,5,5,0,9,0,4,3,19,65,133,0,0,3,0,0,0,0,0,0,0,0,13,310,73,11,243,32,313,7,112,17,194,70,1395
POA2135,4,33,0,787,51,13,5,55,6,37,3,15,0,20,170,379,0,0,3,6,0,0,0,0,0,9,10,27,763,147,16,653,77,613,17,188,32,256,180,2960
POA2136,0,6,0,189,19,0,0,19,0,10,3,5,0,17,48,126,3,0,0,0,0,0,0,0,0,0,0,8,261,30,8,273,25,192,3,59,11,102,55,1020
POA2137,3,20,3,969,63,15,3,61,11,37,0,13,3,45,161,403,3,0,3,11,0,4,0,0,0,0,3,26,943,129,21,955,121,647,28,166,28,307,168,3519
POA2138,4,7,0,467,27,4,0,20,4,12,3,3,0,17,119,206,0,0,4,0,0,0,0,0,0,3,5,15,527,84,15,508,89,509,20,105,23,248,127,2260
POA2139,0,0,0,0,0,0,0,0,0,0,0,0,0,0,0,0,0,0,0,0,0,0,0,0,0,0,0,0,0,0,0,0,0,0,0,0,0,0,0,0
POA2140,0,8,0,155,22,0,0,7,3,14,0,8,0,16,90,163,0,0,0,0,0,0,0,0,0,0,9,8,433,65,14,318,61,546,21,131,26,171,98,1883
POA2141,0,18,0,306,29,11,4,28,8,46,0,20,12,65,170,395,6,0,6,0,0,3,0,0,4,9,16,47,685,170,30,548,89,896,16,386,89,636,197,3737
POA2142,0,10,0,121,22,7,4,15,6,31,0,20,14,49,160,333,0,0,4,0,0,0,0,0,3,17,20,43,478,121,28,445,68,793,23,357,72,658,192,3236
POA2143,0,3,0,78,13,3,0,8,0,12,0,9,5,20,42,111,0,0,0,0,0,4,0,0,0,3,9,17,243,40,5,169,23,295,5,142,33,217,55,1232
POA2144,0,21,0,131,34,15,4,27,4,56,3,40,13,77,202,479,0,0,0,3,0,5,0,0,3,10,40,68,484,168,39,459,49,1199,28,620,118,1050,268,4481
POA2145,7,24,0,1191,120,11,10,108,13,117,8,47,18,104,485,1045,3,0,4,13,0,4,3,0,7,9,38,92,3009,320,83,2426,365,3047,86,652,175,1135,560,11854
POA2146,0,3,0,242,31,9,3,28,3,28,0,9,6,19,90,230,0,0,0,0,0,0,0,0,0,3,6,21,722,81,11,635,83,564,23,128,28,232,101,2604
POA2147,0,15,3,531,81,7,4,65,7,57,4,21,6,55,171,473,8,0,4,9,0,3,0,3,4,4,18,50,1312,149,40,1266,166,1087,42,250,70,468,199,5045
POA2148,4,17,0,515,106,13,5,82,9,87,9,21,14,87,282,719,6,3,7,5,0,6,0,5,8,15,27,88,2062,301,81,1729,256,2127,85,540,128,985,329,8624
POA2150,0,9,0,206,19,0,0,12,0,24,0,12,11,22,151,258,3,0,0,0,0,0,0,0,0,0,17,22,787,102,17,528,97,1415,19,231,56,357,179,3786
POA2151,3,9,0,406,37,5,3,34,0,15,0,5,4,23,125,263,3,0,0,3,0,0,0,0,0,0,9,17,617,108,26,683,80,650,18,175,36,252,131,2774
POA2152,0,0,0,207,27,7,0,18,0,10,0,5,0,4,67,140,0,0,0,0,0,0,0,0,0,0,3,10,329,50,12,403,52,325,9,61,20,92,69,1428
POA2153,6,35,3,1973,163,19,8,127,15,90,6,37,9,51,397,907,4,0,5,15,5,5,3,3,0,3,9,58,2561,310,53,2647,296,1846,75,385,80,565,420,9242
POA2154,6,30,0,1780,117,15,4,111,5,51,0,20,8,34,333,705,9,0,3,4,0,3,3,0,0,3,10,32,1788,222,36,1774,136,1262,28,280,53,403,346,6327
POA2155,4,16,6,2259,184,23,10,156,10,102,5,20,12,59,453,1028,9,0,8,6,0,4,0,0,4,3,16,65,3147,254,83,3039,317,1888,67,292,77,395,478,10037
POA2156,4,11,0,618,48,3,3,41,8,41,0,7,4,20,85,267,5,3,3,5,0,3,4,0,0,0,3,26,530,74,18,664,47,343,15,81,17,128,95,2011
POA2157,0,3,0,108,21,6,0,16,3,10,3,3,0,6,15,78,3,0,0,0,0,0,0,0,0,0,0,4,128,23,3,178,8,104,11,10,7,34,20,535
POA2158,0,8,0,357,47,10,4,22,0,12,4,8,7,12,60,189,3,0,0,0,0,3,0,0,0,0,7,16,336,61,13,349,30,239,16,56,10,71,66,1255
POA2159,0,0,0,165,17,5,0,22,0,12,3,0,0,3,29,94,0,0,0,4,0,3,0,0,0,0,0,6,181,35,3,245,18,106,3,34,9,49,29,711
POA2160,5,25,0,285,48,11,3,30,6,71,0,38,24,79,212,527,3,0,3,0,3,0,0,0,3,17,32,70,638,140,39,686,86,1146,33,491,115,966,265,4610
POA2161,4,12,0,163,29,6,3,29,0,76,0,36,10,105,178,479,0,0,0,3,0,0,0,3,8,26,27,74,484,107,24,487,67,940,35,511,90,1006,224,3978
POA2162,0,10,0,147,20,3,0,14,3,31,0,16,8,41,117,259,3,0,0,0,0,3,0,0,0,3,13,27,398,82,19,359,45,590,15,253,55,515,142,2473
POA2163,0,4,0,29,8,3,0,6,0,14,0,5,4,20,36,102,0,0,0,0,0,0,0,0,0,5,6,19,94,43,10,95,9,208,7,132,23,302,56,978
POA2164,3,19,0,161,30,7,3,18,5,30,0,13,8,56,82,249,0,0,0,0,0,0,0,0,4,20,19,44,422,83,16,412,43,563,17,204,47,710,108,2629
POA2165,0,15,0,177,42,15,3,43,3,54,0,35,15,147,191,551,3,0,3,0,0,0,0,0,3,38,43,93,613,141,30,573,73,1101,29,551,93,1992,260,5474
POA2166,0,33,0,196,50,15,6,38,3,101,5,43,19,136,235,655,5,0,0,0,0,3,0,3,8,13,38,75,907,254,53,633,74,1519,33,767,142,1609,298,6292
POA2167,0,0,0,106,22,0,0,9,4,15,0,4,0,12,50,115,0,0,0,0,0,0,0,0,0,0,4,11,391,46,5,322,50,335,7,72,26,102,61,1411
POA2168,7,24,0,296,72,14,9,61,10,88,0,37,11,141,205,650,0,3,3,3,0,0,0,3,4,17,31,73,970,177,49,872,101,1276,41,510,118,1306,259,5682
POA2170,7,58,0,1043,180,21,14,125,20,146,9,64,37,210,586,1418,9,0,6,10,0,14,6,6,12,36,60,163,2981,414,104,2665,359,3231,93,1027,247,2589,698,14408
POA2171,3,22,0,626,90,16,3,81,9,71,6,15,9,54,204,565,3,3,7,5,3,5,0,0,4,9,18,43,1590,197,44,1427,176,1233,38,331,84,620,231,5968
POA2172,0,0,0,143,12,0,0,4,0,0,0,3,0,4,33,59,0,0,0,0,0,0,0,0,0,0,0,4,186,5,7,129,18,72,3,16,3,20,34,506
POA2173,3,3,0,294,36,3,4,33,6,32,0,6,3,10,106,241,3,0,6,4,0,0,0,0,0,0,0,17,689,56,23,713,92,514,16,76,28,97,107,2415
POA2174,0,6,0,44,3,0,0,0,0,3,0,0,0,7,15,35,0,0,0,0,0,0,0,0,0,0,0,4,125,17,0,80,18,89,0,20,3,28,15,398
POA2175,0,3,0,51,3,0,0,5,0,5,0,0,0,3,17,34,0,0,0,0,0,0,0,0,0,0,0,4,50,9,0,57,7,43,4,16,3,34,15,251
POA2176,5,42,3,627,92,20,10,79,7,109,4,39,23,167,255,805,15,0,9,0,0,8,0,7,5,25,52,117,1309,206,45,1227,121,1470,44,607,125,1755,334,7241
POA2177,0,10,0,146,31,6,0,21,3,21,0,17,0,53,85,238,3,0,0,0,0,0,0,5,0,7,14,27,403,67,14,329,34,496,7,186,24,585,104,2253
POA2178,0,3,0,103,8,3,0,16,0,6,3,4,3,8,17,68,0,0,0,3,0,0,0,0,0,0,8,17,137,32,8,148,15,108,14,29,8,67,18,579
POA2179,3,7,0,92,14,6,0,15,3,10,0,7,0,11,33,100,3,0,3,0,0,0,0,0,3,3,3,14,175,38,19,192,28,155,9,44,24,100,40,816
POA2190,3,19,0,231,32,13,0,21,3,39,4,28,14,78,195,432,0,0,3,4,0,3,0,3,7,12,31,61,424,141,30,534,53,831,33,431,82,778,252,3585
POA2191,0,5,0,118,11,0,0,10,0,15,0,5,0,13,52,114,0,0,0,4,0,0,0,0,0,0,3,13,198,36,8,210,30,180,5,63,19,108,58,903
POA2192,0,10,0,89,16,6,8,10,0,25,0,9,9,30,79,196,0,0,0,0,0,0,0,0,3,4,5,15,256,83,15,241,38,356,19,140,34,291,90,1569
POA2193,0,7,0,335,24,6,0,22,3,30,0,11,0,35,92,223,3,0,4,0,0,0,0,0,3,3,3,14,468,77,10,517,66,363,14,136,18,215,100,1988
POA2194,0,13,0,97,16,0,3,11,7,30,0,19,3,32,120,253,0,0,0,0,0,3,0,0,0,3,13,24,483,140,20,440,65,747,29,318,66,449,143,2899
POA2195,0,12,0,68,17,3,10,15,3,60,3,18,13,53,159,343,0,0,0,0,0,4,0,3,5,10,20,45,301,117,21,377,46,1241,19,577,93,787,203,3784
POA2196,4,26,0,256,46,4,9,45,5,56,3,27,13,89,204,500,0,0,0,0,0,4,0,4,3,11,19,52,586,152,36,735,80,1044,33,486,108,912,242,4407
POA2197,0,9,0,91,14,0,0,8,0,19,0,13,7,19,58,140,3,0,0,0,0,3,0,0,3,3,8,22,213,30,6,203,22,274,12,128,36,231,67,1225
POA2198,0,3,0,125,17,0,0,25,3,12,0,5,0,14,55,142,0,0,0,0,0,4,0,0,0,4,11,19,248,53,5,270,21,274,10,102,16,189,73,1271
POA2199,5,9,0,132,20,7,3,18,3,38,3,17,4,50,96,261,3,0,0,3,0,3,0,0,0,3,23,34,365,85,16,381,35,580,19,256,66,466,128,2385
POA2200,0,17,0,263,40,11,10,32,3,70,0,40,14,102,224,558,5,0,3,0,3,3,0,0,4,14,34,73,801,201,48,726,97,1509,44,664,119,1178,288,5673
POA2203,3,3,0,341,12,3,0,12,6,6,0,0,0,9,60,108,0,0,0,0,0,0,0,0,0,0,0,4,353,40,9,441,64,227,7,60,13,141,66,1431
POA2204,5,14,0,495,26,5,0,23,3,17,3,4,5,41,107,233,0,0,3,3,0,0,0,0,0,4,9,25,548,118,20,692,104,383,26,153,37,338,119,2550
POA2205,0,10,0,182,22,5,3,17,0,23,0,11,3,29,120,227,0,4,3,0,0,0,0,0,0,3,5,20,377,88,16,340,60,392,10,145,36,255,131,1863
POA2206,3,22,0,507,43,6,7,32,3,31,0,18,3,41,112,286,3,0,3,5,3,3,0,0,0,5,3,27,638,106,27,736,90,460,20,144,32,354,126,2726
POA2207,3,9,0,481,58,8,5,47,8,43,4,21,7,44,171,424,7,0,5,4,0,0,0,3,5,3,14,43,905,140,35,942,104,744,36,308,55,461,187,3908
POA2208,0,10,0,227,24,3,5,25,5,25,0,9,0,27,67,188,0,0,4,3,0,0,0,0,0,0,6,24,354,78,25,467,51,313,11,116,19,227,79,1738
POA2209,0,11,0,228,22,5,5,24,5,21,3,11,3,22,91,213,0,0,5,0,0,0,0,0,4,3,4,15,453,99,26,479,54,510,15,137,23,287,98,2177
POA2210,0,13,0,545,53,12,3,58,9,39,6,17,5,47,174,420,8,0,4,3,3,0,0,0,0,8,19,46,845,156,38,1057,133,723,39,281,37,489,196,4010
POA2211,0,17,0,287,31,10,5,29,3,27,3,10,0,27,81,226,3,0,4,4,0,6,0,0,0,0,8,22,566,85,19,559,71,454,17,134,13,267,99,2283
POA2212,0,10,0,237,29,5,4,31,3,17,0,10,3,26,84,214,0,0,0,3,0,0,0,0,0,0,9,15,515,77,18,486,71,451,11,132,29,250,89,2129
POA2213,3,17,0,484,50,3,4,51,3,31,4,12,5,28,114,312,3,0,4,3,3,4,0,0,3,0,3,29,780,90,25,955,111,586,26,171,31,284,131,3193
POA2214,0,0,0,62,8,0,0,7,0,0,0,0,0,7,22,58,0,0,0,0,0,0,0,0,0,0,0,5,136,20,5,198,24,83,4,29,3,56,24,578
POA2216,0,13,0,314,42,9,3,38,4,32,3,18,6,38,149,338,3,0,0,0,4,3,0,0,0,6,17,29,651,122,31,680,110,700,30,197,56,343,167,3092
POA2217,5,17,0,403,49,6,3,48,9,28,0,13,3,32,154,350,0,0,3,3,0,0,0,0,0,3,5,18,768,144,27,825,118,718,30,227,42,288,165,3363
POA2218,0,18,3,191,36,6,0,24,8,23,0,8,7,24,99,227,0,0,3,3,0,0,0,0,0,0,9,14,451,89,23,483,64,448,10,158,33,230,110,2095
POA2219,4,10,0,293,33,4,0,33,4,16,3,5,0,17,66,185,0,0,3,4,0,3,0,0,0,0,3,12,381,51,11,475,61,273,14,90,15,157,67,1598
POA2220,0,18,0,402,38,8,3,44,3,41,9,16,8,41,209,413,0,0,0,4,0,0,0,0,0,3,20,30,814,164,31,766,72,858,34,330,50,485,226,3835
POA2221,0,12,0,569,49,12,0,33,7,30,0,9,7,22,126,310,3,0,0,4,0,3,0,0,0,5,6,17,602,103,21,626,61,486,18,135,37,218,142,2446
POA2222,0,3,0,244,22,5,3,15,0,16,0,9,4,5,64,153,0,0,0,0,0,0,0,0,0,0,3,11,362,89,12,448,50,375,18,133,16,137,73,1701
POA2223,3,14,0,692,43,13,3,49,4,24,3,12,3,19,145,310,0,0,0,3,0,0,0,0,0,3,3,21,707,120,23,895,98,541,25,143,30,200,149,2934
POA2224,0,17,0,393,30,3,8,30,9,17,3,6,5,16,90,222,0,0,3,3,0,0,0,0,0,7,3,15,464,68,20,601,59,326,21,95,21,180,94,1947
POA2225,0,5,0,290,14,3,0,24,0,11,0,6,4,6,41,106,3,0,0,3,0,0,0,0,0,0,0,12,226,41,8,352,37,147,8,33,12,50,42,967
POA2226,3,4,0,523,28,3,3,29,0,8,0,11,0,6,89,182,4,0,0,3,0,0,0,0,0,0,0,16,432,55,17,768,59,278,16,69,18,85,87,1887
POA2227,0,11,0,554,36,10,3,42,5,11,3,10,0,15,81,214,3,0,0,6,0,0,0,0,0,3,3,18,503,58,16,843,90,308,22,65,11,117,87,2132
POA2228,0,5,0,419,39,8,3,41,3,25,3,9,0,19,129,282,3,0,3,8,3,0,0,0,0,0,3,23,546,89,17,784,92,397,26,117,20,151,143,2373
POA2229,7,11,0,1056,71,13,7,97,8,39,9,23,5,20,219,507,3,0,3,6,4,0,0,0,0,6,0,26,903,115,47,1443,141,598,43,161,34,197,224,3916
POA2230,5,23,0,889,62,14,3,96,3,41,0,22,11,15,157,427,7,0,7,14,0,3,0,0,0,3,8,35,712,125,27,1128,145,534,33,137,34,167,166,3213
POA2231,0,0,0,28,3,0,0,6,0,0,0,0,0,4,13,36,0,0,0,0,0,0,0,0,0,0,0,0,58,12,3,127,14,62,7,9,3,18,22,328
POA2232,5,8,0,860,78,9,3,79,4,37,7,13,5,15,196,448,10,3,4,12,0,4,0,0,3,9,3,49,1064,142,49,1607,182,710,44,175,30,230,203,4432
POA2233,3,15,0,774,72,11,5,111,5,39,9,20,3,28,172,476,4,0,0,5,0,3,0,0,3,4,3,30,1065,137,28,1923,183,630,55,142,38,248,178,4622
POA2234,6,21,0,1279,132,19,3,108,11,60,4,32,4,40,202,620,9,0,0,7,3,0,0,3,0,0,10,33,1378,162,35,1805,126,758,47,214,42,277,212,5057
POA2250,3,10,0,752,145,19,10,169,15,84,9,33,12,51,363,921,13,3,5,12,0,4,0,0,0,7,22,71,1594,302,73,2566,255,1507,78,362,102,558,400,7790
POA2251,4,3,0,521,79,18,4,96,11,54,8,20,11,27,228,563,8,4,7,5,3,3,0,0,0,3,6,34,875,196,36,1489,137,625,43,199,50,227,244,4119
POA2256,0,3,0,115,13,4,3,26,4,16,0,4,0,24,61,147,0,0,3,0,0,0,0,0,0,0,0,15,246,54,12,391,53,285,24,90,26,163,64,1424
POA2257,0,7,0,235,48,14,3,67,7,31,3,14,8,38,124,361,0,0,0,7,0,0,0,0,0,7,10,27,490,137,25,892,106,560,26,162,50,277,157,2887
POA2258,0,0,0,81,12,3,0,13,0,8,0,8,0,4,25,77,0,0,0,0,0,0,0,0,0,0,4,5,136,24,4,240,8,124,8,37,3,38,29,662
POA2259,0,12,0,484,121,20,4,141,16,69,9,19,15,62,335,810,7,0,3,18,0,7,0,0,5,12,13,69,1453,249,59,2191,226,1295,65,317,98,545,369,6867
POA2260,3,4,0,532,72,12,3,78,10,34,6,12,5,17,169,424,3,0,5,3,0,3,0,7,0,0,3,26,658,113,33,1116,105,469,41,119,25,172,177,3042
POA2261,3,7,0,375,102,19,13,141,18,64,0,25,5,50,230,665,11,0,4,10,0,4,0,4,0,5,12,51,1122,241,50,1945,228,923,73,276,71,469,254,5638
POA2262,0,0,0,79,31,8,3,35,0,30,7,16,3,18,103,256,0,0,0,5,0,4,0,3,0,3,7,29,359,81,19,650,73,441,23,126,29,211,117,2129
POA2263,0,4,0,97,30,9,3,40,0,30,3,17,7,36,102,273,0,0,0,4,0,3,0,0,3,3,6,21,354,87,21,566,65,405,26,156,32,297,117,2125
POA2264,0,4,0,92,32,0,0,15,3,17,3,11,0,15,79,176,3,3,0,3,0,0,0,0,0,9,4,20,274,54,5,433,42,245,25,77,9,149,87,1409
POA2265,0,0,0,50,13,4,3,11,0,12,0,3,0,7,38,90,0,0,3,0,0,0,0,0,0,0,4,9,126,21,5,196,11,112,12,49,3,72,39,650
POA2267,0,0,0,25,3,0,0,12,0,3,0,0,0,0,14,32,0,0,0,0,0,0,0,0,0,0,0,3,54,13,4,92,14,27,5,15,0,30,17,263
POA2278,0,0,0,28,16,0,0,6,0,3,0,3,0,0,16,48,0,0,0,0,0,0,0,0,0,0,0,0,82,14,3,126,11,63,5,23,4,22,16,367
POA2280,3,6,0,427,49,15,0,59,6,36,5,9,5,33,172,385,5,0,0,3,3,0,0,3,0,5,8,30,678,123,19,1163,114,469,43,142,23,274,193,3241
POA2281,3,3,0,149,33,8,0,26,4,19,3,11,0,16,74,189,4,4,0,4,0,0,0,0,0,0,9,23,284,71,22,483,57,251,24,89,23,178,81,1567
POA2282,3,0,0,311,34,4,0,33,3,16,3,4,3,10,110,233,3,0,0,8,0,3,0,0,0,0,4,18,401,51,13,685,60,285,22,71,12,128,116,1862
POA2283,0,3,0,211,38,6,4,55,3,33,3,14,5,40,131,325,3,0,0,3,0,5,0,0,0,10,3,25,441,90,21,756,84,427,29,129,23,285,143,2428
POA2284,3,0,0,81,18,4,3,21,0,10,0,3,0,13,46,130,0,0,0,4,0,0,0,0,0,0,0,8,199,44,11,361,33,203,17,64,19,120,49,1111
POA2285,3,3,0,272,64,8,4,51,3,29,7,15,3,18,174,374,5,0,4,3,0,3,0,0,3,4,8,31,898,142,32,1405,153,662,60,161,51,282,183,4029
POA2286,0,0,0,19,8,0,0,4,0,8,0,3,0,0,19,52,0,0,0,3,0,0,0,0,0,0,0,9,97,16,3,162,23,88,9,20,6,42,26,480
POA2287,0,3,0,357,70,8,4,72,4,49,0,20,9,41,222,501,4,0,6,9,0,4,0,8,0,9,7,42,891,153,45,1461,160,799,37,210,52,400,249,4452
POA2289,0,4,0,349,32,8,4,35,4,14,3,9,0,14,141,267,0,0,0,0,0,3,0,0,0,0,4,13,515,118,11,966,117,344,24,96,20,149,146,2504
POA2290,0,10,0,471,66,10,5,83,7,35,3,26,5,33,195,456,8,0,0,0,0,3,0,3,0,3,4,23,726,177,24,1468,153,618,49,183,47,306,207,3956
POA2291,0,6,0,491,43,3,4,36,4,21,0,9,3,6,130,258,0,0,0,0,0,0,0,0,0,0,0,6,371,61,16,598,53,204,17,74,9,72,137,1614
POA2292,0,0,0,18,3,0,0,0,0,0,0,0,0,0,16,17,0,0,0,0,0,0,0,0,0,0,0,0,37,16,3,85,15,28,0,7,0,17,12,228
POA2293,0,0,0,20,4,0,0,4,0,0,0,0,0,0,7,23,0,0,0,0,0,0,0,0,0,0,0,0,29,9,0,73,8,29,0,7,3,13,7,184
POA2294,0,0,0,14,0,0,0,3,0,0,0,0,0,0,8,18,0,0,0,0,0,0,0,0,0,0,0,0,24,6,0,46,9,23,3,4,0,11,8,145
POA2295,0,0,0,77,10,0,0,6,0,0,0,0,0,9,47,80,0,0,0,0,0,0,0,0,0,0,4,6,133,18,6,205,23,97,7,18,8,69,48,643
POA2296,0,0,0,19,0,0,0,0,0,0,0,0,0,0,0,11,0,0,0,0,0,0,0,0,0,0,0,0,30,10,0,43,7,22,0,6,5,4,0,127
POA2297,0,0,0,17,0,0,0,7,0,0,0,0,0,3,3,15,0,0,0,0,0,0,0,0,0,0,0,4,21,7,0,56,10,29,0,4,3,14,3,151
POA2298,3,0,0,62,15,3,0,12,0,4,0,0,0,3,51,86,0,0,0,0,0,0,0,0,0,3,3,7,139,38,13,272,47,121,8,31,12,77,53,815
POA2299,0,0,0,104,13,3,0,15,3,11,3,5,0,8,53,116,0,0,0,0,0,0,0,3,0,0,0,7,193,53,5,367,31,171,14,82,13,130,55,1119
POA2300,3,3,0,226,10,4,0,20,3,9,0,3,0,0,47,90,0,0,0,0,0,0,0,0,0,0,3,10,148,32,4,242,26,122,7,22,5,23,50,687
POA2302,0,0,0,5,0,0,0,0,0,0,0,0,0,0,0,0,0,0,0,0,0,0,0,0,0,0,0,0,4,0,0,8,0,0,0,0,0,3,0,13
POA2303,3,5,0,214,25,0,0,14,3,3,0,5,0,8,64,126,0,0,0,0,0,0,0,0,0,0,3,4,192,41,0,298,26,116,12,44,10,64,65,871
POA2304,0,0,0,56,18,0,0,12,3,6,0,3,0,5,65,116,3,0,3,0,0,0,0,0,0,4,3,15,225,70,9,424,61,230,18,88,20,137,69,1340
POA2305,0,0,0,284,11,4,0,39,4,7,0,6,3,5,94,177,3,0,0,6,0,4,0,0,0,0,3,17,299,50,14,624,67,227,19,70,12,88,105,1572
POA2306,0,0,0,3,3,0,0,3,0,4,0,0,3,6,8,21,0,0,0,0,0,0,0,0,0,3,0,8,16,11,0,32,3,56,0,33,9,87,8,245
POA2307,0,0,0,6,4,3,0,3,0,0,0,0,0,7,17,34,0,0,0,0,0,0,0,0,0,0,0,3,58,13,0,95,8,73,5,23,5,40,21,351
POA2308,0,0,0,0,0,0,0,0,0,0,0,0,0,0,0,0,0,0,0,0,0,0,0,0,0,0,0,0,0,0,0,0,0,0,0,0,0,0,0,0
POA2311,0,0,0,5,4,0,0,3,0,3,0,0,0,3,0,18,0,0,0,0,0,0,0,0,0,0,0,0,19,7,0,28,3,23,0,5,0,6,3,95
POA2312,0,0,0,3,5,0,0,4,0,4,0,0,0,0,10,27,0,0,0,0,0,0,0,0,0,0,0,3,26,10,0,44,4,16,3,20,0,21,14,153
POA2314,0,0,0,0,0,0,0,0,0,0,0,0,0,0,0,0,0,0,0,0,0,0,0,0,0,0,0,0,0,0,0,0,0,0,0,0,0,0,0,0
POA2315,3,4,0,109,21,3,0,23,0,16,3,9,0,17,105,208,3,0,4,0,0,3,0,0,0,0,0,16,249,64,22,399,32,198,11,74,18,135,110,1292
POA2316,0,0,0,41,9,9,0,17,0,11,0,9,0,4,50,115,0,0,0,0,0,0,0,0,0,0,0,3,116,38,5,216,21,84,8,41,9,54,58,644
POA2317,0,0,0,38,12,6,0,8,0,3,0,3,3,3,50,97,0,0,0,0,0,0,0,0,0,0,0,4,116,23,5,172,15,84,6,27,7,40,51,547
POA2318,0,3,0,127,20,9,0,34,4,22,4,11,8,9,104,220,3,0,0,5,0,0,3,0,0,0,3,13,345,57,15,494,54,284,24,82,30,94,116,1593
POA2319,0,0,0,22,5,0,0,15,0,12,0,4,0,6,37,73,0,0,3,0,0,0,0,0,0,0,3,6,94,32,6,144,21,146,4,48,8,76,40,610
POA2320,3,9,0,516,77,9,3,84,7,32,7,15,0,30,230,498,3,0,4,5,0,0,0,0,0,5,8,28,941,134,37,1397,170,734,48,194,49,302,245,4254
POA2321,0,7,0,187,30,5,0,33,3,20,3,5,3,15,90,214,3,0,0,7,0,0,0,0,0,4,0,11,389,71,13,645,79,355,21,80,26,146,99,1930
POA2322,0,0,0,169,44,4,0,53,0,32,0,7,0,23,129,293,0,0,0,0,4,0,0,0,3,3,9,17,500,87,20,734,90,426,26,95,16,197,140,2325
POA2323,0,0,0,286,57,7,3,58,10,31,5,9,7,17,173,390,3,0,3,3,0,0,0,0,0,6,6,25,620,98,22,934,83,604,24,144,46,218,184,2980
POA2324,0,4,0,150,46,10,0,47,5,31,3,15,0,30,127,313,3,0,0,0,0,0,0,3,0,0,3,16,402,89,23,657,71,421,19,136,27,268,136,2247
POA2325,0,3,0,211,46,4,4,42,10,24,4,19,5,27,121,302,0,0,3,9,0,4,0,3,0,6,6,26,495,127,35,760,103,512,36,166,44,349,132,2754
POA2326,0,0,0,43,13,3,0,11,0,13,0,10,3,13,40,101,0,0,0,0,0,3,0,0,0,3,6,11,144,26,6,228,23,147,6,54,7,114,47,813
POA2327,0,0,0,32,10,4,3,10,0,11,3,4,0,11,31,81,0,0,0,0,0,0,0,0,0,0,0,3,111,22,6,218,20,151,12,43,12,114,31,741
POA2328,0,0,0,20,5,0,0,14,0,5,0,0,0,0,18,39,0,0,0,0,0,0,0,0,0,0,0,3,50,6,12,83,11,46,3,12,3,9,18,263
POA2329,0,0,0,6,9,0,0,3,0,4,0,0,0,3,3,27,0,0,0,0,0,0,0,0,0,0,0,3,47,5,3,61,16,32,3,5,3,13,5,203
POA2330,3,4,0,358,40,11,0,65,3,31,6,3,0,20,122,301,3,0,5,8,0,3,0,0,4,0,6,31,436,65,16,855,91,589,24,93,37,175,128,2504
POA2331,0,0,0,0,0,0,0,0,0,0,0,0,0,0,0,0,0,0,0,0,0,0,0,0,0,0,0,0,0,0,0,0,0,0,0,0,0,0,0,0
POA2333,0,0,0,150,32,0,4,35,0,17,0,4,3,12,65,176,0,0,0,3,0,0,0,0,0,0,6,13,280,44,13,436,50,337,16,55,33,135,80,1484
POA2334,0,0,0,25,8,0,0,7,0,3,0,0,0,6,17,39,0,0,0,0,0,0,0,0,0,0,0,3,48,15,3,113,5,88,3,15,4,33,22,361
POA2335,0,0,0,91,22,0,0,21,0,9,0,3,3,0,43,102,0,0,0,3,0,3,0,0,0,0,0,10,163,21,5,307,31,151,18,23,10,48,46,829
POA2336,0,0,0,24,4,0,0,9,0,4,0,0,0,4,20,46,0,0,0,0,0,0,0,0,0,0,0,0,63,15,4,85,9,52,3,16,9,21,23,292
POA2337,0,0,0,94,24,0,0,23,3,8,3,4,3,0,35,109,3,0,0,0,0,0,0,0,0,0,3,9,236,35,10,272,19,155,9,29,15,30,39,861
POA2338,0,0,0,9,5,0,0,4,0,0,0,3,0,0,0,15,0,0,0,0,0,0,0,0,0,0,0,3,27,3,0,28,5,29,3,5,0,16,0,125
POA2339,0,0,0,3,5,0,0,3,0,0,0,0,0,0,6,12,0,0,0,0,0,0,0,0,0,0,0,0,15,3,0,21,0,14,0,3,0,5,6,63
POA2340,0,8,0,339,117,19,10,97,23,42,3,19,0,31,312,676,8,0,4,4,0,3,0,0,4,12,14,64,1307,165,51,1558,208,719,55,173,41,337,336,4959
POA2341,0,0,0,3,0,0,0,8,0,0,0,0,0,3,3,17,0,0,0,0,0,0,0,0,0,0,0,0,12,3,0,33,0,23,0,6,9,27,6,118
POA2342,0,0,0,4,4,0,0,4,0,0,0,0,0,0,0,7,0,0,0,0,0,0,0,0,0,0,0,0,17,0,0,22,3,5,0,3,0,0,0,46
POA2343,0,3,0,27,19,0,0,12,0,4,0,3,0,6,22,78,3,0,0,3,0,0,0,0,0,3,0,6,116,15,4,130,15,102,5,12,3,45,28,481
POA2344,0,0,0,8,0,0,0,4,0,0,0,0,0,0,7,22,0,0,0,0,0,0,0,0,0,0,0,0,27,8,0,26,3,11,0,3,0,3,9,96
POA2345,0,0,0,5,3,0,0,0,0,0,0,0,0,0,6,13,0,0,0,0,0,0,0,0,0,0,0,0,14,4,0,17,9,21,0,9,3,3,8,81
POA2346,0,0,0,13,7,0,0,4,0,3,0,0,0,5,12,37,0,0,0,0,0,0,0,0,0,0,0,7,71,10,0,75,4,38,7,5,4,31,15,260
POA2347,0,0,0,9,7,0,0,3,0,3,0,0,0,6,5,27,0,0,0,0,0,0,0,0,0,0,0,5,41,6,0,41,3,34,3,4,0,23,14,157
POA2350,0,3,0,202,55,8,0,46,3,22,5,3,7,11,168,333,0,0,0,3,0,0,0,0,0,0,0,13,589,104,20,724,71,365,27,114,20,199,173,2406
POA2351,0,0,0,0,0,0,0,0,0,0,0,0,0,0,0,0,0,0,0,0,0,0,0,0,0,0,0,0,0,0,0,0,0,0,0,0,0,0,0,0
POA2352,0,0,0,10,5,0,0,10,0,0,0,0,0,4,13,39,0,0,0,0,0,0,0,0,0,0,0,4,76,13,6,103,4,50,3,12,4,25,19,312
POA2353,0,0,0,3,0,0,0,4,0,4,0,0,0,0,6,15,0,0,0,0,0,0,0,0,0,0,0,0,27,0,0,31,5,21,6,6,0,8,6,107
POA2354,0,0,0,19,26,4,0,16,0,4,0,0,0,3,11,72,0,0,0,0,0,0,0,0,0,0,3,4,98,18,0,113,11,60,3,19,4,16,18,365
POA2355,0,0,0,0,3,0,0,0,0,0,0,0,0,0,3,8,0,0,0,0,0,0,0,0,0,0,0,0,17,0,0,11,0,15,0,0,0,3,3,50
POA2356,0,0,0,0,0,0,0,0,0,0,0,0,0,0,0,4,0,0,0,0,0,0,0,0,0,0,0,0,3,0,0,4,0,0,0,0,0,3,0,12
POA2357,0,0,0,3,9,7,0,6,0,5,0,4,0,7,21,61,3,0,0,0,0,0,0,0,0,0,0,3,65,17,0,93,13,43,9,21,5,47,22,332
POA2358,0,0,0,9,12,0,0,9,0,8,0,0,0,3,20,49,0,0,0,0,0,0,0,0,3,0,0,7,78,15,4,110,15,49,3,22,4,42,22,361
POA2359,0,0,0,0,3,0,0,0,0,0,0,0,0,0,3,8,0,0,0,0,0,0,0,0,0,0,0,0,7,4,0,19,3,5,0,3,0,20,3,71
POA2360,0,0,0,54,36,3,8,21,0,12,0,5,0,16,67,174,0,3,0,0,0,0,0,3,0,3,3,10,317,60,24,375,33,213,20,74,24,153,81,1373
POA2361,0,0,0,0,3,0,0,3,0,0,0,0,0,0,4,12,0,0,0,0,0,0,0,0,0,0,0,0,11,3,0,16,0,12,0,3,3,19,8,75
POA2365,0,0,0,15,10,3,0,14,0,3,0,0,0,5,20,55,0,0,0,0,0,0,0,0,0,0,3,4,91,25,3,122,12,64,3,17,7,26,19,378
POA2369,0,0,0,0,0,0,0,4,0,0,0,3,0,0,10,22,0,0,0,0,0,0,0,0,0,0,0,0,8,3,0,16,0,11,0,5,0,22,10,78
POA2370,0,0,0,25,24,4,0,18,4,0,0,4,0,8,35,93,0,0,0,0,0,0,0,0,0,0,0,6,154,31,6,177,20,80,12,40,4,67,42,636
POA2371,0,0,0,0,3,0,0,4,0,0,0,0,0,0,3,13,0,0,0,0,0,0,0,0,0,0,0,0,19,5,0,12,3,8,0,10,0,12,10,77
POA2372,0,0,0,15,13,0,0,12,0,5,0,3,0,3,12,58,3,0,0,0,0,0,0,0,0,0,0,3,84,20,7,100,9,55,4,21,3,33,17,354
POA2379,0,0,0,4,0,0,0,5,0,0,0,0,0,0,3,9,0,0,0,0,0,0,0,0,0,0,0,0,15,0,0,16,0,4,0,0,0,3,3,40
POA2380,0,0,0,97,34,0,0,21,9,6,3,3,0,3,63,140,3,0,0,0,0,0,0,0,0,3,3,9,256,37,11,358,46,184,11,39,23,80,70,1124
POA2381,0,0,0,6,3,0,0,3,0,3,0,0,0,6,10,18,0,0,0,0,0,0,0,0,0,0,0,0,30,9,0,31,5,17,3,6,3,14,10,122
POA2382,0,0,0,7,4,0,0,3,0,0,0,0,0,6,6,18,0,0,0,0,0,0,0,0,0,0,0,0,26,4,0,36,0,22,0,8,0,12,8,114
POA2386,0,0,0,0,3,0,0,4,0,0,0,0,0,0,0,8,0,0,0,0,0,0,0,0,0,0,0,0,5,0,0,22,3,9,0,0,0,0,0,37
POA2387,0,0,0,3,3,0,0,0,0,0,0,0,0,0,0,7,0,0,0,0,0,0,0,0,0,0,0,0,8,3,0,7,0,5,0,0,0,0,0,25
POA2388,0,0,0,15,5,0,3,8,0,4,0,0,0,3,13,35,0,0,0,0,0,0,0,0,0,0,0,3,69,10,7,69,26,40,4,6,0,17,13,255
POA2390,0,0,0,73,34,3,5,31,4,17,0,0,0,5,45,141,6,0,0,6,0,0,0,0,0,0,3,12,253,26,11,316,26,135,10,27,12,51,47,918
POA2395,0,0,0,0,0,0,0,0,0,0,0,0,0,3,7,9,0,0,0,0,0,0,0,0,0,0,0,0,3,3,0,13,0,0,0,6,3,9,3,39
POA2396,0,0,0,3,3,0,0,0,0,0,0,0,0,0,8,14,0,0,0,0,0,0,0,0,0,0,0,0,14,0,0,21,3,10,0,3,0,9,7,70
POA2397,0,0,0,0,4,0,0,0,0,0,0,0,0,0,0,10,0,0,0,0,0,0,0,0,0,0,0,0,7,0,0,15,0,9,0,0,0,3,0,38
POA2398,0,0,0,0,3,0,0,0,0,0,0,0,0,0,0,8,0,0,0,0,0,0,0,0,0,0,0,0,13,0,0,10,0,0,0,0,0,0,0,25
POA2399,0,0,0,8,0,0,0,0,0,0,0,0,0,0,3,9,0,0,0,0,0,0,0,0,0,0,0,5,18,0,3,18,0,11,3,0,0,3,3,58
POA2400,0,3,0,70,39,3,3,25,3,12,0,3,3,6,53,152,4,0,4,4,0,7,0,0,0,0,4,22,257,24,15,292,37,148,12,24,10,62,56,941
POA2401,0,0,0,0,0,0,0,3,0,0,0,0,0,0,3,7,0,0,0,0,0,0,0,0,0,0,0,0,6,0,0,15,3,7,0,0,0,0,3,40
POA2402,0,0,0,3,5,0,0,3,0,0,0,3,0,0,10,21,0,0,0,0,0,0,0,0,0,0,0,0,31,4,3,42,3,27,3,9,0,18,15,159
POA2403,0,0,0,3,4,0,0,3,0,0,0,0,0,0,0,10,0,0,0,0,0,0,0,0,0,0,0,0,26,4,0,18,0,11,0,3,0,12,5,80
POA2404,0,0,0,0,8,0,0,0,0,0,0,0,0,0,9,24,0,0,0,0,0,0,0,0,0,0,0,0,35,3,0,32,3,20,0,3,0,18,9,122
POA2405,0,0,0,3,3,0,0,0,0,0,0,0,0,0,0,12,0,0,0,0,0,0,0,0,0,0,0,0,23,0,3,15,0,7,0,0,0,0,3,47
POA2406,0,0,0,7,3,0,0,4,0,0,0,0,0,0,4,9,0,0,0,0,0,0,0,0,0,0,0,0,16,3,0,21,3,21,0,3,4,4,4,75
POA2408,0,0,0,0,4,0,0,3,0,0,0,0,0,0,0,11,0,0,0,0,0,0,0,0,0,0,0,0,10,0,0,18,0,10,0,0,0,0,0,45
POA2409,0,0,0,0,0,0,0,3,0,0,0,0,0,3,4,16,0,0,0,0,0,0,0,0,0,5,0,3,12,0,0,12,4,16,0,3,0,35,7,89
POA2410,0,0,0,0,0,0,0,0,0,0,0,0,0,0,4,8,0,0,0,0,0,0,0,0,0,0,0,0,5,0,0,11,0,5,0,0,0,3,4,25
POA2411,0,0,0,0,0,0,0,0,0,0,0,0,0,0,0,0,0,0,0,0,0,0,0,0,0,0,0,0,4,0,0,8,0,0,0,0,0,0,0,15
POA2415,0,0,0,5,4,0,0,0,0,0,0,0,0,0,4,6,0,0,0,0,0,0,0,0,0,0,0,0,13,3,0,13,0,3,0,3,0,3,3,47
POA2420,0,0,0,26,9,0,4,14,0,3,0,0,0,0,23,57,0,0,0,3,0,0,0,0,0,3,0,13,69,24,8,112,15,58,4,20,12,38,25,390
POA2421,0,0,0,18,0,0,0,4,0,0,0,0,0,0,17,31,0,0,0,0,0,0,0,0,0,0,0,4,51,17,0,87,4,22,0,13,4,18,19,240
POA2422,0,0,0,13,9,4,0,14,3,4,3,0,0,5,23,65,0,0,0,4,0,0,0,0,0,3,0,5,70,20,3,136,15,66,9,37,10,65,23,454
POA2423,0,0,0,3,6,0,0,4,0,6,0,0,0,6,20,44,0,0,0,0,0,0,0,0,0,0,0,3,32,19,3,53,8,36,3,20,12,34,27,237
POA2424,0,0,0,0,0,0,0,0,0,0,0,0,0,0,3,4,0,0,0,0,0,0,0,0,0,0,0,0,0,3,0,13,0,9,0,3,0,7,3,34
POA2425,0,0,0,11,5,0,0,3,0,0,0,0,0,0,6,20,0,0,0,0,0,0,0,0,0,0,0,3,44,10,0,54,3,37,3,11,0,15,6,191
POA2426,0,0,0,3,0,0,0,0,0,3,0,0,3,0,0,4,0,0,0,0,0,0,0,0,0,0,0,3,12,5,0,17,0,14,0,7,3,4,3,65
POA2427,0,0,0,3,0,0,0,0,0,3,0,5,0,3,11,30,0,0,0,0,0,0,0,0,0,0,0,4,28,8,0,39,9,20,0,23,0,47,12,189
POA2428,0,0,0,78,33,13,0,27,6,18,4,11,3,26,100,250,7,0,6,4,0,0,0,0,0,0,3,22,280,104,17,466,44,215,25,133,27,227,117,1655
POA2429,0,0,0,19,18,3,0,16,0,8,3,9,4,14,47,115,0,0,0,3,0,0,0,0,0,3,4,13,155,51,7,206,30,148,19,67,16,131,53,899
POA2430,0,3,0,105,59,13,9,75,4,27,3,17,4,40,143,394,3,0,0,7,0,0,0,0,9,15,12,43,530,157,29,822,81,454,39,229,61,429,168,2993
POA2431,0,0,0,12,8,0,0,8,0,3,0,6,0,10,13,57,0,0,0,0,0,0,0,0,0,0,0,4,73,16,7,97,11,59,12,28,3,54,17,376
POA2439,0,0,0,9,4,3,0,8,0,3,0,0,0,6,14,42,0,0,0,0,0,0,0,0,0,0,0,0,43,12,3,100,3,52,5,15,3,31,16,281
POA2440,3,0,0,45,37,6,0,46,3,9,0,13,3,25,69,215,0,0,0,5,0,0,0,0,3,5,12,30,324,90,25,459,47,241,22,129,31,277,97,1745
POA2441,0,0,0,11,5,4,0,13,4,9,0,3,3,5,38,77,0,0,0,0,0,0,0,0,0,3,0,8,69,31,7,103,7,69,4,38,10,60,41,439
POA2443,0,0,0,18,10,3,0,13,0,8,0,4,0,16,43,98,0,0,0,0,0,0,0,0,0,8,0,6,92,24,3,141,7,85,8,40,9,97,49,563
POA2444,0,9,0,328,65,20,0,68,9,26,0,14,6,33,203,439,11,0,4,13,0,3,0,0,0,6,5,44,948,225,40,1345,115,620,52,227,36,353,213,4174
POA2445,0,0,0,43,11,3,0,17,0,14,0,4,0,4,42,98,0,0,0,0,0,0,0,0,0,0,0,7,153,36,9,219,23,102,7,39,3,59,44,698
POA2446,0,0,0,69,25,3,0,25,3,12,0,9,0,14,63,153,3,0,0,0,0,0,0,0,3,0,9,15,306,68,14,388,28,194,23,82,26,150,74,1358
POA2447,0,0,0,16,4,6,0,16,0,10,0,0,3,4,30,73,0,0,0,0,0,0,0,0,0,0,4,7,122,39,8,163,20,114,11,59,12,80,35,650
POA2448,0,0,0,21,11,5,0,13,3,9,0,7,0,17,30,97,0,0,0,0,0,0,0,0,0,0,3,8,107,37,4,146,22,92,14,57,9,114,30,636
POA2449,0,0,0,5,0,4,0,3,0,0,0,0,0,5,8,24,0,0,0,0,0,0,0,0,0,3,0,3,18,16,3,38,0,23,5,23,3,30,8,164
POA2450,0,8,0,270,92,25,0,76,10,43,8,27,7,48,244,565,4,0,3,8,3,0,0,0,0,5,10,32,917,280,34,1252,109,660,49,258,49,389,266,4257
POA2452,0,0,0,53,23,7,0,26,3,21,0,11,0,18,66,172,4,0,0,0,0,0,0,0,0,3,0,12,272,80,6,455,40,243,23,91,15,166,69,1455
POA2453,0,0,0,10,3,3,0,9,0,3,0,3,0,0,11,34,0,0,0,0,0,0,0,0,0,0,0,6,40,16,3,67,8,35,4,19,5,28,20,238
POA2454,0,0,0,30,8,8,0,14,0,6,0,7,3,5,50,106,0,0,0,0,0,0,0,0,0,0,4,4,116,74,7,207,19,108,12,77,11,75,57,768
POA2455,0,0,0,9,3,3,0,0,0,0,0,3,0,3,13,24,0,0,0,0,0,0,0,0,0,0,0,0,41,32,0,47,11,34,5,18,0,28,9,223
POA2456,0,3,0,65,25,11,0,38,4,14,3,10,0,10,76,187,0,0,0,0,0,0,0,0,0,0,5,18,284,79,11,465,57,249,19,94,14,144,88,1514
POA2460,0,3,0,92,48,13,6,53,11,31,0,15,4,40,143,364,3,0,0,0,0,0,0,0,3,7,5,25,507,131,18,695,81,462,38,170,46,339,154,2643
POA2462,0,0,0,0,9,3,0,10,0,5,0,4,0,0,9,44,0,0,0,0,0,0,0,0,0,0,0,0,31,15,3,44,4,31,3,16,3,37,9,200
POA2463,0,0,0,25,12,3,3,22,0,12,0,10,0,9,32,104,0,0,0,3,0,0,0,0,0,0,3,4,119,39,10,198,16,111,7,56,3,89,34,693
POA2464,0,0,0,25,3,5,0,10,0,0,0,4,0,3,37,64,0,0,0,0,0,0,0,0,0,3,3,7,66,45,6,134,18,55,8,38,11,60,37,484
POA2465,0,0,0,3,0,0,0,0,0,0,0,0,0,0,0,3,0,0,0,0,0,0,0,0,0,0,0,0,3,3,0,12,0,0,0,0,0,0,0,21
POA2466,0,0,0,0,0,0,0,3,0,0,0,0,0,0,8,10,0,0,0,0,0,0,0,0,0,0,0,0,14,3,0,10,0,10,4,11,3,16,10,79
POA2469,0,0,0,8,3,4,0,5,0,0,0,0,0,4,7,31,0,0,0,0,0,0,0,0,0,0,0,3,45,20,3,65,3,46,0,27,7,62,7,277
POA2470,0,0,0,21,27,12,0,22,5,18,3,15,0,20,64,178,3,0,0,0,0,0,0,0,0,7,0,16,277,93,19,376,48,266,32,109,16,187,63,1477
POA2471,0,0,0,3,4,0,0,6,0,4,0,0,0,8,6,34,0,0,0,0,0,0,0,0,0,0,0,3,51,14,0,72,4,34,4,24,0,34,8,252
POA2472,0,0,0,6,3,0,0,4,0,5,0,3,0,4,4,31,0,0,0,0,0,0,0,0,0,0,0,0,40,9,3,48,7,33,3,16,3,15,10,186
POA2473,0,0,0,17,3,0,0,0,0,0,0,0,0,0,14,25,0,0,0,0,0,0,0,0,0,0,0,5,56,17,4,60,3,21,3,19,3,21,14,230
POA2474,0,0,0,27,6,3,0,6,0,3,0,0,3,9,25,65,0,0,0,0,0,0,0,0,0,4,0,3,119,21,3,117,12,73,11,41,10,79,25,520
POA2475,0,0,0,0,0,0,0,0,0,0,0,0,0,0,4,8,0,0,0,0,0,0,0,0,0,0,0,0,3,3,0,3,0,3,0,0,0,7,4,25
POA2476,0,0,0,0,0,0,0,0,0,0,0,0,0,4,3,7,0,0,0,0,0,0,0,0,0,0,0,0,14,0,0,19,0,8,0,3,0,17,3,59
POA2477,0,0,0,92,21,4,3,31,4,16,0,12,0,11,76,163,0,0,3,0,0,0,0,0,0,0,4,12,273,82,13,422,39,179,17,81,6,98,83,1297
POA2478,3,9,0,212,49,13,4,51,3,22,0,13,3,18,143,327,3,0,3,3,0,3,0,0,0,3,3,20,505,185,26,873,77,367,34,178,33,213,159,2644
POA2479,0,0,0,56,10,4,0,16,0,7,3,12,0,5,31,91,0,0,0,0,0,0,0,0,0,0,0,4,109,51,3,167,15,54,12,44,4,45,41,555
POA2480,4,4,3,209,73,20,4,71,5,31,3,25,6,33,195,478,0,0,5,3,0,3,0,0,3,10,15,36,912,282,34,1229,108,597,56,294,46,384,220,4167
POA2481,0,6,0,111,15,7,0,15,0,4,0,5,3,14,73,149,0,0,0,3,0,3,0,0,0,0,4,11,153,120,17,259,22,112,14,66,16,82,82,939
POA2482,0,0,0,17,4,9,0,18,4,4,0,5,0,12,38,93,0,0,0,0,0,0,0,0,0,0,3,4,80,81,7,155,12,74,7,57,15,60,39,580
POA2483,0,3,0,48,18,14,3,17,0,13,3,13,0,6,74,157,3,0,0,0,0,0,0,3,0,0,0,7,138,111,15,261,23,141,17,109,15,84,85,991
POA2484,0,0,0,58,30,11,0,40,3,29,3,17,3,21,92,254,4,0,0,3,0,0,0,0,0,7,6,26,288,126,22,526,50,292,30,154,23,217,105,1834
POA2485,0,0,0,53,19,0,0,19,3,8,0,12,0,15,46,124,0,0,0,3,0,0,0,0,0,3,3,7,156,50,13,280,23,176,5,81,17,130,54,982
POA2486,0,3,0,176,53,17,0,70,3,30,0,26,0,24,155,374,3,0,4,3,0,0,0,0,0,3,7,19,587,165,24,1002,87,471,36,206,33,287,171,3066
POA2487,0,0,0,191,22,10,3,28,0,10,0,4,0,3,84,171,4,0,0,0,0,0,0,0,0,0,8,14,258,82,12,476,52,232,19,78,4,77,96,1390
POA2488,0,0,0,24,10,0,0,3,0,4,0,3,0,4,21,42,3,0,0,0,0,0,0,0,0,0,0,4,62,32,0,115,14,66,5,26,4,22,20,359
POA2489,0,0,0,36,10,5,0,13,0,10,0,3,0,6,66,115,0,0,0,0,0,0,0,0,0,0,3,11,136,39,0,315,23,143,13,39,4,73,73,856
POA2490,0,0,0,5,3,0,0,0,0,0,0,0,0,0,6,8,0,0,0,0,0,0,0,0,0,0,0,0,13,7,0,16,0,13,0,7,0,4,4,77
POA2500,0,16,0,433,55,7,3,54,10,31,0,11,0,44,187,406,4,0,3,4,0,0,0,0,0,3,3,20,644,120,27,958,105,592,32,199,40,472,191,3375
POA2502,0,8,0,45,12,3,3,16,3,18,0,5,0,25,47,131,0,0,0,3,0,3,0,0,0,12,0,18,153,37,10,261,23,264,10,119,26,333,62,1293
POA2505,0,0,0,37,7,3,0,9,3,4,0,6,3,4,21,65,0,0,0,0,0,0,0,0,0,0,0,5,87,18,7,134,20,81,0,37,7,94,27,513
POA2506,0,0,0,43,6,3,0,10,0,11,0,7,0,8,34,89,0,0,0,3,0,0,0,0,0,0,0,12,124,31,5,206,31,165,11,56,16,144,38,827
POA2508,0,0,0,228,32,3,3,37,0,17,3,8,3,9,72,182,0,0,0,3,0,0,0,0,0,3,4,14,303,57,14,570,48,204,14,61,10,63,77,1427
POA2515,0,3,0,386,22,6,0,22,7,17,0,9,4,14,77,170,0,0,0,0,0,0,0,0,0,0,0,9,319,71,17,558,56,259,13,56,16,95,78,1533
POA2516,0,0,0,186,22,0,0,24,0,9,0,3,0,6,54,119,0,0,0,0,0,0,0,0,0,0,0,0,191,28,0,339,37,127,14,29,11,39,60,878
POA2517,0,3,0,257,31,3,0,36,3,19,3,3,3,5,83,199,0,0,3,0,0,0,0,0,0,3,0,11,344,72,14,693,67,257,22,58,16,124,86,1755
POA2518,0,3,0,222,37,9,0,45,10,26,0,6,9,21,104,257,0,0,5,0,0,0,0,0,0,3,4,19,384,92,20,690,83,350,23,100,24,222,110,2098
POA2519,0,9,0,267,22,3,4,42,0,15,0,7,3,20,88,212,0,0,0,5,0,0,3,0,0,0,3,16,370,79,18,641,82,347,15,95,29,227,96,1990
POA2522,0,0,0,0,0,0,0,0,0,0,0,0,0,0,0,0,0,0,0,0,0,0,0,0,0,0,0,0,0,0,0,0,0,0,0,0,0,0,0,0
POA2525,5,3,0,213,24,3,0,30,0,21,0,8,3,8,73,180,6,0,3,0,0,0,0,0,0,3,5,17,366,53,11,520,48,263,19,70,19,123,76,1572
POA2526,3,5,0,289,34,0,0,38,4,20,3,9,0,34,97,240,0,0,0,0,0,0,0,0,0,3,4,16,467,90,15,718,76,344,31,105,24,197,102,2157
POA2527,0,0,0,186,43,8,0,51,6,43,3,15,4,19,121,312,3,0,3,3,0,3,0,3,3,3,3,26,569,84,21,997,102,532,48,132,35,183,126,2826
POA2528,3,6,0,123,41,3,0,41,3,36,0,15,4,38,105,285,0,0,0,3,0,0,0,0,0,5,4,19,363,82,12,670,75,444,31,146,36,368,118,2348
POA2529,3,5,0,403,49,6,3,88,10,34,3,13,5,40,161,411,3,0,3,3,0,3,0,0,0,4,3,22,737,135,33,1259,131,635,30,173,38,261,171,3596
POA2530,3,4,0,283,45,10,3,74,9,56,3,16,8,34,155,410,4,0,3,11,0,4,0,0,0,0,3,24,805,126,35,1363,142,768,55,202,45,341,165,4058
POA2533,0,0,0,279,42,13,3,49,5,13,3,6,4,15,103,249,0,0,5,0,0,0,0,0,0,0,0,10,374,74,19,647,82,272,18,98,28,146,107,1855
POA2534,0,0,0,79,14,0,0,29,0,7,0,5,0,9,42,112,0,0,0,0,0,0,0,0,0,0,0,3,120,37,9,237,32,73,11,31,8,40,40,654
POA2535,0,3,0,66,20,0,0,22,3,7,3,4,3,10,40,105,0,0,3,0,0,0,0,0,0,0,0,4,132,41,5,216,22,90,7,42,11,50,42,667
POA2536,3,0,0,52,15,9,0,12,0,10,0,12,4,20,70,164,0,0,0,3,0,0,0,0,0,3,6,21,243,92,8,352,36,186,15,121,17,183,81,1324
POA2537,0,3,0,40,18,7,3,32,3,3,4,7,3,13,65,163,3,0,0,0,0,0,0,0,0,0,3,11,174,67,16,321,24,108,3,66,9,95,72,966
POA2538,0,0,0,10,3,0,0,3,0,0,0,0,0,7,18,32,0,0,0,0,0,0,0,0,0,0,0,3,35,12,3,73,5,36,0,11,3,22,17,222
POA2539,3,6,0,56,21,13,3,31,0,14,0,9,0,18,85,197,3,0,0,6,0,0,0,0,0,0,7,16,240,127,16,450,37,209,30,117,18,188,95,1526
POA2540,0,8,0,226,85,21,9,93,14,37,4,24,9,46,249,580,3,0,3,3,0,0,0,0,5,9,8,46,744,200,31,1219,142,703,43,249,65,477,273,4144
POA2541,0,3,0,104,29,5,5,33,3,28,4,10,3,28,125,277,0,0,0,3,0,3,0,0,0,3,8,21,402,91,26,660,64,390,18,149,36,288,145,2280
POA2545,0,0,0,0,3,0,0,3,0,3,0,0,0,3,4,18,0,0,0,0,0,0,0,0,0,0,3,3,18,8,0,19,0,15,0,4,0,18,6,95
POA2546,0,0,0,20,9,3,0,8,0,8,0,7,0,13,28,83,3,0,0,3,0,0,0,0,0,0,0,6,96,53,3,155,16,76,10,47,11,94,42,595
POA2548,0,0,0,31,13,3,0,7,0,10,0,4,0,9,38,89,0,0,0,0,0,0,0,0,0,0,0,0,124,36,8,169,18,68,10,34,5,62,41,581
POA2549,0,0,0,18,5,3,0,15,0,6,0,3,0,0,23,48,0,0,0,0,0,0,0,0,0,0,0,3,54,27,3,138,4,46,4,13,3,25,25,355
POA2550,3,0,0,68,21,8,0,38,5,16,0,11,0,12,109,231,3,0,0,0,0,0,0,0,0,0,4,14,294,102,14,452,47,225,21,100,20,136,122,1532
POA2551,0,0,0,4,3,0,3,10,0,7,0,5,0,3,19,54,0,0,0,0,0,0,0,0,0,0,0,0,42,14,3,84,7,48,0,20,3,25,19,260
POA2555,0,0,0,0,0,0,0,0,0,0,0,0,0,0,0,3,0,0,0,0,0,0,0,0,0,0,0,0,4,3,0,7,0,5,0,3,0,5,0,26
POA2556,0,3,0,39,9,0,3,12,0,6,0,3,0,7,16,56,0,0,0,0,0,0,0,0,0,0,3,6,65,14,8,95,5,80,5,23,3,43,20,360
POA2557,0,5,0,133,23,0,0,23,0,15,3,4,0,6,39,114,3,0,0,3,0,0,0,0,0,3,4,15,332,55,20,352,68,247,8,47,20,107,48,1298
POA2558,0,0,0,124,35,4,0,17,5,17,4,12,0,20,51,164,3,0,0,0,0,0,0,0,0,5,3,14,398,54,16,419,52,340,16,87,14,160,60,1619
POA2559,0,0,0,5,5,0,0,0,0,6,0,0,0,4,3,20,0,0,0,0,0,0,0,0,0,3,3,4,30,3,0,26,0,46,0,18,7,69,5,213
POA2560,3,11,0,689,154,14,3,133,12,131,4,48,18,136,324,983,8,0,8,9,0,8,0,0,0,21,32,96,2132,269,62,2147,270,2134,87,581,136,1064,389,9266
POA2563,0,0,0,0,0,0,0,0,0,0,0,0,0,0,4,8,0,0,0,0,0,0,0,0,0,0,0,0,6,3,0,6,0,4,0,5,0,4,4,35
POA2564,0,3,0,70,20,8,4,6,3,22,0,11,7,28,68,182,3,0,0,0,0,0,0,0,0,6,6,27,314,65,8,304,45,494,14,161,36,257,90,1780
POA2565,0,10,0,266,40,3,3,26,8,30,0,7,10,29,99,266,6,0,0,3,0,3,0,0,0,3,13,27,703,82,26,561,85,696,22,156,41,272,117,2768
POA2566,0,10,0,238,70,9,4,51,5,50,0,15,7,34,142,394,10,0,3,0,0,0,0,0,0,6,12,44,955,113,35,807,101,938,26,224,65,387,157,3806
POA2567,0,8,0,785,115,10,5,95,15,74,9,14,8,26,219,593,8,0,3,19,0,3,0,0,0,6,10,58,1786,145,50,1959,272,1125,56,182,50,258,240,6116
POA2568,0,0,0,28,11,0,0,5,0,0,0,0,0,0,5,32,0,0,0,0,0,3,0,0,0,0,0,3,43,8,0,64,3,19,3,7,0,6,5,148
POA2569,0,0,0,21,0,0,0,3,0,3,0,0,0,0,11,23,0,0,0,0,0,0,0,0,0,0,0,4,49,4,0,53,6,36,3,5,4,7,9,180
POA2570,0,4,0,826,128,15,14,105,20,67,8,20,13,25,206,614,13,0,4,14,0,5,3,0,0,10,11,56,1589,156,75,1915,282,1009,50,167,51,263,227,5790
POA2571,0,3,0,282,41,3,0,47,3,26,0,7,0,8,82,215,7,0,3,7,0,0,0,0,0,4,3,22,492,58,23,609,79,274,17,44,23,75,91,1785
POA2572,0,0,0,57,14,0,0,21,0,11,0,0,0,5,31,81,0,0,0,0,0,0,0,0,0,0,4,4,118,15,3,190,23,108,3,22,4,44,33,573
POA2573,0,0,0,42,13,0,0,9,3,5,3,4,0,9,24,72,0,0,0,0,0,0,0,0,0,3,3,5,141,22,3,159,26,142,11,28,9,59,31,628
POA2574,0,0,0,66,19,0,0,14,0,8,0,0,0,4,33,90,0,0,0,3,0,0,0,0,3,0,0,8,181,23,9,257,25,123,12,28,12,52,36,759
POA2575,0,0,0,141,52,9,4,48,3,31,0,3,0,13,103,265,4,0,0,0,0,3,0,0,0,0,0,20,377,89,17,600,55,315,14,66,13,112,111,1776
POA2576,0,3,0,254,33,4,0,47,3,23,3,5,3,12,87,215,3,0,0,4,0,3,0,0,3,0,4,20,281,46,14,441,35,222,14,56,13,92,91,1300
POA2577,0,0,0,130,33,3,3,31,7,27,6,3,0,13,82,203,3,3,0,3,0,0,0,0,0,0,5,15,349,71,13,531,45,263,16,76,13,84,93,1558
POA2578,0,0,0,25,0,3,0,7,0,0,0,0,0,5,12,30,0,0,0,0,0,0,0,0,0,0,0,0,37,13,0,66,11,28,0,8,0,20,9,210
POA2579,0,0,0,30,9,0,0,13,0,9,0,3,0,4,21,55,0,0,0,0,0,0,0,0,0,0,0,7,83,21,9,115,18,80,6,26,3,45,21,417
POA2580,0,5,0,215,64,15,7,57,7,27,12,11,6,21,153,376,7,0,3,7,0,0,0,3,3,6,4,32,743,116,16,867,104,460,50,136,45,208,169,2922
POA2581,0,3,0,28,9,0,0,5,0,3,0,0,0,3,19,38,0,0,0,0,0,0,0,0,0,0,0,4,78,14,3,82,9,32,5,6,3,18,18,256
POA2582,0,0,0,296,48,5,0,43,3,12,3,3,0,4,70,195,0,0,0,6,0,0,0,0,0,0,5,13,479,44,22,481,86,220,27,44,10,74,75,1572
POA2583,0,0,0,18,17,0,0,17,0,10,0,0,0,5,13,65,0,0,0,0,0,0,0,0,0,0,0,0,94,21,7,133,11,57,8,22,4,39,16,430
POA2584,0,0,0,4,0,0,0,0,0,0,0,0,0,0,0,3,0,0,0,0,0,0,0,0,0,0,0,0,12,4,0,24,3,10,0,3,0,3,0,62
POA2585,0,0,0,0,0,0,0,0,0,0,0,0,0,0,5,6,0,0,0,0,0,0,0,0,0,0,0,0,3,3,0,10,0,0,0,3,0,0,5,24
POA2586,0,0,0,11,15,0,0,8,0,3,0,0,0,3,7,38,0,0,0,0,0,0,0,0,0,0,0,5,55,13,3,70,10,41,4,13,6,26,8,245
POA2587,0,0,0,12,14,0,0,7,0,3,3,0,0,3,17,56,0,0,0,0,0,0,0,0,0,0,3,3,66,9,4,80,9,40,7,5,3,29,16,266
POA2588,0,0,0,0,0,0,0,0,0,0,0,0,0,0,3,3,0,0,0,0,0,0,0,0,0,0,0,0,3,3,0,7,0,10,0,0,0,0,3,29
POA2590,0,3,0,27,25,4,0,20,0,11,0,3,0,7,35,103,3,0,0,3,0,0,0,0,0,0,4,13,141,28,9,191,19,87,4,16,8,70,36,621
POA2594,0,0,0,52,27,0,0,36,0,14,0,3,0,11,66,162,0,0,0,0,0,3,0,0,0,0,3,10,223,56,15,363,23,199,10,62,20,113,70,1164
POA2619,3,0,0,527,40,4,0,28,5,15,0,0,3,3,112,211,3,0,0,6,0,0,0,0,0,0,0,11,626,29,8,476,72,203,10,35,10,24,118,1611
POA2620,4,11,3,826,118,9,9,65,11,34,0,14,4,27,228,523,6,0,0,4,3,0,0,0,0,0,10,28,1470,136,55,1229,240,677,47,158,53,237,245,4551
POA2621,0,0,0,201,27,0,3,18,3,9,0,0,0,3,53,114,0,0,0,3,0,0,0,0,0,0,3,7,315,24,15,239,54,110,15,24,4,26,62,887
POA2622,0,0,0,27,10,4,0,10,0,4,0,0,0,4,27,66,0,0,0,0,0,0,0,0,3,0,0,3,90,26,5,91,13,53,3,20,6,29,27,361
POA2623,0,0,0,7,3,0,0,3,0,0,0,0,0,0,3,3,0,0,0,0,0,0,0,0,0,0,0,0,18,0,0,19,0,20,0,0,0,4,5,64
POA2625,0,0,0,0,0,0,0,0,0,0,0,0,0,0,0,0,0,0,0,0,0,0,0,0,0,0,0,0,10,0,0,3,0,0,0,0,0,0,0,19
POA2626,0,0,0,3,5,0,0,0,0,0,0,0,0,0,4,4,0,0,0,0,0,0,0,0,0,0,0,0,19,3,0,16,3,5,0,0,3,4,4,59
POA2627,0,0,0,35,17,3,0,9,4,3,4,0,0,3,40,75,0,0,0,0,0,0,0,0,0,0,0,5,182,22,6,139,18,23,3,14,0,11,43,455
POA2628,0,0,0,9,5,0,0,3,0,0,0,0,0,0,9,26,0,0,0,0,0,0,0,0,0,0,0,3,51,15,6,70,8,23,11,10,0,13,13,220
POA2629,0,0,0,3,0,0,0,0,0,0,0,0,0,0,3,4,0,0,0,0,0,0,0,0,0,0,0,0,14,4,0,10,0,3,0,0,0,10,3,32
POA2630,0,0,0,61,36,0,0,14,3,12,0,3,0,5,40,113,4,0,0,0,0,0,0,0,0,0,3,13,228,34,4,234,33,123,11,29,10,47,48,795
POA2631,0,0,0,4,0,0,0,4,0,0,0,0,0,0,3,13,0,0,0,0,0,0,0,0,0,0,0,0,6,0,0,17,0,10,0,7,3,3,3,49
POA2632,0,0,0,4,11,0,0,3,0,0,0,0,0,0,10,26,0,0,0,0,0,0,0,0,0,0,0,3,44,3,3,66,4,24,3,3,0,20,11,182
POA2633,0,0,0,0,0,0,0,3,0,0,0,0,0,0,0,5,0,0,0,0,0,0,0,0,0,0,0,0,3,5,0,10,0,0,3,0,0,4,0,26
POA2640,0,3,0,320,69,8,0,82,12,30,3,11,3,15,218,443,7,0,0,17,3,7,0,0,3,5,6,42,855,152,29,1425,155,543,52,157,25,203,226,3819
POA2641,0,0,0,30,19,3,0,22,0,15,3,13,0,7,65,145,0,0,0,3,0,0,0,0,0,8,7,20,244,45,14,425,53,255,21,99,14,145,75,1375
POA2642,0,0,0,32,11,0,0,17,0,5,0,0,0,3,23,62,0,0,0,0,0,0,0,0,0,0,0,4,118,34,3,226,25,93,8,20,3,29,23,576
POA2643,0,0,0,9,7,0,0,5,0,4,0,0,0,4,15,32,0,0,0,0,0,0,0,0,0,0,0,0,62,12,4,95,9,39,0,10,0,19,18,267
POA2644,0,3,0,16,8,0,0,7,0,4,0,0,0,3,14,49,0,0,0,0,0,0,0,0,0,0,0,4,58,5,3,74,8,23,10,17,9,21,14,236
POA2645,0,0,0,3,0,0,0,6,0,0,0,0,0,3,0,8,0,0,0,0,0,0,0,0,0,0,0,0,6,0,0,14,0,5,0,0,0,3,0,31
POA2646,0,0,0,28,17,3,0,24,5,5,0,7,0,4,35,101,3,0,0,3,0,0,0,0,0,3,4,16,150,26,14,198,22,89,16,28,5,36,42,628
POA2647,0,0,0,7,3,0,0,3,0,3,0,0,0,0,12,27,3,0,0,0,0,0,0,0,0,0,0,3,41,4,3,63,10,21,3,3,0,9,17,179
POA2648,0,0,0,10,4,0,0,4,0,0,0,3,0,0,16,32,0,0,0,0,0,0,0,0,0,0,0,5,43,7,4,51,4,25,3,6,6,25,16,184
POA2649,0,0,0,0,0,0,0,0,0,0,0,0,0,0,0,0,0,0,0,0,0,0,0,0,0,0,0,0,0,0,0,0,0,0,0,0,0,0,0,5
POA2650,0,6,4,525,127,16,4,142,10,47,6,12,3,24,346,736,5,0,6,14,0,7,0,0,0,12,16,64,1665,199,40,2038,247,900,67,207,47,337,379,6122
POA2651,0,0,0,5,5,0,0,3,0,3,0,0,0,0,10,28,0,0,0,0,0,0,0,0,0,0,0,0,70,3,5,72,7,60,3,8,3,13,10,250
POA2652,0,0,0,33,24,0,0,18,0,5,3,0,0,3,31,86,0,0,0,0,0,0,0,0,0,0,3,6,151,11,12,153,15,71,7,20,0,20,33,502
POA2653,0,0,0,8,7,0,0,9,0,4,0,0,0,4,13,41,0,0,0,0,0,3,0,0,0,0,0,3,37,16,0,60,8,46,8,9,3,18,13,217
POA2655,0,0,0,12,0,3,0,5,0,0,0,0,0,8,11,24,0,0,0,0,0,0,0,0,0,0,0,0,30,3,3,57,4,31,0,6,0,12,11,154
POA2656,0,0,0,10,3,3,0,8,0,0,0,0,0,0,5,21,0,0,0,0,0,0,0,0,0,0,0,3,30,10,0,47,11,9,0,3,0,3,5,123
POA2658,0,0,0,6,0,0,0,6,0,0,0,0,0,0,9,26,0,0,0,0,0,0,0,0,0,0,0,0,25,5,0,47,5,19,0,7,0,15,9,144
POA2659,0,0,0,3,0,0,0,0,0,0,0,0,0,0,8,11,0,0,0,0,0,0,0,0,0,0,0,0,12,4,0,39,3,17,0,0,0,8,8,95
POA2660,0,0,0,8,3,0,0,0,0,0,0,3,0,0,9,18,0,0,0,0,0,0,0,0,0,0,0,0,32,4,3,52,3,29,4,15,0,13,8,160
POA2661,0,0,0,0,0,0,0,0,0,0,0,0,0,0,6,6,0,0,0,0,0,0,0,0,0,0,0,0,5,0,0,4,0,11,0,0,0,0,5,27
POA2663,0,0,0,18,7,0,0,9,0,9,0,0,0,4,12,37,0,0,0,0,0,0,0,0,0,3,0,6,98,14,6,118,19,70,7,23,6,41,18,414
POA2665,0,0,0,7,7,0,0,12,0,3,0,0,0,0,9,33,0,0,0,0,0,0,0,0,0,0,0,0,56,7,0,80,9,39,0,10,3,26,10,233
POA2666,0,0,0,22,13,0,0,18,4,8,0,3,0,3,21,77,0,0,0,0,0,0,0,0,0,4,3,10,119,18,11,212,31,77,8,34,3,42,26,573
POA2668,0,0,0,3,0,0,0,3,0,0,0,0,0,0,0,10,0,0,0,0,0,0,0,0,0,0,0,0,8,0,0,5,0,8,0,0,0,13,0,43
POA2669,0,0,0,14,12,0,0,5,0,3,0,0,0,3,11,30,0,0,0,0,0,0,0,0,0,0,0,3,39,7,4,54,9,30,0,4,0,10,6,163
POA2671,0,0,0,19,13,0,0,11,0,7,0,0,0,0,25,68,0,0,0,0,0,0,0,0,0,0,0,6,83,15,7,131,10,53,3,15,3,18,25,373
POA2672,0,0,0,8,4,0,0,4,0,0,0,0,0,3,3,17,0,0,0,0,0,0,0,0,0,0,0,0,22,4,3,50,7,21,3,6,6,19,3,145
POA2675,0,0,0,8,6,3,0,3,0,3,0,3,0,0,8,30,0,0,4,0,0,0,0,0,0,0,0,3,31,12,5,49,8,19,3,7,0,9,15,159
POA2678,0,0,0,0,0,0,0,0,0,0,0,0,0,0,0,0,0,0,0,0,0,0,0,0,0,0,0,0,0,0,0,0,0,0,0,0,0,0,0,0
POA2680,0,3,0,172,82,4,5,81,6,36,3,7,3,24,114,361,6,0,3,6,3,6,0,0,0,8,17,47,622,82,26,938,92,454,26,107,25,237,143,2746
POA2681,0,0,0,6,5,0,0,8,0,4,0,0,0,0,8,28,0,0,0,4,0,0,0,0,0,0,0,3,57,4,3,79,9,32,3,5,3,11,10,211
POA2700,0,0,0,18,8,3,0,15,0,6,0,0,0,4,28,72,0,0,0,0,0,0,0,0,0,0,0,5,106,13,8,144,12,61,10,21,7,41,28,450
POA2701,0,3,0,17,8,0,0,4,4,0,0,0,0,0,19,40,0,0,0,3,0,0,0,0,0,0,0,4,78,8,0,69,19,38,5,7,0,19,17,258
POA2702,0,0,0,7,0,0,0,4,0,0,0,0,0,3,3,7,0,0,0,0,0,0,0,0,0,0,0,0,15,6,0,28,0,13,0,3,0,14,4,79
POA2703,0,0,0,0,3,0,0,0,0,0,0,0,0,0,4,6,0,0,0,0,0,0,0,0,0,0,0,0,19,3,0,17,3,10,0,5,0,4,4,59
POA2705,0,0,0,63,27,10,0,19,5,7,0,3,0,5,48,129,0,0,0,0,0,0,0,0,0,0,3,8,271,28,9,316,46,191,11,37,11,79,55,1065
POA2706,0,0,0,0,3,0,0,6,0,0,0,0,0,0,0,18,0,0,0,0,0,0,0,0,0,0,0,3,30,0,3,31,4,18,3,8,0,14,0,119
POA2707,0,0,0,5,11,0,0,10,0,3,0,0,0,0,12,30,0,0,0,0,0,0,0,0,0,0,0,3,47,3,3,50,0,23,3,6,0,0,10,146
POA2710,0,0,0,56,29,0,0,29,5,9,0,3,6,3,53,136,0,0,0,6,0,0,0,0,0,0,3,11,216,33,9,312,28,107,16,43,17,68,63,901
POA2711,0,0,0,18,16,0,0,15,0,7,0,0,0,3,24,63,0,0,0,0,0,0,0,0,0,0,0,5,66,16,0,84,13,52,3,13,8,24,29,313
POA2712,0,0,0,0,0,0,0,3,0,0,0,0,0,0,3,13,0,0,0,0,0,0,0,0,0,0,0,3,37,0,3,47,6,10,3,4,3,10,7,118
POA2713,0,0,0,13,6,0,0,8,0,4,3,0,0,0,13,38,0,0,0,0,0,0,0,0,0,0,0,3,55,8,3,80,8,35,3,9,8,17,10,232
POA2714,0,0,0,9,3,0,0,3,0,0,0,3,0,4,12,28,0,0,0,0,0,0,0,0,0,0,0,4,41,3,3,76,3,32,0,12,3,23,12,215
POA2715,0,0,0,5,3,0,0,6,0,0,0,0,0,0,10,27,0,0,0,0,0,0,0,0,0,0,0,0,32,4,3,43,5,21,0,9,0,11,12,141
POA2716,0,0,0,8,4,0,0,3,4,0,0,3,0,0,3,21,0,0,0,0,0,0,0,0,0,0,0,0,22,6,3,28,3,17,0,9,0,4,3,105
POA2717,0,0,0,3,0,3,0,5,0,0,0,0,0,4,4,19,0,0,0,0,0,0,0,0,0,0,3,3,17,3,4,23,0,8,3,3,4,27,3,102
POA2720,0,0,0,23,24,3,0,22,0,16,0,0,3,8,49,129,6,0,0,0,0,0,0,0,0,0,0,5,172,31,9,276,13,131,11,31,7,70,55,801
POA2721,0,0,0,4,0,0,0,0,0,0,0,0,0,0,0,3,0,0,0,0,0,0,0,0,0,0,0,0,7,0,0,11,0,3,0,0,0,5,0,25
POA2722,0,0,0,12,10,0,0,8,0,0,0,3,0,4,25,55,0,0,0,0,0,3,0,0,0,0,5,6,62,7,3,100,7,45,3,15,8,34,29,319
POA2725,0,0,0,3,3,0,0,0,0,0,0,0,0,0,0,3,0,0,0,0,0,0,0,0,0,0,0,0,6,3,0,3,0,10,0,3,0,3,0,34
POA2726,0,0,0,0,0,0,0,0,0,0,0,0,0,0,4,3,0,0,0,0,0,0,0,0,0,0,0,0,5,0,0,6,0,9,0,0,0,0,4,23
POA2727,0,0,0,4,3,0,0,0,0,0,0,0,0,0,0,9,0,0,0,0,0,0,0,0,0,0,0,0,8,5,0,13,4,5,0,0,0,3,0,46
POA2729,0,0,0,17,4,0,0,9,0,0,0,0,3,0,5,26,0,0,0,0,0,0,0,0,0,0,0,3,47,6,3,71,10,27,3,4,0,11,5,194
POA2730,0,0,0,3,4,0,0,0,0,0,0,0,0,0,9,20,0,0,0,0,0,0,0,0,0,0,0,0,28,3,0,28,3,14,0,7,0,11,4,100
POA2731,0,0,0,47,16,0,0,16,0,5,0,0,0,0,36,75,0,0,0,3,0,0,0,0,0,0,0,3,179,33,12,231,22,78,8,20,6,21,46,651
POA2732,0,0,0,9,6,0,0,3,0,5,0,0,0,0,16,28,0,0,0,0,0,0,0,0,0,0,0,3,35,3,0,39,4,27,3,7,3,10,15,134
POA2733,0,0,0,0,5,0,0,0,0,0,0,0,0,0,3,9,0,0,0,0,0,0,0,0,0,0,0,0,14,3,0,19,0,3,0,3,0,0,3,43
POA2734,0,0,0,9,3,0,0,3,0,0,0,0,0,0,3,13,0,0,0,0,0,0,0,0,0,0,0,0,21,3,3,20,0,5,0,3,0,0,3,56
POA2735,0,0,0,0,0,0,0,0,0,0,0,0,0,0,0,11,0,0,0,0,0,0,0,0,0,0,0,0,9,5,0,13,3,8,0,3,3,4,0,48
POA2736,0,0,0,0,0,0,0,0,0,0,0,0,0,0,3,6,0,0,0,0,0,0,0,0,0,0,0,0,7,0,0,12,3,8,0,0,0,3,3,32
POA2737,0,0,0,3,0,0,0,0,0,0,0,3,0,0,3,14,0,0,0,0,0,0,0,0,0,0,0,0,22,0,0,27,4,29,0,3,0,4,6,93
POA2738,0,0,0,18,7,0,0,6,0,0,0,0,0,0,21,41,0,0,0,0,0,0,0,0,0,0,0,0,66,3,0,82,7,27,0,3,0,13,22,229
POA2739,0,0,0,9,7,0,0,8,0,3,0,0,0,0,3,20,0,0,0,0,0,0,0,0,0,0,0,4,33,14,0,49,9,25,4,5,6,7,5,153
POA2745,5,10,0,740,89,4,5,84,0,47,6,11,0,18,166,440,10,0,3,8,0,0,0,0,0,4,8,40,1414,102,41,1504,186,837,43,139,30,180,185,4662
POA2747,3,17,0,369,82,7,3,52,14,43,3,21,8,46,183,473,9,0,0,10,3,3,0,0,3,6,16,45,1420,154,52,1352,248,1195,50,238,74,395,202,5381
POA2748,0,0,0,67,9,4,0,6,0,4,0,3,0,3,6,37,0,0,0,0,0,0,0,0,0,0,0,6,81,10,3,71,4,46,0,14,4,32,11,284
POA2749,0,3,0,276,47,3,0,39,4,21,0,12,0,20,67,215,3,0,4,3,0,3,0,0,0,3,3,26,657,58,22,697,115,472,20,84,25,126,75,2340
POA2750,0,7,3,540,73,5,9,82,12,44,0,32,9,41,180,486,8,0,3,3,3,0,0,3,3,5,16,40,1290,128,44,1558,195,1007,40,203,64,381,211,5126
POA2752,0,3,0,93,14,0,0,15,3,5,0,3,0,6,22,64,0,0,0,0,0,3,0,0,0,3,0,9,229,16,7,245,23,127,11,26,4,46,25,752
POA2753,3,0,0,244,52,3,0,48,9,21,3,6,3,20,74,253,5,0,3,6,0,3,0,0,0,3,7,29,516,51,15,652,60,377,16,98,22,125,88,2035
POA2754,0,0,0,71,12,0,0,10,0,9,0,3,0,3,35,85,0,0,0,0,0,0,0,0,0,0,4,7,170,18,3,198,18,124,3,29,11,53,40,684
POA2755,0,0,0,0,0,0,0,0,0,0,0,0,0,0,0,0,0,0,0,0,0,0,0,0,0,0,0,0,0,0,0,0,0,0,0,0,0,0,0,0
POA2756,3,9,0,492,85,9,3,104,8,66,8,12,6,19,173,498,16,3,7,11,0,3,0,3,3,3,17,59,1170,143,59,1536,154,853,49,148,59,238,193,4604
POA2757,0,0,0,15,4,0,0,3,0,0,0,0,0,0,9,14,0,0,0,0,0,0,0,0,0,0,0,0,24,3,0,34,4,21,0,5,3,3,9,104
POA2758,0,0,0,182,33,8,0,35,3,11,0,7,0,8,39,145,3,0,4,5,0,0,0,0,0,0,0,16,348,52,14,424,50,170,13,40,5,47,49,1216
POA2759,3,7,0,381,101,6,3,70,7,47,9,10,5,29,138,414,3,0,5,4,3,3,0,0,7,3,16,43,1171,97,29,1048,125,834,28,175,58,282,158,4004
POA2760,0,9,0,156,48,4,5,36,3,42,5,12,9,40,153,370,0,0,0,3,0,8,0,0,5,9,16,50,880,100,32,804,130,987,27,209,70,443,192,3877
POA2761,0,6,0,388,101,10,6,51,12,59,4,22,9,29,149,469,4,0,4,3,0,0,0,0,0,3,11,30,1519,121,42,1044,149,1172,34,270,53,412,176,4997
POA2762,0,0,0,76,12,3,0,16,3,4,0,0,0,3,29,69,0,0,0,3,0,0,0,0,0,0,3,9,206,24,6,191,23,180,6,31,4,51,34,772
POA2763,3,3,0,527,105,12,7,58,3,55,7,16,3,33,189,482,6,0,6,9,0,3,0,0,0,8,6,36,1479,137,33,1323,146,1145,44,224,48,290,204,5081
POA2765,0,6,0,279,42,5,7,39,3,30,3,12,0,25,67,229,3,0,0,6,0,3,0,0,0,3,15,26,515,72,17,569,55,377,12,102,17,180,85,1995
POA2766,0,8,0,120,40,3,0,19,3,21,3,7,3,25,79,215,0,0,0,3,3,5,0,0,0,3,7,28,639,75,14,401,63,530,20,110,33,235,95,2217
POA2767,3,9,0,268,62,9,3,19,3,26,3,19,5,36,132,316,0,0,0,3,0,3,0,0,0,3,11,26,1054,104,27,622,92,714,22,169,61,367,163,3393
POA2768,0,19,3,875,79,6,6,63,10,46,5,9,5,29,191,454,10,0,0,9,0,4,0,0,0,3,4,30,1669,125,39,1335,139,1021,34,155,52,237,208,5011
POA2769,0,3,0,414,30,0,0,15,3,14,0,6,0,8,85,173,0,0,3,0,0,0,0,0,0,0,3,11,755,45,15,570,108,462,23,62,20,89,94,2247
POA2770,3,15,0,258,94,6,8,57,4,128,7,35,25,134,257,760,9,0,7,3,0,9,0,7,5,33,48,118,1223,196,62,1008,138,1774,46,590,135,1415,346,6929
POA2773,0,0,0,206,19,3,3,23,0,17,0,0,0,7,26,105,0,0,0,0,0,0,0,0,0,0,0,0,217,35,3,288,25,151,6,32,8,44,26,841
POA2774,0,7,0,317,28,7,3,28,3,13,0,0,3,14,87,193,0,0,0,0,0,0,0,0,0,3,5,8,452,67,12,615,76,313,17,72,19,96,93,1837
POA2775,0,0,0,3,0,0,0,0,0,0,0,0,0,0,10,13,0,0,0,0,0,0,0,0,0,0,0,3,27,11,0,32,7,16,0,5,0,13,12,120
POA2776,0,0,0,74,8,0,0,12,0,9,0,0,0,6,15,55,0,0,0,0,0,0,0,0,0,0,0,3,119,13,5,192,31,97,9,17,4,41,15,548
POA2777,0,0,0,327,51,8,0,63,6,27,0,9,4,18,125,310,0,0,0,11,0,0,0,0,0,3,0,18,595,77,11,812,76,414,18,85,16,112,134,2345
POA2778,0,0,0,32,4,0,0,10,0,6,0,0,0,0,11,38,0,0,0,0,0,0,0,0,0,0,0,0,73,14,0,92,12,63,7,16,0,19,12,308
POA2779,0,0,0,48,4,3,0,15,3,7,0,0,0,9,27,73,0,0,0,0,0,0,0,0,0,0,0,9,130,44,6,205,25,132,9,32,10,41,31,657
POA2780,0,0,0,81,9,7,3,17,0,4,3,6,0,11,65,128,3,0,0,0,0,0,0,0,0,3,0,10,165,98,9,310,25,173,17,77,19,101,68,1064
POA2782,0,0,0,75,14,0,0,17,0,11,0,3,0,8,31,84,0,0,0,0,0,3,0,0,0,0,3,5,115,40,3,197,18,115,11,45,6,44,38,627
POA2783,0,0,0,17,7,4,0,8,0,0,0,0,3,7,5,38,0,0,0,0,0,0,0,0,0,0,0,0,61,18,0,101,10,53,7,14,9,16,5,290
POA2784,0,0,0,12,0,0,0,3,0,3,0,0,0,0,7,18,0,0,0,0,0,0,0,0,0,0,0,0,23,16,0,43,5,41,3,9,5,11,5,150
POA2785,0,3,0,30,3,0,0,5,0,9,0,0,0,8,19,44,3,0,0,0,0,0,0,0,0,0,0,5,62,25,4,128,7,68,4,28,8,29,19,387
POA2786,0,0,0,3,0,0,0,4,0,0,0,0,0,0,7,12,0,0,0,0,0,0,0,0,0,0,0,0,9,4,0,32,3,19,0,10,0,15,9,102
POA2787,0,0,0,26,17,0,0,16,0,0,0,0,0,3,21,69,0,0,0,0,0,0,0,0,0,0,0,6,102,23,6,117,13,61,3,14,7,30,25,404
POA2790,0,3,0,155,24,5,0,32,4,26,0,6,0,14,50,168,7,0,0,3,0,0,0,0,0,9,3,23,255,57,15,465,59,224,14,76,21,168,64,1421
POA2791,0,0,0,3,3,0,0,3,0,0,0,0,0,0,0,7,0,0,0,0,0,0,0,0,0,0,0,0,10,0,0,7,0,3,0,0,0,9,0,30
POA2792,0,0,0,4,0,0,0,0,0,0,0,0,0,0,0,4,0,0,0,0,0,0,0,0,0,0,0,0,6,3,0,12,3,7,0,0,0,5,3,39
POA2793,0,0,0,3,0,0,0,3,0,0,0,0,0,0,6,10,0,0,0,0,0,0,0,0,0,3,0,3,14,0,3,16,8,14,0,3,0,16,6,76
POA2794,0,0,0,46,33,3,4,15,3,11,0,3,0,16,36,123,0,0,0,0,0,0,0,0,0,4,0,10,228,37,10,316,32,142,13,43,15,100,42,973
POA2795,3,7,0,346,99,10,6,86,6,44,7,19,0,31,234,553,12,0,0,11,0,3,0,0,0,10,5,43,1177,157,36,1415,188,660,42,174,49,299,256,4453
POA2797,0,0,0,3,0,0,0,3,0,0,0,0,0,0,3,4,0,0,0,0,0,0,0,0,0,0,0,0,11,3,0,13,0,9,0,3,0,0,3,42
POA2798,0,0,0,35,8,0,0,11,0,0,0,0,0,3,20,41,0,0,0,0,0,0,0,0,0,0,0,6,76,6,3,106,11,29,5,4,3,11,20,269
POA2799,0,0,0,23,8,3,0,12,0,4,0,3,0,0,25,45,0,0,0,0,0,0,0,0,0,0,0,0,100,11,8,139,11,78,4,24,5,31,27,438
POA2800,5,6,0,542,107,13,0,117,5,38,8,16,3,25,270,601,8,0,0,4,0,0,0,0,4,7,7,40,1281,157,45,1639,198,743,58,189,56,287,298,4945
POA2803,0,0,0,0,0,0,0,4,0,0,0,0,0,0,0,4,0,0,0,0,0,0,0,0,0,0,0,0,4,0,0,7,0,3,0,0,0,3,0,28
POA2804,0,0,0,22,9,0,0,10,0,0,0,0,0,0,9,34,0,0,0,0,0,0,0,0,0,0,0,0,50,12,0,92,12,35,0,6,0,26,16,254
POA2805,0,0,0,0,3,0,0,0,0,0,0,0,0,0,3,3,0,0,0,0,0,0,0,0,0,0,0,0,7,0,0,14,0,9,3,0,0,3,3,40
POA2806,0,0,0,5,3,0,0,3,0,0,0,0,0,3,0,10,0,0,0,0,0,0,0,0,0,0,0,0,13,3,0,22,3,8,0,0,0,9,0,68
POA2807,0,0,0,0,0,0,0,0,0,3,0,0,0,0,3,10,0,0,0,0,0,0,0,0,0,0,0,0,8,0,0,11,0,3,0,0,0,5,5,30
POA2808,0,0,0,0,0,0,0,0,0,0,0,0,0,3,0,3,0,0,0,0,0,0,0,0,0,0,0,0,3,0,0,0,0,0,0,0,0,4,0,14
POA2809,0,0,0,0,0,0,0,0,0,0,0,0,0,0,0,0,0,0,0,0,0,0,0,0,0,0,0,0,0,0,0,6,0,0,0,4,0,0,0,10
POA2810,0,0,0,23,3,3,0,15,0,3,0,0,0,3,13,38,0,0,0,0,0,0,0,0,0,0,0,4,58,10,3,104,15,31,5,14,0,26,13,283
POA2817,0,0,0,0,0,0,0,0,0,0,0,0,0,0,0,5,0,0,0,0,0,0,0,0,0,0,0,0,8,0,0,10,3,6,0,0,0,0,0,26
POA2818,0,0,0,6,3,0,0,0,0,0,0,0,0,0,13,17,0,0,0,0,0,0,0,0,0,0,0,0,29,4,0,27,0,10,3,5,3,5,12,101
POA2820,0,0,0,31,11,0,3,11,0,10,0,3,3,11,31,91,0,0,0,0,0,0,0,0,0,3,3,13,128,28,3,118,19,84,4,30,7,86,33,547
POA2821,0,0,0,27,18,0,0,13,0,9,0,4,0,4,40,77,0,0,0,0,0,0,0,0,0,0,0,8,113,15,6,141,15,61,4,22,6,44,40,469
POA2822,0,0,0,0,3,0,0,3,0,0,0,0,0,0,6,14,0,0,0,0,0,0,0,0,0,0,0,0,9,3,0,10,3,3,0,0,0,3,6,36
POA2823,0,0,0,9,7,5,0,0,0,3,0,0,0,0,6,23,0,0,0,0,0,0,0,0,0,0,3,3,43,7,0,26,5,15,4,3,0,4,7,118
POA2824,0,0,0,10,13,0,0,6,0,3,0,3,0,3,15,40,0,0,0,0,0,0,0,0,0,0,0,0,60,8,3,46,4,23,6,3,4,15,16,185
POA2825,0,0,0,11,24,0,0,7,0,3,0,3,0,0,25,61,0,0,0,0,0,0,0,0,0,0,4,4,69,8,3,64,6,40,0,13,5,8,27,240
POA2826,0,0,0,0,7,0,0,0,0,0,0,0,0,0,0,7,0,0,0,0,0,0,0,0,0,0,0,0,9,0,0,4,0,3,0,0,0,0,0,19
POA2827,0,0,0,13,14,3,0,10,0,3,3,0,0,0,19,58,0,0,0,0,0,0,0,0,0,0,3,4,68,15,4,82,13,45,3,17,3,25,22,304
POA2828,0,0,0,3,4,0,0,0,0,4,0,0,0,0,3,13,0,0,0,0,0,0,0,0,0,0,3,3,20,3,0,12,0,10,3,0,0,11,7,66
POA2829,0,0,0,11,16,0,0,12,0,0,0,0,0,7,8,41,0,0,0,0,0,0,0,0,0,0,4,4,61,7,5,56,14,30,5,13,4,23,15,239
POA2830,0,4,0,299,115,13,6,101,13,39,0,7,0,25,286,610,5,0,4,6,0,4,0,0,3,8,8,41,1241,144,40,1302,169,610,38,113,33,247,305,4242
POA2831,0,0,0,10,8,0,0,10,0,6,0,0,0,0,20,47,0,0,3,3,0,0,0,0,0,0,0,5,55,5,4,58,13,27,3,3,0,15,22,210
POA2832,0,0,0,12,14,0,0,4,0,6,0,0,0,3,7,37,0,0,0,0,0,0,0,0,0,3,3,3,42,0,7,49,12,26,0,6,8,34,10,187
POA2833,0,0,0,0,3,0,0,0,0,0,0,0,0,0,0,9,0,0,0,0,0,0,0,0,0,0,0,0,4,0,0,13,3,8,0,3,0,14,0,53
POA2834,0,0,0,0,3,0,0,6,0,0,0,0,0,11,6,23,0,0,0,0,0,0,0,0,0,0,0,0,14,12,0,27,0,10,0,13,3,35,6,116
POA2835,0,0,0,52,17,0,0,10,0,3,0,0,0,0,20,49,0,0,0,0,0,0,0,0,0,3,0,6,104,8,7,120,17,97,12,8,14,16,24,421
POA2836,0,0,0,4,3,0,0,4,0,0,0,0,0,5,4,17,0,0,0,0,0,0,0,0,0,0,0,3,27,3,0,4,4,14,0,0,0,23,8,80
POA2838,0,0,0,3,0,0,0,0,0,0,0,0,0,0,0,5,0,0,0,0,0,0,0,0,0,0,0,0,3,0,0,0,0,3,0,3,0,3,0,22
POA2839,0,0,0,3,10,0,0,0,0,0,0,0,0,3,3,22,0,0,0,0,0,0,0,0,0,3,0,7,30,3,0,8,0,15,0,5,0,21,3,84
POA2840,0,0,0,13,19,3,0,8,0,3,0,0,0,0,18,50,0,0,0,0,0,0,0,0,0,0,6,7,78,4,3,54,10,36,0,4,0,21,22,220
POA2842,0,0,0,3,3,0,0,4,0,0,3,0,0,3,0,9,0,0,0,0,0,0,0,0,0,0,0,0,8,3,3,15,0,3,3,0,0,12,0,54
POA2843,0,0,0,10,7,0,0,6,0,0,0,0,0,0,7,21,0,0,0,0,0,0,0,0,0,0,0,3,23,10,0,46,0,18,0,3,0,5,7,117
POA2844,0,0,0,5,11,0,0,9,0,0,0,0,0,0,7,23,0,0,0,0,0,0,0,0,0,0,0,3,24,4,0,37,0,19,0,7,3,12,6,114
POA2845,0,0,0,20,5,0,0,5,0,3,0,0,0,0,12,28,0,0,0,0,0,0,0,0,0,0,0,3,49,3,0,67,5,31,0,12,3,18,13,203
POA2846,0,0,0,0,0,0,0,0,0,0,0,0,0,0,0,3,0,0,0,0,0,0,0,0,0,0,0,0,6,3,0,0,0,3,0,3,0,7,0,25
POA2847,0,0,0,17,0,0,0,8,0,11,0,3,0,6,14,42,0,0,0,0,0,0,0,0,0,0,0,3,28,5,3,67,9,44,3,15,3,29,17,228
POA2848,0,0,0,5,0,0,0,0,0,3,0,0,0,4,0,18,0,0,0,0,0,0,0,0,0,0,0,6,12,5,3,25,0,32,0,11,0,43,0,129
POA2849,0,0,0,10,5,0,0,0,0,0,0,3,0,3,12,24,0,0,0,0,0,0,0,0,0,0,0,0,17,8,3,38,3,24,0,9,3,18,12,136
POA2850,0,0,0,184,43,15,0,56,7,25,5,7,7,13,101,261,3,0,0,0,0,6,0,0,0,0,5,21,359,79,24,625,64,377,26,76,25,126,109,1887
POA2852,0,0,0,20,9,0,0,12,0,9,0,4,0,3,19,48,0,0,0,0,0,0,0,0,0,0,3,8,49,14,4,120,11,79,4,22,5,33,15,360
POA2864,0,0,0,6,3,0,0,0,0,0,0,0,0,0,12,18,0,0,0,0,0,0,0,0,0,0,3,3,27,3,3,31,4,12,0,0,0,7,10,102
POA2865,0,0,0,8,3,0,0,4,0,0,0,0,0,3,4,17,0,0,0,0,0,0,0,0,0,0,0,0,14,3,0,46,3,12,0,4,3,5,4,93
POA2866,0,0,0,16,9,0,0,9,4,4,0,0,0,6,23,50,0,0,0,0,0,0,0,0,0,0,0,3,96,11,0,127,13,60,8,12,0,23,23,375
POA2867,0,0,0,3,0,0,0,0,0,0,0,0,0,3,3,5,0,0,0,0,0,0,0,0,0,0,0,0,14,3,0,11,5,13,0,7,3,9,3,64
POA2868,0,0,0,0,0,0,0,3,0,0,0,4,0,0,0,13,0,0,0,0,0,0,0,0,0,0,0,0,9,0,0,19,0,3,3,3,0,7,4,57
POA2869,0,0,0,5,3,3,0,0,0,3,0,0,0,3,6,14,0,0,0,0,0,0,0,0,0,0,0,6,30,4,0,20,3,21,0,3,0,19,8,120
POA2870,0,0,0,73,35,3,0,32,3,16,0,3,0,13,76,183,0,0,0,3,0,0,0,0,0,3,10,13,280,29,9,392,51,209,7,39,12,106,88,1232
POA2871,0,0,0,40,27,0,0,16,3,9,3,3,0,11,37,112,4,0,0,3,0,0,0,0,0,7,3,16,217,29,13,270,36,138,15,42,4,63,42,873
POA2873,0,0,0,3,4,0,0,3,0,0,0,0,0,0,0,14,0,0,0,0,0,0,0,0,0,0,0,5,15,0,3,11,0,12,0,0,0,3,0,53
POA2874,0,0,0,0,0,0,0,0,0,0,0,0,0,0,3,9,0,0,0,0,0,0,0,0,0,0,0,0,10,0,0,15,0,4,0,4,0,3,4,40
POA2875,0,0,0,8,4,5,0,3,0,3,0,0,0,0,9,13,0,0,0,0,0,0,0,0,0,0,0,0,26,3,4,20,4,14,0,5,4,6,9,92
POA2876,0,0,0,0,3,0,0,0,0,0,0,0,0,0,7,13,0,0,0,0,0,0,0,0,0,0,0,0,11,3,0,12,3,3,0,8,0,3,7,48
POA2877,0,0,0,11,10,3,0,12,0,8,0,0,0,7,20,58,0,0,0,0,0,0,0,0,0,0,0,3,71,9,12,111,16,74,7,16,11,37,20,380
POA2878,0,0,0,3,3,0,0,0,0,0,0,0,0,0,0,4,0,0,0,0,0,0,0,0,0,0,0,0,10,3,4,7,0,3,0,0,0,0,0,29
POA2879,0,0,0,0,0,0,0,0,0,0,0,0,0,0,3,9,0,0,0,0,0,0,0,0,0,0,0,0,5,0,0,0,0,10,0,3,0,8,3,41
POA2880,0,0,3,118,38,5,0,25,3,21,0,12,3,19,112,245,5,0,0,4,0,0,0,0,3,8,7,29,362,47,12,385,56,237,22,94,33,174,127,1535
POA2898,0,0,0,7,3,0,0,0,0,0,0,0,0,0,0,9,0,0,0,0,0,0,0,0,0,0,0,0,6,6,0,12,0,3,0,3,0,0,0,35
