POA_CODE_2016,P_Oth_scs_15_19,P_Oth_scs_20_24,P_Oth_scs_25_34,P_Oth_scs_35_44,P_Oth_scs_45_54,P_Oth_scs_55_64,P_Oth_scs_65_74,P_Oth_scs_75_84,P_Oth_scs_85ov,P_Oth_scs_Tot,P_ID_NS_15_19,P_ID_NS_20_24,P_ID_NS_25_34,P_ID_NS_35_44,P_ID_NS_45_54,P_ID_NS_55_64,P_ID_NS_65_74,P_ID_NS_75_84,P_ID_NS_85ov,P_ID_NS_Tot,P_Tot_15_19,P_Tot_20_24,P_Tot_25_34,P_Tot_35_44,P_Tot_45_54,P_Tot_55_64,P_Tot_65_74,P_Tot_75_84,P_Tot_85ov,P_Tot_Tot
POA2000,6,39,131,84,38,19,7,0,0,325,29,167,451,174,77,50,21,10,3,965,266,2291,7066,2906,1321,867,326,65,12,15127
POA2006,9,8,0,0,0,0,0,0,0,24,8,5,4,0,0,0,0,0,0,22,247,284,22,7,11,9,4,0,0,580
POA2007,0,11,44,25,11,4,0,0,0,91,7,50,97,37,22,12,0,0,0,215,122,663,1684,690,307,167,52,3,0,3694
POA2008,0,26,61,33,17,6,3,0,0,150,8,51,121,50,15,11,0,0,0,253,157,963,2560,871,474,251,67,5,0,5347
POA2009,4,13,68,55,28,17,4,0,0,184,0,54,154,78,31,32,18,0,0,363,85,724,3160,1847,971,711,267,30,8,7799
POA2010,3,30,181,123,69,40,10,0,0,451,6,64,316,166,103,47,21,8,0,730,109,1415,7672,4041,2346,1313,353,47,3,17296
POA2011,0,15,135,69,51,37,6,6,0,320,3,40,182,110,69,44,21,0,0,475,121,917,5002,2720,1690,1252,450,74,17,12233
POA2015,0,11,82,52,37,18,3,0,0,203,3,20,135,58,44,16,11,3,0,285,66,527,2777,1693,988,516,99,15,0,6680
POA2016,6,27,75,50,35,29,11,0,0,235,0,28,130,66,43,14,15,0,0,295,65,682,3240,1619,1112,620,142,15,0,7492
POA2017,0,27,175,76,46,16,5,0,0,353,7,47,307,106,59,28,12,3,0,573,142,1286,6356,2641,1178,562,162,22,0,12344
POA2018,11,20,83,80,61,45,9,0,0,298,11,38,134,94,71,42,19,0,0,410,254,775,2573,1876,1456,856,257,14,3,8064
POA2019,7,26,49,71,46,26,12,3,0,245,7,24,64,61,58,26,13,0,0,249,182,508,1272,1551,1270,683,151,16,0,5644
POA2020,6,15,88,50,56,35,13,0,0,265,4,35,147,70,54,38,11,0,0,366,235,860,3163,1886,1188,723,135,11,0,8209
POA2021,10,14,86,39,46,32,10,4,0,228,3,28,109,94,50,36,25,4,0,346,122,718,3160,2150,1505,935,432,53,3,9077
POA2022,5,13,68,52,33,22,3,0,0,198,5,16,105,72,36,29,14,4,0,288,120,504,2170,1624,1116,709,263,52,5,6566
POA2023,3,14,41,31,30,19,12,0,0,145,6,11,77,48,60,36,36,9,0,281,105,401,1390,1206,1066,769,446,73,11,5466
POA2024,5,14,47,32,38,22,5,0,0,162,4,14,65,63,47,21,11,3,0,225,140,344,1515,1498,1249,682,235,30,3,5699
POA2025,0,11,23,24,26,7,6,0,0,100,0,12,58,35,30,28,17,3,0,190,50,252,1087,854,701,510,285,69,4,3822
POA2026,8,59,207,119,73,50,23,3,0,539,23,63,440,242,156,71,26,9,0,1024,276,1255,7575,4772,2766,1456,533,63,9,18701
POA2027,5,11,28,22,22,16,4,0,3,104,0,10,51,40,40,41,33,11,3,224,52,222,1203,814,652,621,405,112,21,4105
POA2028,0,3,17,15,14,8,3,0,0,61,0,12,52,25,16,20,10,3,3,140,43,178,904,489,316,337,212,51,12,2540
POA2029,4,14,48,35,25,18,10,0,0,154,3,10,58,72,44,25,27,5,4,241,108,337,1280,1362,931,597,355,67,18,5052
POA2030,14,16,44,48,36,20,15,6,0,194,19,27,57,74,91,63,25,5,0,358,183,534,986,1452,1616,1136,537,109,21,6581
POA2031,16,48,192,123,93,58,23,3,0,551,17,57,212,159,129,83,29,6,0,696,409,1455,6241,4877,3437,2079,616,69,11,19196
POA2032,9,24,51,53,39,30,10,0,0,216,7,44,102,60,52,22,18,0,0,297,200,948,1858,1398,1212,770,191,29,0,6610
POA2033,3,16,55,33,18,19,5,0,0,147,3,27,68,32,31,18,8,6,0,194,127,725,1923,1243,904,515,189,39,3,5665
POA2034,14,19,99,81,50,32,16,0,0,304,12,42,153,107,91,44,14,3,0,461,280,846,3828,2926,2052,1165,365,37,6,11511
POA2035,13,40,143,128,111,71,19,3,0,537,16,60,184,160,138,95,31,7,3,703,496,1468,4021,4044,3435,2115,540,71,13,16200
POA2036,22,45,108,113,99,84,34,4,3,510,22,49,137,129,150,66,20,4,0,587,547,1158,2789,3032,3083,2016,571,44,3,13242
POA2037,6,29,86,53,18,31,9,0,0,239,8,47,134,69,67,32,3,4,0,366,206,1066,3049,1740,1238,903,299,29,0,8529
POA2038,3,20,34,32,23,22,5,0,0,138,0,19,60,50,48,29,3,0,0,207,109,440,1393,1476,1086,639,196,11,3,5363
POA2039,0,13,31,39,31,24,6,0,0,149,7,10,44,62,44,18,3,0,0,185,88,281,1296,1510,1017,655,196,21,0,5059
POA2040,6,30,93,95,81,56,6,3,0,374,5,29,93,121,95,54,27,0,0,418,258,894,2722,3539,2571,1406,362,27,0,11786
POA2041,7,7,58,42,42,33,9,0,0,192,8,16,59,81,81,43,22,3,0,317,159,472,1742,2222,1937,1276,509,46,3,8373
POA2042,14,50,192,85,44,31,7,0,0,431,15,69,184,127,66,38,8,3,0,507,212,1243,4542,2818,1887,949,174,15,4,11840
POA2043,3,15,57,31,22,10,3,0,0,140,3,13,89,53,25,11,0,0,0,187,56,361,2206,1497,854,370,62,9,0,5418
POA2044,11,15,40,36,40,22,4,0,0,171,5,11,62,41,38,21,3,0,0,179,95,445,1397,1181,857,472,72,6,0,4532
POA2045,5,8,13,14,26,25,11,0,0,99,4,9,19,25,40,21,3,0,0,117,113,266,424,645,896,564,129,8,3,3050
POA2046,20,37,96,90,130,88,34,3,0,506,18,42,112,142,127,89,38,3,3,565,418,913,2789,3608,3180,2021,602,71,15,13606
POA2047,5,14,47,45,39,22,11,0,0,182,3,8,61,44,52,23,11,4,0,202,175,395,1639,1594,1284,867,339,37,3,6329
POA2048,0,16,61,24,25,9,0,0,0,137,8,23,60,38,25,6,3,0,0,153,73,444,1610,1149,827,423,113,9,0,4655
POA2049,3,20,69,60,33,22,10,0,0,219,4,19,77,58,37,25,7,3,0,227,128,588,2013,1602,1201,683,154,22,0,6391
POA2050,3,10,55,28,30,16,3,0,0,147,0,25,81,42,28,6,4,0,0,196,90,542,2170,1320,712,367,118,6,0,5323
POA2052,0,10,3,0,0,0,0,0,0,14,10,14,4,0,0,0,0,0,0,27,234,489,135,32,14,12,0,3,0,913
POA2060,5,18,57,30,34,15,10,3,0,183,5,27,119,72,50,40,15,5,0,332,117,583,2983,1880,1295,962,463,70,14,8370
POA2061,0,3,19,8,15,9,0,0,0,64,0,9,56,26,14,17,18,9,0,144,32,214,1191,721,529,491,223,40,10,3454
POA2062,0,14,28,32,29,16,7,0,0,134,0,3,30,28,40,18,9,3,0,130,54,246,1077,1135,765,504,202,33,3,4021
POA2063,5,5,12,8,15,10,6,3,0,54,8,11,12,17,30,21,10,0,0,113,120,201,349,671,793,492,211,29,6,2888
POA2064,7,7,25,33,26,19,12,0,0,124,4,14,69,38,35,14,11,0,0,186,119,356,1587,1419,874,517,177,16,0,5058
POA2065,11,33,137,106,82,55,14,3,0,439,7,42,188,191,122,65,25,7,3,657,293,1183,6130,4714,2866,1966,709,80,10,17952
POA2066,13,32,120,114,105,73,27,0,0,490,17,56,176,181,140,80,45,9,0,696,448,1279,4425,4216,3359,2200,722,95,11,16761
POA2067,11,20,111,74,77,63,18,0,0,369,15,58,209,160,136,64,10,6,0,663,338,1065,3687,3240,2227,1332,413,50,0,12355
POA2068,16,13,44,51,58,37,8,0,0,237,10,27,48,84,70,49,23,3,0,320,321,592,1148,2177,2127,1231,384,53,6,8036
POA2069,15,19,39,32,37,31,12,0,0,185,13,19,41,67,80,50,20,7,0,292,313,544,1033,1562,1749,1085,383,62,8,6742
POA2070,5,12,21,34,42,21,3,0,0,154,8,18,37,59,62,44,15,9,3,247,290,541,1008,1340,1656,1038,328,52,8,6258
POA2071,14,17,21,27,40,29,15,3,0,155,10,26,38,61,86,40,19,12,0,291,308,579,971,1286,1620,966,328,64,5,6121
POA2072,3,5,13,16,30,10,4,3,0,90,10,14,32,37,44,31,7,6,0,171,159,312,666,736,899,582,173,39,3,3564
POA2073,18,17,26,38,46,31,9,3,0,186,10,21,54,67,107,51,22,3,0,342,410,661,1027,1771,2218,1281,437,80,9,7892
POA2074,16,22,33,49,84,57,17,3,0,283,7,33,64,86,110,78,22,4,0,401,529,857,1236,2225,2765,1696,612,105,16,10038
POA2075,12,45,43,58,81,50,25,4,0,316,14,21,50,91,100,56,34,8,0,383,490,757,1212,2276,2483,1602,604,125,19,9562
POA2076,19,36,55,76,75,57,24,6,0,349,16,39,65,88,127,62,26,0,0,422,582,989,1584,2516,3059,1907,646,114,12,11408
POA2077,24,54,165,168,123,87,14,3,0,642,30,38,210,225,173,101,25,7,0,802,633,1451,4719,5261,3842,2464,611,51,3,19032
POA2079,4,24,27,28,35,31,3,0,0,157,3,13,28,40,42,34,5,0,0,163,193,382,605,882,958,724,110,12,6,3873
POA2080,3,3,9,12,16,9,3,0,0,53,0,3,5,3,11,4,3,0,0,32,55,76,109,213,225,159,36,3,0,876
POA2081,9,10,18,20,29,14,3,0,0,103,9,12,10,27,23,26,4,0,0,114,196,240,391,652,799,482,108,3,0,2872
POA2082,3,7,14,26,32,21,3,0,0,108,4,13,21,25,20,17,3,0,0,99,173,189,364,778,731,444,109,5,0,2792
POA2083,0,3,0,3,13,3,3,0,0,27,0,0,4,7,10,17,3,0,0,40,39,53,83,129,218,185,64,3,0,771
POA2084,6,10,12,15,26,13,8,0,0,90,7,10,17,21,31,16,4,0,0,101,122,136,215,365,511,303,118,22,0,1784
POA2085,13,19,31,51,63,42,23,0,0,253,18,20,29,74,73,25,13,3,0,251,388,436,561,1279,1504,821,342,36,0,5367
POA2086,12,25,35,67,68,51,18,0,0,267,18,22,31,72,87,44,12,3,0,290,402,546,796,1722,1882,993,316,54,0,6709
POA2087,18,26,31,64,71,38,9,7,0,254,17,15,27,60,85,29,6,4,0,256,373,425,635,1543,1688,903,258,59,9,5887
POA2088,25,29,72,91,75,49,20,3,0,368,16,46,119,136,148,97,44,17,3,618,421,918,2781,3189,3224,2238,1021,185,21,13999
POA2089,4,12,69,37,25,25,10,0,0,179,3,18,105,71,47,25,30,7,3,309,90,443,2561,1890,1099,736,305,58,7,7194
POA2090,0,10,51,45,34,23,17,0,0,172,8,7,76,65,56,42,30,4,3,298,132,411,2327,1960,1404,1071,515,61,3,7888
POA2092,4,13,9,21,28,7,8,0,0,97,9,11,10,34,40,20,11,0,0,149,181,301,352,893,968,560,170,23,3,3457
POA2093,14,27,66,73,86,44,11,3,0,330,17,26,83,130,125,60,14,4,3,470,447,784,2069,3108,2964,1614,489,69,17,11563
POA2094,3,10,29,20,16,9,6,0,0,96,5,18,40,44,30,20,12,0,0,162,79,169,907,858,665,453,156,21,0,3304
POA2095,8,26,89,45,37,18,11,0,0,236,6,23,151,104,79,34,22,7,0,428,175,588,3171,2285,1435,912,349,51,8,8978
POA2096,16,22,91,65,45,31,10,0,0,273,8,21,107,105,53,46,7,3,0,349,275,551,2351,2227,1680,935,232,24,3,8272
POA2097,22,33,57,73,69,34,11,0,0,298,9,31,75,86,98,40,17,3,3,353,475,649,1545,1914,1985,1172,359,46,3,8140
POA2099,47,96,218,186,147,115,25,4,0,830,37,95,247,274,255,143,43,9,4,1110,882,1706,5042,5329,4631,2819,694,81,7,21198
POA2100,20,40,102,101,88,51,23,3,0,432,22,44,97,135,148,61,27,6,0,537,567,908,1870,2720,2657,1591,421,42,4,10777
POA2101,14,49,99,87,93,71,25,3,0,452,15,29,82,132,123,64,25,10,4,485,401,707,1949,2410,2242,1548,509,57,8,9834
POA2102,8,18,28,40,34,17,11,0,0,149,11,10,39,30,30,27,16,4,0,168,197,295,612,1030,923,543,143,17,3,3758
POA2103,18,18,38,35,54,32,17,0,0,217,15,19,44,74,67,52,14,8,4,290,289,433,819,1193,1238,959,302,42,6,5279
POA2104,4,4,7,13,17,10,3,3,0,63,0,4,4,13,18,25,16,3,0,79,69,127,148,225,350,325,159,34,4,1439
POA2105,0,5,3,9,5,3,0,0,0,21,0,3,3,6,25,9,7,0,0,49,32,50,63,150,274,219,88,11,0,889
POA2106,3,28,32,36,49,33,11,0,0,183,13,20,25,46,68,38,14,3,0,227,271,419,713,950,1275,977,294,30,6,4936
POA2107,23,30,39,44,57,53,9,0,0,250,22,29,40,90,120,74,30,6,4,411,418,525,764,1415,1975,1637,533,71,6,7354
POA2108,0,3,3,0,3,6,3,0,0,14,3,7,8,3,15,14,4,0,0,49,21,61,74,87,163,186,149,23,0,760
POA2109,3,13,12,7,3,3,0,0,0,37,6,7,14,9,5,4,4,0,0,50,126,305,497,202,55,42,11,0,0,1242
POA2110,9,13,17,30,37,23,8,0,0,139,15,14,19,36,51,36,17,3,0,195,211,350,623,935,1123,778,371,56,7,4460
POA2111,13,28,46,53,59,37,14,4,0,249,7,24,62,80,81,46,21,5,3,324,252,579,1547,1857,1713,1045,339,39,8,7377
POA2112,23,51,140,120,144,77,34,6,0,589,17,64,210,185,158,105,26,3,3,768,599,1479,4235,3786,3404,2136,572,50,4,16266
POA2113,18,23,80,64,83,53,13,0,0,329,14,23,106,94,81,60,13,7,3,395,316,793,2372,2279,1847,1250,281,46,5,9193
POA2114,6,41,108,98,75,54,10,3,0,411,5,41,201,148,93,77,22,3,0,594,367,1041,4033,3078,2235,1519,336,43,7,12663
POA2115,11,15,44,51,58,33,7,0,0,222,11,29,47,55,59,32,18,0,0,252,195,419,1181,1200,1013,648,159,11,0,4835
POA2116,3,13,30,30,31,26,4,0,0,136,5,13,36,40,38,29,10,0,0,174,136,248,667,748,750,455,84,10,0,3095
POA2117,10,33,76,78,92,52,15,0,0,353,17,36,138,103,104,76,19,0,4,492,377,824,2247,2260,2163,1389,313,40,4,9615
POA2118,12,25,61,81,118,70,13,0,0,378,17,52,135,141,156,81,28,10,0,621,464,965,2246,2529,2561,1740,454,59,5,11029
POA2119,10,18,15,32,34,25,5,0,0,141,3,17,30,42,58,36,9,0,3,212,300,555,660,1158,1480,1093,343,59,6,5658
POA2120,9,38,51,64,82,50,17,0,0,311,18,36,67,82,98,54,22,4,0,387,577,898,1463,2430,2556,1639,461,60,5,10090
POA2121,20,44,63,77,108,88,18,0,3,424,10,61,176,144,121,101,29,0,0,642,513,1278,3011,2994,3023,2171,497,57,13,13563
POA2122,12,37,109,100,92,70,27,5,0,443,15,72,217,146,122,101,19,12,4,713,383,1379,3905,3134,2782,2025,503,53,4,14163
POA2123,0,0,0,0,0,0,0,0,0,0,0,0,0,0,0,0,0,0,0,0,0,0,0,0,0,0,0,0,0,0
POA2125,6,22,34,44,43,53,27,3,0,238,10,28,62,70,86,57,22,4,4,354,435,819,1324,1652,1955,1644,452,40,5,8325
POA2126,14,17,34,31,59,56,21,0,0,237,23,25,63,71,96,51,26,0,0,355,513,948,1282,1892,2464,1759,456,32,4,9350
POA2127,4,16,75,54,42,27,0,0,0,210,8,18,156,88,70,44,6,0,0,393,115,512,3174,2121,1204,691,138,11,4,7964
POA2128,3,7,13,17,9,7,0,0,0,48,0,6,28,23,20,4,0,0,0,74,22,91,386,316,170,101,11,0,0,1104
POA2129,0,0,0,0,0,0,0,0,0,0,0,0,0,0,0,0,0,0,0,0,0,0,0,0,0,0,0,0,0,0
POA2130,0,12,50,38,16,16,0,0,0,129,6,5,38,38,30,17,4,0,0,136,91,333,1337,1065,797,446,101,6,0,4179
POA2131,6,30,107,68,60,46,8,0,0,338,19,63,200,98,99,68,15,0,0,565,309,1276,4501,2545,1941,1330,288,33,3,12225
POA2132,5,15,45,29,43,34,22,0,0,197,9,10,64,49,51,32,9,3,0,235,181,446,1129,1158,1158,761,171,24,3,5024
POA2133,9,26,54,37,55,25,4,3,0,208,9,30,50,39,51,27,8,0,0,220,224,478,1142,1315,1269,737,177,20,0,5359
POA2134,3,22,85,39,31,32,10,0,0,216,15,77,203,73,71,61,10,3,0,505,180,920,2838,1210,1070,773,167,22,3,7187
POA2135,4,36,91,57,69,42,15,0,0,323,23,152,282,124,111,81,12,4,4,800,389,1697,4258,2129,2126,1536,445,81,20,12681
POA2136,11,13,28,31,32,25,5,0,0,149,12,22,49,31,45,27,7,0,0,189,163,394,830,748,784,527,147,14,0,3606
POA2137,18,40,98,86,115,74,22,0,0,457,16,37,158,121,140,77,33,9,4,597,485,1129,3134,3013,2898,2027,599,83,6,13377
POA2138,5,25,91,68,47,30,7,4,0,279,14,51,232,111,69,44,14,3,0,541,206,872,4184,2246,1336,852,200,16,3,9925
POA2139,0,0,0,0,0,0,0,0,0,0,0,0,0,0,0,0,0,0,0,0,0,0,7,0,3,0,0,0,0,12
POA2140,0,24,74,42,54,20,6,0,0,216,3,73,215,83,59,48,10,0,0,496,186,883,3698,1701,1023,576,94,10,0,8178
POA2141,9,38,132,99,87,71,20,0,0,452,20,115,399,207,183,148,21,6,3,1108,351,1448,4120,2620,2363,1718,267,14,3,12898
POA2142,3,40,127,84,65,46,0,0,0,367,25,101,303,163,100,72,10,0,0,786,304,1243,4166,2437,1487,924,163,13,3,10741
POA2143,10,14,25,30,30,26,6,0,0,143,10,38,75,61,59,33,8,0,0,279,123,412,952,703,756,556,75,5,0,3585
POA2144,15,48,147,72,67,58,14,0,0,421,36,212,569,241,232,119,17,0,3,1439,477,1993,5346,2596,2148,1301,196,9,3,14075
POA2145,41,96,278,262,263,135,41,0,0,1119,62,196,528,481,321,220,52,9,10,1885,1157,2949,10032,9891,6285,3955,899,64,12,35250
POA2146,11,41,65,53,66,31,13,0,0,276,10,38,141,108,66,57,21,0,3,449,330,720,2118,2120,1593,1089,237,15,3,8223
POA2147,24,50,178,143,140,102,15,0,0,652,38,118,253,246,213,118,31,6,0,1026,826,1536,3958,4066,3462,2540,514,35,11,16944
POA2148,40,124,298,234,211,133,36,0,0,1070,59,176,504,388,350,206,43,8,6,1738,1228,2873,8197,6783,5142,3527,640,44,5,28432
POA2150,3,37,164,76,34,34,4,0,0,363,12,104,392,200,91,54,15,0,0,858,214,1337,7588,3721,1506,899,195,11,4,15470
POA2151,12,24,78,72,80,46,15,3,0,331,13,41,133,113,105,74,18,3,0,504,309,757,2526,2608,1979,1303,345,42,3,9878
POA2152,8,14,69,50,34,35,13,0,0,216,11,12,62,73,57,31,12,0,0,254,168,359,1528,1413,1060,655,189,32,3,5415
POA2153,43,101,184,245,236,163,54,6,0,1028,48,96,219,316,279,178,65,11,0,1208,1350,2427,5226,7423,6412,4128,1215,98,6,28289
POA2154,25,67,109,132,144,114,38,3,0,626,28,76,140,200,211,133,68,6,0,861,991,1827,3091,4407,4564,3285,999,90,8,19267
POA2155,55,92,213,284,246,133,26,0,0,1046,59,108,228,360,294,143,36,7,0,1238,1767,2522,5226,8387,6732,3465,735,56,3,28889
POA2156,23,39,35,47,81,50,16,0,0,291,13,18,26,53,81,68,21,0,0,275,421,688,814,1195,1641,1261,443,52,3,6516
POA2157,3,12,16,27,18,17,3,3,0,97,3,13,10,10,24,17,13,0,0,94,118,185,261,370,465,333,122,22,5,1875
POA2158,9,30,30,30,41,28,15,0,0,186,11,16,27,42,55,24,15,8,0,190,269,457,551,768,1111,719,300,52,6,4222
POA2159,11,10,19,19,35,19,6,0,0,118,3,17,15,23,25,22,4,3,0,114,152,212,330,456,635,486,177,28,0,2475
POA2160,15,44,146,100,110,51,12,0,0,486,49,140,293,194,189,101,13,4,4,989,634,1632,4078,3020,2509,1610,286,27,8,13795
POA2161,19,44,114,114,79,47,8,0,0,423,42,131,241,147,142,98,22,3,0,825,490,1397,3148,2187,1844,1268,234,10,3,10567
POA2162,11,24,59,68,69,43,4,0,0,281,24,61,113,132,143,80,4,4,0,565,326,754,1513,1344,1514,984,142,7,0,6585
POA2163,3,11,38,35,24,10,4,0,0,126,14,33,62,55,67,46,3,4,0,287,118,316,653,531,558,398,60,3,0,2654
POA2164,9,41,76,83,70,51,16,0,0,338,23,69,114,129,109,71,18,8,0,542,359,814,1671,1625,1455,1121,228,20,0,7287
POA2165,15,73,157,160,131,57,14,0,0,608,49,128,305,267,271,169,22,5,3,1219,585,1633,3348,2795,2787,1783,291,28,5,13250
POA2166,18,126,241,296,193,83,12,0,0,970,55,230,433,419,548,310,37,4,0,2038,627,2384,4572,3851,4204,2459,373,28,0,18505
POA2167,4,19,31,36,19,22,3,0,0,137,8,19,70,56,49,26,3,0,0,225,134,387,1116,1174,880,596,83,8,0,4379
POA2168,35,69,157,155,150,73,11,0,0,652,65,162,287,307,304,170,23,8,0,1327,871,1976,3409,3153,3467,2230,290,20,4,15423
POA2170,44,150,387,441,323,179,51,9,0,1586,113,309,683,603,580,347,80,10,0,2719,1715,4205,9956,9924,8507,5185,1085,85,3,40669
POA2171,18,51,162,161,135,54,5,0,0,593,59,87,194,237,208,97,19,0,0,903,882,1677,3880,4265,3692,1760,259,8,3,16418
POA2172,3,5,9,8,15,10,0,0,0,54,0,8,7,9,24,12,3,0,0,71,73,130,265,362,418,234,38,8,0,1536
POA2173,18,20,49,55,50,35,3,0,0,236,18,36,52,69,59,45,0,0,0,287,458,829,1828,1952,1749,856,114,13,0,7785
POA2174,0,0,8,12,4,3,0,0,0,26,3,5,15,22,3,3,0,0,0,55,37,92,313,335,174,73,10,0,0,1047
POA2175,0,10,13,15,3,6,0,0,0,42,8,5,10,19,12,10,3,0,0,62,49,99,156,167,179,135,32,7,0,827
POA2176,27,88,193,170,202,152,25,3,0,857,55,170,272,244,295,229,41,0,0,1307,930,2432,4384,3599,4172,3445,635,35,3,19634
POA2177,0,29,96,82,66,27,9,0,0,315,16,49,101,78,112,77,16,0,0,452,280,830,1455,1211,1328,965,123,6,0,6197
POA2178,3,15,20,22,31,26,0,0,0,121,14,14,19,26,30,24,6,0,0,142,143,259,328,366,448,320,106,13,0,1980
POA2179,15,26,24,23,20,15,6,0,0,128,8,33,40,53,33,26,9,3,0,205,146,318,622,550,625,372,108,21,3,2769
POA2190,17,34,92,76,104,59,14,3,0,398,29,88,154,155,93,86,12,4,4,631,459,1153,2026,1821,1795,1139,214,30,8,8641
POA2191,8,10,31,38,43,18,3,3,0,151,3,16,31,41,48,18,4,0,0,165,111,257,594,648,690,361,88,7,0,2766
POA2192,3,18,41,58,46,29,4,0,0,202,13,36,79,83,67,44,11,0,0,338,200,511,1415,1193,1097,651,135,8,0,5220
POA2193,14,30,63,56,69,40,9,0,0,280,18,38,91,96,73,39,19,0,0,368,269,655,1889,1784,1764,1050,244,15,0,7666
POA2194,7,36,127,111,81,54,12,0,0,423,17,86,266,186,183,103,13,0,0,854,318,1138,3809,2340,1979,1201,185,12,4,10986
POA2195,4,30,107,73,75,39,8,0,0,336,21,93,256,151,134,63,14,0,0,725,226,1018,3027,2448,1503,923,141,13,0,9289
POA2196,26,60,134,148,115,59,10,0,0,562,35,94,221,178,204,110,22,3,0,866,517,1390,3046,2668,2390,1464,267,25,0,11767
POA2197,4,23,34,31,26,20,0,0,0,146,14,35,55,48,46,31,3,0,0,244,170,400,718,741,713,445,96,5,0,3291
POA2198,4,9,39,53,22,30,6,0,0,169,8,23,57,58,53,29,11,0,3,246,176,359,729,867,739,485,165,9,4,3537
POA2199,15,44,69,90,55,34,8,0,0,320,15,59,134,94,105,52,17,3,0,481,275,722,1600,1436,1314,926,184,14,0,6474
POA2200,26,91,217,208,139,103,26,0,0,804,39,148,303,270,268,169,28,6,0,1230,602,1852,4451,3602,2966,2018,350,32,0,15866
POA2203,9,23,71,63,53,31,3,0,0,255,9,32,82,76,66,33,6,0,0,296,197,641,2053,1947,1618,821,184,20,5,7486
POA2204,3,56,157,128,96,57,13,0,0,508,14,42,193,149,109,57,9,6,0,586,279,1330,4631,3508,2449,1408,259,34,0,13902
POA2205,4,39,115,71,45,26,9,0,0,313,16,71,250,108,65,41,9,0,0,569,246,1143,4507,2089,1178,740,156,14,4,10081
POA2206,13,31,77,96,116,65,19,0,0,418,15,32,67,98,111,62,18,7,0,412,360,715,1583,2215,2230,1291,304,34,4,8740
POA2207,14,39,100,133,107,80,29,3,0,507,22,69,156,138,121,104,27,0,0,628,520,1133,2801,3091,2715,1865,448,34,6,12616
POA2208,9,20,34,62,43,36,12,3,0,221,13,28,65,73,70,48,5,3,0,305,248,452,1197,1352,1292,770,198,17,0,5521
POA2209,5,28,55,68,59,40,6,0,0,262,10,36,91,67,97,63,13,3,0,393,257,668,1673,1560,1483,1006,220,20,3,6892
POA2210,20,55,84,122,122,109,25,11,0,543,36,96,161,152,155,107,35,8,3,747,604,1280,2807,2828,2965,2043,529,67,10,13133
POA2211,17,36,62,85,58,52,8,3,0,323,14,43,93,85,91,57,16,3,0,393,321,708,1742,1667,1766,1245,246,29,3,7725
POA2212,9,29,60,67,55,59,12,0,0,292,15,31,97,78,70,53,13,0,0,361,310,703,1641,1670,1487,1111,224,12,3,7153
POA2213,19,50,71,104,68,65,9,4,0,397,19,43,90,99,106,94,11,7,3,471,527,1011,1969,2479,2344,1598,317,46,3,10288
POA2214,3,3,16,22,14,6,0,0,0,70,0,6,11,12,11,7,0,0,0,61,102,179,361,446,425,304,81,3,0,1905
POA2216,13,41,147,113,90,45,13,0,0,472,23,90,264,179,124,84,25,10,3,809,390,1413,4859,3154,2396,1443,360,44,8,14063
POA2217,9,36,86,94,99,52,14,3,0,398,10,65,211,123,126,70,25,9,0,637,387,1199,4034,3164,2576,1553,342,47,8,13312
POA2218,5,26,65,66,53,40,13,0,0,273,17,61,134,65,89,68,12,0,0,446,279,786,2514,1683,1572,1083,222,13,3,8157
POA2219,11,27,47,56,51,58,14,4,0,265,3,34,47,75,80,54,14,3,0,306,221,412,1152,1470,1495,1084,313,39,4,6193
POA2220,9,39,133,69,98,61,10,0,0,419,23,88,350,163,163,100,19,7,0,915,454,1647,5297,2829,2658,1605,319,23,3,14837
POA2221,13,24,39,58,85,42,16,0,0,280,20,41,57,63,93,60,20,3,3,356,376,742,1295,1631,1948,1203,377,51,6,7633
POA2222,11,30,49,38,40,39,5,0,0,201,12,42,94,62,65,42,11,0,0,331,238,649,1734,1384,1285,865,169,12,0,6343
POA2223,12,36,73,74,83,54,13,3,0,352,15,42,87,116,86,73,18,3,0,443,457,962,2260,2488,2335,1655,367,45,7,10574
POA2224,12,22,78,58,64,31,21,3,0,292,9,33,56,71,75,47,27,3,0,316,298,569,1132,1486,1536,1024,350,52,4,6450
POA2225,7,7,18,17,26,18,8,0,0,96,5,6,11,29,27,18,8,0,0,107,157,219,413,725,692,461,117,10,3,2777
POA2226,3,22,40,44,52,37,10,0,0,205,12,22,42,54,48,32,12,6,0,220,310,519,1066,1675,1495,978,229,21,0,6296
POA2227,8,34,56,69,60,39,12,0,0,279,15,36,53,77,82,48,8,5,3,326,476,645,1372,1791,1887,1153,283,22,9,7625
POA2228,20,29,99,74,67,44,8,3,0,338,14,43,80,87,89,57,15,0,0,380,441,749,1910,2092,1933,1332,315,37,7,8830
POA2229,30,56,110,112,100,86,24,4,3,518,27,58,128,142,122,116,38,7,3,641,784,1309,2782,3295,3073,2365,614,77,10,14315
POA2230,26,58,169,98,119,69,29,3,0,570,25,59,162,145,145,117,45,9,4,722,683,1403,3947,3046,3264,2671,771,86,14,15882
POA2231,0,12,12,4,9,12,0,0,0,49,3,10,17,21,17,10,7,0,0,79,43,78,201,298,266,167,44,4,0,1101
POA2232,25,80,160,154,126,92,35,10,0,681,25,51,156,178,114,87,29,8,9,643,842,1428,3832,4109,3676,2356,646,68,11,16963
POA2233,45,94,122,154,146,92,24,0,0,679,26,60,79,119,129,82,29,0,0,528,977,1401,2638,3829,3459,2350,505,25,3,15189
POA2234,44,103,125,147,166,131,28,3,0,741,35,70,107,134,138,108,36,3,0,635,1116,1959,2736,3040,3980,3472,663,35,7,17005
POA2250,48,125,284,256,298,200,61,8,0,1283,62,119,218,270,287,185,56,16,9,1217,1737,2674,6007,6470,6963,5138,1165,139,21,30316
POA2251,25,55,97,119,133,113,27,3,0,566,29,61,87,120,147,98,32,9,7,583,961,1201,2303,3157,3651,2754,619,50,8,14712
POA2256,11,25,52,52,52,32,14,0,0,236,9,22,48,64,58,50,25,3,0,276,289,485,1072,1287,1414,1107,275,33,4,5963
POA2257,21,61,103,104,103,94,32,0,0,521,25,54,81,118,101,100,34,6,0,517,650,946,1939,2479,2773,2170,552,52,5,11574
POA2258,8,18,21,11,32,13,5,0,0,110,7,12,15,18,24,12,4,0,0,102,141,259,478,500,640,460,120,3,0,2599
POA2259,66,142,214,228,255,141,30,0,0,1075,76,102,189,201,254,173,57,9,8,1064,1792,2404,4531,5492,5958,3687,765,67,8,24693
POA2260,23,32,82,86,99,79,22,0,0,427,16,31,62,67,101,66,21,9,0,383,723,998,2043,2461,2687,1967,483,49,3,11410
POA2261,32,101,221,204,223,140,37,9,0,972,53,102,184,187,222,155,47,12,0,969,1376,2043,4516,4782,5065,3922,820,64,7,22603
POA2262,21,55,88,90,72,35,0,0,0,355,30,39,76,73,71,72,14,7,0,381,546,871,1697,1716,1821,1317,219,11,3,8197
POA2263,19,51,95,72,70,64,11,0,0,379,24,52,67,85,98,70,19,3,0,426,505,951,1802,1688,1903,1540,275,28,6,8688
POA2264,24,32,47,50,54,45,6,0,0,250,16,36,51,46,52,28,13,7,0,255,313,511,1066,1034,1207,994,244,22,3,5400
POA2265,6,7,31,24,31,18,3,0,0,120,3,16,17,23,18,21,5,0,0,100,108,224,423,478,555,400,108,16,0,2308
POA2267,0,10,5,9,13,9,3,0,0,42,0,3,3,9,18,5,0,0,0,39,41,77,167,218,243,252,63,3,0,1069
POA2278,3,7,17,24,18,9,0,0,0,82,6,0,8,10,14,10,3,0,0,51,97,109,256,284,281,231,18,0,0,1276
POA2280,39,63,69,113,134,70,23,4,0,502,16,39,53,67,93,72,22,4,0,374,816,1110,1888,2491,2966,1951,352,44,7,11634
POA2281,15,16,38,49,60,41,14,0,0,234,12,25,32,35,57,40,4,3,0,211,403,480,918,1177,1473,1089,175,17,3,5736
POA2282,21,29,47,61,63,49,11,0,0,277,13,15,22,48,43,24,12,0,0,178,520,580,1023,1508,1689,1194,276,19,0,6806
POA2283,32,40,75,81,96,62,22,3,0,416,32,41,65,75,79,61,24,12,0,388,599,801,1630,1850,2143,1834,416,48,7,9323
POA2284,12,29,44,32,44,23,4,0,0,187,4,21,36,34,38,23,15,5,0,179,274,440,867,858,1094,769,171,13,0,4489
POA2285,29,88,186,160,144,77,13,0,0,699,20,47,106,107,111,63,20,6,0,469,840,1314,3642,3494,2957,1880,260,19,0,14390
POA2286,11,10,25,22,13,16,0,0,0,99,6,5,15,18,14,13,0,0,0,77,128,135,413,369,391,251,34,4,4,1727
POA2287,41,100,183,155,122,79,17,9,0,709,25,72,124,142,108,84,26,4,0,577,924,1778,3712,3755,3389,2260,399,41,3,16253
POA2289,24,35,70,65,51,56,15,3,0,318,9,31,77,54,60,43,7,3,0,294,562,868,1945,2278,2169,1239,238,39,0,9350
POA2290,34,66,124,111,114,74,15,0,0,555,23,61,127,95,109,67,20,9,0,515,892,1391,3427,3324,3344,2373,401,53,0,15210
POA2291,13,26,45,51,41,30,12,0,0,216,14,23,47,47,46,22,9,4,0,209,383,782,1625,1505,1533,1019,207,44,3,7093
POA2292,3,4,15,10,11,5,0,0,0,48,9,7,12,3,4,0,3,0,0,36,66,135,373,287,251,157,28,0,0,1291
POA2293,3,7,8,9,7,3,0,0,0,50,0,3,5,7,7,4,3,0,0,37,40,166,449,295,213,211,36,3,0,1416
POA2294,0,7,12,9,4,7,3,0,0,44,0,10,13,13,3,4,0,0,0,38,22,103,387,211,155,108,23,0,0,1011
POA2295,3,6,25,22,23,19,4,3,0,107,5,8,25,15,13,15,6,0,0,93,129,178,520,560,572,493,109,11,0,2561
POA2296,0,8,18,9,10,4,0,0,0,46,0,0,8,10,6,4,0,0,0,31,35,123,349,214,164,118,15,0,0,1024
POA2297,0,0,10,5,3,4,0,0,0,24,0,3,8,4,9,6,0,0,0,31,27,63,194,198,180,114,11,0,0,793
POA2298,5,30,60,22,25,22,0,3,0,170,7,18,39,37,26,11,7,3,0,140,199,657,1225,855,702,540,81,15,4,4269
POA2299,16,27,32,40,38,13,5,3,0,175,9,25,42,19,33,9,6,0,0,141,274,648,1198,998,935,643,95,14,3,4796
POA2300,3,23,52,29,32,15,10,0,0,160,3,18,42,27,39,20,6,6,0,157,170,792,1930,946,967,795,240,36,5,5884
POA2302,0,0,0,0,0,0,0,0,0,4,0,3,5,0,0,3,0,0,0,6,4,58,96,42,37,40,6,0,0,284
POA2303,0,22,22,17,27,16,8,3,0,121,6,19,27,29,20,17,10,3,0,129,229,581,879,835,922,631,147,13,3,4250
POA2304,4,46,78,59,42,35,11,0,0,280,16,22,61,44,43,29,9,5,0,232,260,839,2066,1410,1289,944,152,22,0,6994
POA2305,9,24,38,39,38,27,12,0,0,189,7,8,27,36,41,29,9,9,0,164,346,551,1097,1417,1468,974,194,25,5,6067
POA2306,0,0,14,3,4,6,0,0,0,30,5,3,15,10,11,6,0,0,0,41,38,86,183,143,148,121,16,0,0,741
POA2307,5,13,35,23,6,6,3,0,0,85,4,7,16,18,11,4,3,0,0,63,83,287,464,317,260,188,30,0,0,1628
POA2308,6,14,0,0,0,0,0,0,0,22,3,4,0,0,0,0,0,0,0,6,174,272,17,0,0,0,0,0,0,460
POA2311,0,7,3,0,0,0,0,0,0,11,0,0,3,0,9,3,0,0,0,18,9,15,74,60,82,83,28,23,0,365
POA2312,0,3,3,6,13,8,0,0,0,25,0,4,7,6,11,0,0,0,0,23,40,33,67,86,171,110,24,3,0,532
POA2314,0,0,0,0,0,0,0,0,0,0,0,0,0,0,0,0,0,0,0,0,13,40,45,8,12,0,0,0,0,120
POA2315,10,10,42,45,38,26,8,0,0,185,12,19,26,44,47,50,31,0,3,224,357,413,842,1141,1324,1056,325,31,3,5492
POA2316,11,15,13,24,31,17,4,0,0,114,12,7,15,11,27,15,9,0,0,95,209,211,329,491,642,452,81,7,0,2419
POA2317,7,7,20,15,20,22,5,0,0,96,7,7,11,17,21,12,8,5,3,93,159,160,312,454,547,445,128,17,3,2233
POA2318,14,33,47,58,57,29,3,0,0,242,12,7,25,37,49,35,7,8,0,191,339,468,1000,1339,1343,802,166,32,5,5497
POA2319,6,14,19,17,18,20,5,3,0,104,0,5,19,25,20,32,7,0,0,111,110,161,400,437,570,497,95,14,3,2282
POA2320,43,108,211,147,128,93,20,3,0,754,33,54,134,126,138,95,20,10,3,618,998,1549,3416,3495,3383,2163,443,49,15,15503
POA2321,21,45,81,64,70,35,14,0,0,336,15,21,42,59,64,39,13,3,0,244,424,602,1597,1516,1461,1007,191,42,11,6857
POA2322,15,39,80,77,89,46,7,0,0,351,23,35,72,76,59,33,11,0,0,311,532,752,1860,1800,1880,1244,191,8,0,8268
POA2323,23,54,122,114,103,64,20,3,0,506,30,48,83,89,87,60,20,0,7,424,681,1058,2414,2438,2479,1748,343,31,10,11211
POA2324,23,49,77,76,99,74,28,0,0,432,22,57,52,73,81,72,20,6,0,376,527,873,1539,1651,2130,1677,415,50,3,8857
POA2325,24,71,114,97,103,52,19,3,0,496,26,53,75,83,110,71,11,11,3,450,683,1060,2136,2183,2302,1675,361,45,4,10451
POA2326,12,24,24,35,34,12,0,0,0,135,8,20,27,33,31,20,0,3,0,151,172,264,593,620,625,453,66,0,0,2796
POA2327,9,30,46,34,25,15,3,0,0,168,10,13,26,29,24,18,3,7,0,131,202,335,645,584,614,431,64,8,0,2876
POA2328,0,8,8,13,4,4,0,0,0,36,7,3,4,12,10,4,10,0,0,50,52,88,183,243,276,182,67,14,0,1112
POA2329,3,3,4,3,0,3,0,0,0,22,3,0,4,7,9,7,3,7,0,43,46,45,156,169,180,189,53,30,7,875
POA2330,29,63,102,93,94,40,4,0,0,421,19,32,54,71,84,51,13,4,0,340,593,870,1941,2055,2165,1357,298,45,4,9331
POA2331,0,0,0,0,0,0,0,0,0,0,3,7,0,0,0,0,0,0,0,7,122,120,46,13,12,3,0,0,0,314
POA2333,12,40,63,50,37,24,7,0,0,227,7,17,40,47,51,24,6,3,0,189,330,492,1282,1188,1275,804,150,16,11,5550
POA2334,5,13,23,19,15,9,0,0,0,81,3,12,16,12,10,7,0,0,0,54,64,124,322,297,226,141,24,0,4,1205
POA2335,8,19,56,38,25,10,3,0,0,164,8,7,19,19,28,22,0,0,0,95,190,239,614,719,656,420,100,8,3,2959
POA2336,3,5,12,18,7,3,0,0,0,47,3,10,10,8,17,5,0,0,0,47,62,89,237,240,265,209,61,14,0,1179
POA2337,8,13,22,25,25,12,10,3,0,121,11,6,29,31,25,21,5,3,0,133,219,268,772,781,794,617,179,36,9,3673
POA2338,0,7,3,11,3,3,0,0,0,25,0,0,3,4,0,7,0,0,0,14,18,50,70,118,129,119,51,9,0,566
POA2339,0,0,3,0,3,0,0,0,0,5,0,0,4,3,0,3,3,0,0,17,10,14,51,46,59,62,33,8,0,288
POA2340,45,101,197,195,183,143,39,5,0,914,69,76,184,160,175,134,44,23,6,873,1409,1872,4575,4365,4732,3670,928,149,18,21724
POA2341,0,3,3,3,4,4,3,0,0,18,3,0,10,9,5,3,0,0,0,32,15,34,91,88,108,102,20,3,0,466
POA2342,3,3,0,0,0,0,0,0,0,10,0,0,0,0,4,3,0,0,0,13,10,11,27,44,58,47,23,10,0,238
POA2343,7,0,8,13,22,18,3,0,0,67,3,13,8,18,11,23,13,4,0,89,85,133,341,376,487,446,156,34,10,2061
POA2344,3,0,3,0,6,0,0,0,0,8,3,0,0,7,3,0,0,0,0,15,15,23,54,66,113,80,31,6,3,388
POA2345,0,0,4,0,3,0,0,0,0,15,0,3,4,7,4,0,3,0,0,31,17,20,57,78,72,72,30,3,0,360
POA2346,3,3,11,11,9,11,3,0,0,38,3,3,6,12,16,14,3,0,0,60,59,78,163,228,243,217,79,10,3,1087
POA2347,0,0,3,0,7,3,3,0,0,13,3,3,3,0,7,3,0,0,0,23,21,32,113,90,146,145,65,25,3,647
POA2350,21,50,71,59,78,59,12,5,0,353,16,30,57,52,54,32,27,4,0,280,711,1138,2059,2005,2480,1972,523,91,11,10986
POA2351,0,0,0,0,0,0,0,0,0,4,0,3,0,0,0,0,0,0,0,4,74,87,9,3,0,0,0,0,0,179
POA2352,4,3,7,12,14,15,3,0,0,63,3,0,10,11,6,10,3,0,0,42,87,83,229,265,275,233,67,10,0,1246
POA2353,4,0,4,3,0,3,0,0,0,16,0,0,0,6,6,4,0,0,0,24,20,19,72,83,110,91,33,9,0,438
POA2354,4,4,6,10,10,7,3,3,0,49,0,3,4,9,5,9,10,10,3,54,72,107,210,268,376,352,207,41,10,1648
POA2355,0,0,3,3,0,0,0,0,0,9,0,3,3,0,5,3,0,0,0,16,17,17,33,41,65,73,20,4,0,275
POA2356,0,0,0,0,0,0,0,0,0,0,0,0,0,0,0,0,0,0,0,0,0,3,3,11,11,9,4,0,0,41
POA2357,4,8,7,16,7,7,3,0,0,46,4,8,8,11,20,11,6,0,0,67,55,89,214,274,355,358,115,30,8,1489
POA2358,3,3,5,4,9,14,4,0,0,46,6,0,7,11,9,16,4,0,0,58,83,109,247,302,373,354,116,23,3,1607
POA2359,0,0,0,0,0,3,0,0,0,5,0,0,3,0,3,5,0,0,0,16,6,12,33,55,57,62,16,4,0,257
POA2360,16,24,45,46,45,39,20,0,0,224,16,22,34,39,46,36,27,12,7,244,367,498,1022,1081,1279,1012,293,84,20,5652
POA2361,0,0,3,0,0,0,0,0,0,7,0,0,0,0,4,4,0,0,0,13,16,10,24,64,76,71,26,7,3,302
POA2365,3,8,11,15,8,4,0,4,0,53,3,3,8,9,14,11,15,3,0,67,70,105,259,302,352,327,162,31,12,1614
POA2369,0,0,4,0,4,7,0,0,0,13,0,0,3,0,0,0,0,0,0,9,19,21,40,43,53,54,21,3,0,253
POA2370,7,14,33,21,26,26,6,4,0,138,9,12,28,17,28,16,18,4,0,129,189,213,437,518,611,602,215,52,4,2841
POA2371,0,3,0,0,5,3,0,0,0,4,0,0,7,0,0,7,3,4,0,23,12,17,41,47,97,92,49,16,3,369
POA2372,7,4,10,12,10,6,10,0,0,53,7,6,9,12,14,16,10,0,0,74,96,94,206,318,348,488,173,34,4,1763
POA2379,0,0,0,0,0,0,0,0,0,6,0,0,0,0,4,0,0,0,0,3,8,8,19,34,37,36,18,3,6,165
POA2380,13,29,45,44,36,46,5,0,0,219,4,16,29,34,30,32,21,7,0,172,285,366,993,898,932,819,212,33,6,4538
POA2381,5,7,3,0,3,0,0,0,0,21,0,3,3,4,6,3,0,0,0,24,20,48,91,87,108,131,34,10,3,529
POA2382,0,3,6,5,3,3,0,0,0,21,0,0,0,5,4,3,0,0,0,11,38,48,72,122,136,85,31,13,0,541
POA2386,0,0,0,0,0,0,0,0,0,4,0,0,0,5,3,0,0,0,0,9,0,9,18,43,46,24,15,8,0,160
POA2387,0,0,0,0,0,0,0,0,0,0,0,0,0,0,0,0,0,0,0,4,6,9,19,20,22,20,8,4,0,103
POA2388,7,4,9,11,8,5,0,0,0,43,3,7,8,4,14,8,3,5,0,49,51,76,202,202,238,201,79,19,0,1058
POA2390,21,21,36,37,45,25,15,0,0,197,16,16,45,33,38,36,9,6,0,200,251,279,760,776,869,760,229,34,7,3960
POA2395,0,0,0,0,0,0,0,0,0,0,0,0,0,3,5,4,3,0,0,12,3,9,16,30,55,37,22,4,0,176
POA2396,0,0,0,0,3,0,0,0,0,7,0,4,4,6,0,3,0,0,0,19,3,23,50,46,70,57,28,8,0,282
POA2397,0,0,0,0,0,4,0,0,0,4,3,0,0,0,0,3,0,0,0,8,5,10,33,35,29,50,18,0,0,170
POA2398,0,0,0,0,0,0,0,0,0,4,0,0,0,0,0,0,3,0,0,5,3,11,18,21,31,31,11,3,0,130
POA2399,3,0,3,0,4,0,0,0,0,13,0,0,3,3,4,0,0,0,0,12,13,18,49,47,73,53,13,7,0,263
POA2400,15,29,46,48,41,27,14,0,0,218,16,18,25,33,36,42,23,0,0,202,219,371,848,873,935,763,263,47,3,4321
POA2401,0,0,0,0,0,0,0,0,0,3,0,0,0,0,0,0,0,0,0,5,4,13,18,34,42,26,16,8,0,165
POA2402,6,6,8,11,4,3,3,0,0,30,3,0,5,7,5,5,7,3,0,36,32,56,103,117,160,122,59,4,3,657
POA2403,5,0,3,0,0,0,0,0,0,5,0,0,0,0,6,4,0,0,0,17,12,21,49,38,73,57,31,9,3,287
POA2404,0,0,0,3,0,0,0,0,0,7,0,5,0,5,3,3,0,0,0,19,29,32,79,105,176,140,67,15,0,647
POA2405,0,0,0,0,0,0,0,0,0,0,4,4,0,4,0,0,0,0,0,17,3,16,46,53,53,53,23,13,0,261
POA2406,0,0,0,0,0,0,0,0,0,3,0,0,4,0,5,3,3,0,0,11,4,20,73,83,77,70,21,4,0,347
POA2408,0,0,0,0,0,0,0,0,0,0,0,0,0,4,0,0,0,0,0,5,4,19,31,36,55,32,12,3,0,198
POA2409,0,0,4,0,0,3,0,0,0,6,0,3,0,3,0,4,0,0,0,6,7,15,42,49,79,56,16,3,0,274
POA2410,0,0,0,0,0,0,0,0,0,3,0,0,0,0,0,0,0,0,0,0,3,11,7,20,29,24,12,3,0,116
POA2411,0,0,0,0,0,0,0,0,0,0,0,0,0,0,0,0,0,0,0,0,3,3,15,14,7,10,3,0,0,65
POA2415,0,0,0,0,0,0,0,0,0,0,0,0,0,0,3,0,0,0,0,6,3,9,24,27,63,27,7,0,0,156
POA2420,3,10,14,12,16,14,0,0,0,70,3,3,10,18,24,9,3,0,0,68,95,90,216,295,389,346,114,24,0,1574
POA2421,3,3,12,11,14,3,0,0,0,45,3,3,3,6,16,3,0,0,0,28,45,65,131,194,232,164,57,10,3,905
POA2422,3,13,9,11,4,9,3,0,0,56,3,3,5,15,21,19,9,6,3,84,90,126,217,307,496,439,205,34,7,1924
POA2423,0,0,3,10,4,8,0,0,0,35,4,7,11,9,12,17,3,0,0,59,51,57,116,161,294,276,80,11,3,1061
POA2424,0,0,0,0,0,0,0,0,0,3,0,0,0,3,0,3,3,0,0,8,4,6,12,24,33,35,17,6,0,146
POA2425,3,3,4,4,3,3,3,0,0,28,8,3,0,5,6,3,0,3,0,35,47,50,93,157,210,137,37,17,4,743
POA2426,0,0,0,0,0,10,0,0,0,14,0,3,3,3,0,4,0,0,0,11,20,15,38,43,63,63,13,3,0,251
POA2427,0,0,0,10,3,5,0,0,0,20,3,3,0,3,6,9,4,0,0,33,35,37,84,146,211,196,52,10,0,778
POA2428,12,29,47,71,57,64,30,4,0,305,25,18,32,47,61,60,23,11,4,272,480,467,1086,1399,1755,1693,441,48,11,7380
POA2429,8,17,26,27,32,31,10,0,0,141,10,14,18,20,33,31,13,6,0,147,201,245,496,578,905,867,244,41,9,3597
POA2430,25,41,76,102,123,81,19,3,0,469,24,40,48,61,101,79,40,13,8,422,735,894,1806,2205,2764,2512,582,71,19,11581
POA2431,3,4,8,18,10,19,5,0,0,63,6,5,8,10,10,16,3,3,0,57,88,102,210,326,392,364,93,10,0,1588
POA2439,3,5,9,13,14,8,4,0,0,58,4,4,0,3,13,9,3,0,0,33,62,71,124,208,303,210,43,8,0,1031
POA2440,13,23,35,58,60,49,11,0,0,256,29,19,59,52,64,58,19,8,0,318,479,537,1112,1323,1740,1521,417,67,13,7204
POA2441,0,12,6,10,14,9,3,0,0,66,3,7,10,7,13,14,8,0,0,70,61,118,238,293,399,431,101,18,0,1653
POA2443,3,5,14,18,25,19,5,0,0,96,3,10,14,16,21,26,3,4,4,106,114,134,322,434,677,654,136,25,3,2492
POA2444,31,65,156,153,149,103,33,3,0,693,36,39,83,110,120,86,31,16,3,526,1187,1276,3188,3827,4353,3296,762,88,7,17992
POA2445,8,9,22,15,28,25,3,0,0,108,7,4,12,21,20,17,7,0,0,88,199,139,284,539,770,505,104,10,0,2545
POA2446,12,37,49,46,56,37,9,0,0,257,15,24,31,37,43,47,17,5,0,213,311,386,751,1041,1296,1092,286,35,3,5200
POA2447,4,12,15,18,21,24,13,0,0,97,6,5,19,14,18,14,14,4,0,94,138,186,343,501,610,580,155,32,0,2544
POA2448,7,19,29,19,17,19,7,0,0,109,4,4,13,15,22,13,9,4,0,90,164,181,418,471,624,682,142,22,4,2713
POA2449,3,0,3,0,8,5,0,0,0,25,0,0,6,0,0,4,4,0,0,20,42,48,81,113,188,171,44,7,3,698
POA2450,48,81,175,142,145,109,36,0,0,737,36,65,101,133,149,111,39,16,0,658,1205,1483,3215,3630,4190,3370,823,77,7,17997
POA2452,7,20,33,49,60,40,14,3,0,219,16,12,43,55,50,35,14,0,0,218,401,508,1051,1289,1444,1095,202,14,0,6007
POA2453,3,0,3,5,8,4,0,0,0,30,4,3,3,5,15,10,9,3,0,57,55,45,106,158,264,284,129,28,3,1073
POA2454,3,7,12,26,21,21,0,0,0,93,11,4,14,19,26,32,5,3,0,115,142,127,395,605,801,730,145,34,3,2991
POA2455,0,3,7,10,7,6,0,0,0,39,0,0,3,3,6,6,3,3,3,31,57,58,143,178,284,284,66,8,3,1080
POA2456,13,18,44,24,61,44,5,0,0,210,13,25,61,49,46,38,8,0,4,245,326,416,1147,1223,1348,1229,189,15,9,5901
POA2460,18,54,96,87,121,67,24,3,0,466,23,44,58,68,86,67,27,15,3,389,651,797,1608,2082,2508,2167,500,97,18,10424
POA2462,4,3,6,5,11,5,0,0,0,29,6,3,4,4,5,9,0,0,3,32,42,60,97,143,236,226,54,9,3,872
POA2463,4,13,7,28,24,21,7,0,0,96,4,4,13,19,26,27,6,11,0,104,174,179,299,521,669,611,138,27,3,2626
POA2464,7,9,18,20,27,26,0,0,0,106,4,3,13,18,15,16,16,0,0,84,128,112,339,425,537,535,133,12,7,2230
POA2465,0,0,0,0,0,0,0,0,0,4,0,0,3,0,0,0,0,3,0,7,4,12,22,19,29,20,11,3,0,119
POA2466,0,0,0,0,3,0,0,0,0,4,0,0,0,3,6,8,4,3,0,29,20,18,44,62,105,106,28,4,0,389
POA2469,0,3,3,10,7,10,0,0,0,26,0,4,11,9,14,10,0,3,0,45,62,67,118,198,321,371,111,29,6,1282
POA2470,18,29,38,34,40,29,12,0,0,205,15,15,32,49,50,44,22,11,0,232,413,487,890,1097,1251,1060,258,56,8,5520
POA2471,3,0,7,3,4,6,5,0,0,27,0,4,0,9,4,6,8,0,0,29,60,58,114,220,227,203,71,4,0,966
POA2472,0,5,9,6,3,10,0,0,0,27,8,0,0,6,9,0,4,0,0,39,46,51,105,148,177,145,48,11,0,732
POA2473,7,3,4,3,12,3,3,0,0,33,0,0,8,7,8,11,5,0,0,39,78,74,162,196,252,257,59,5,0,1101
POA2474,0,11,8,17,19,17,0,0,0,76,10,11,19,11,23,21,10,8,3,117,131,142,287,368,578,607,151,33,6,2297
POA2475,0,0,0,0,0,0,0,0,0,3,0,0,0,3,0,0,0,0,0,6,0,4,6,25,20,29,13,7,0,106
POA2476,0,0,0,0,3,0,0,0,0,6,0,0,0,3,6,4,0,0,0,14,6,20,21,49,74,80,49,11,4,314
POA2477,13,26,34,40,45,38,8,0,0,196,17,6,18,41,38,40,23,3,4,197,347,275,675,1020,1295,1142,306,52,11,5127
POA2478,17,37,62,92,90,83,21,0,0,406,15,24,68,107,90,82,29,12,7,437,683,785,1825,2454,2842,2432,633,56,16,11732
POA2479,4,4,6,17,19,9,0,0,0,57,9,4,22,24,24,19,10,5,3,115,117,88,307,482,587,479,121,32,11,2226
POA2480,26,70,143,129,192,125,53,4,0,738,31,49,122,127,157,145,41,18,0,685,1131,1468,2935,3684,4513,3884,976,131,20,18740
POA2481,0,8,43,33,42,27,6,0,0,162,14,30,95,89,70,58,23,3,3,376,202,332,1203,1149,1135,1004,253,27,6,5300
POA2482,7,8,11,24,33,4,0,0,0,89,8,7,26,31,37,25,11,4,0,146,110,115,294,523,666,530,136,14,0,2384
POA2483,3,10,28,45,44,38,13,0,0,181,18,20,32,46,64,47,14,5,3,249,205,261,613,988,1175,1004,215,30,5,4487
POA2484,10,26,62,58,90,42,11,0,0,305,29,22,61,65,90,85,24,10,0,388,385,469,1018,1447,1891,1604,394,64,9,7297
POA2485,0,18,42,39,34,22,18,0,0,184,14,33,46,33,37,57,15,4,5,244,256,447,1018,922,1089,1023,258,16,4,5042
POA2486,22,43,101,108,113,90,24,3,4,505,34,47,108,92,116,82,24,15,3,525,883,1057,1969,2515,2874,2412,565,76,9,12357
POA2487,10,11,31,46,46,17,7,0,0,170,17,14,42,67,51,38,16,0,0,252,335,362,925,1347,1344,1043,227,27,7,5619
POA2488,0,3,9,11,8,3,0,0,0,41,4,4,14,25,15,9,3,0,0,68,91,98,226,348,402,307,30,0,0,1503
POA2489,3,14,15,25,25,17,3,0,0,94,8,3,24,32,19,24,11,3,0,116,160,167,477,813,621,477,97,13,0,2819
POA2490,0,0,3,0,4,0,0,0,0,8,0,0,0,4,3,4,3,0,0,16,23,16,56,57,73,79,14,3,0,323
POA2500,17,93,171,122,103,67,22,4,0,602,32,81,167,104,94,61,26,11,0,579,829,2936,4838,3337,3095,2097,498,64,4,17708
POA2502,7,16,67,46,25,24,4,0,0,191,11,34,56,43,41,30,4,4,0,227,170,442,984,876,892,529,79,7,0,3973
POA2505,4,6,16,20,29,16,0,0,0,95,4,3,19,17,25,16,0,0,0,81,85,195,398,403,418,295,33,0,0,1822
POA2506,10,17,37,29,28,23,6,0,0,148,7,17,46,31,30,21,3,3,0,153,166,300,652,546,621,498,51,11,0,2843
POA2508,16,29,32,44,41,30,8,0,0,205,16,18,30,38,45,21,5,4,0,178,303,442,779,1152,1185,740,121,14,0,4734
POA2515,3,21,22,32,39,25,3,0,0,144,8,23,25,51,43,15,4,3,0,176,265,383,820,1314,1379,1023,205,15,0,5404
POA2516,4,4,24,21,22,14,3,0,0,98,5,12,10,20,20,13,0,0,0,90,184,226,465,752,771,457,67,9,0,2935
POA2517,16,28,54,56,45,26,8,0,0,231,8,13,45,32,36,32,5,9,0,182,333,520,1182,1511,1488,942,142,17,3,6139
POA2518,21,60,73,65,81,39,5,5,0,349,14,32,56,61,76,43,8,7,4,300,449,836,1717,1868,1847,1223,178,29,6,8144
POA2519,16,34,68,68,67,28,13,0,0,290,9,34,44,52,59,34,15,0,3,251,437,788,1482,1633,1601,1086,244,27,3,7298
POA2522,3,0,0,0,0,0,0,0,0,3,0,0,0,0,0,0,0,0,0,3,40,33,12,3,0,0,0,0,0,89
POA2525,12,21,43,37,57,32,3,0,0,207,11,9,22,42,35,28,7,0,0,154,340,427,1027,1276,1186,758,158,18,0,5192
POA2526,26,39,51,63,69,49,17,0,0,308,21,38,49,53,64,31,9,3,0,267,470,730,1344,1526,1750,1144,175,16,0,7151
POA2527,30,56,122,92,91,67,12,0,0,470,26,45,75,79,82,70,15,6,0,388,692,1038,2082,2184,2211,1419,215,21,3,9858
POA2528,28,42,88,75,59,53,13,0,0,355,23,52,71,76,94,63,18,8,3,407,523,955,1775,1708,1972,1399,232,23,4,8585
POA2529,29,59,128,140,97,58,13,0,0,521,32,48,78,93,106,63,10,4,3,433,805,1174,2338,2880,2871,1770,264,25,5,12129
POA2530,32,84,167,140,123,63,12,0,0,626,37,65,107,114,142,76,15,4,4,565,894,1335,2918,3334,3082,1962,323,32,11,13892
POA2533,16,17,32,47,66,31,9,0,0,219,9,22,29,37,62,51,16,0,0,235,408,597,1083,1360,1693,1430,290,43,5,6906
POA2534,4,3,9,11,25,15,3,0,0,68,6,3,7,7,23,17,6,0,0,64,150,201,390,534,566,547,122,16,0,2523
POA2535,0,9,18,22,16,23,5,0,0,93,4,6,13,7,26,22,3,3,0,95,134,195,418,548,590,690,208,24,3,2809
POA2536,13,23,50,62,71,55,10,0,0,282,10,25,47,45,54,51,17,5,3,251,417,418,891,1160,1460,1353,346,41,6,6099
POA2537,10,8,23,33,34,31,8,0,0,148,18,17,24,31,38,47,13,4,0,185,285,267,575,801,1114,1075,217,29,4,4362
POA2538,3,0,6,7,8,9,3,0,0,36,5,0,4,3,13,9,4,0,0,38,57,39,105,149,238,217,73,9,0,877
POA2539,5,13,44,58,61,42,7,4,0,231,16,23,40,46,52,56,20,5,5,259,396,393,952,1266,1556,1420,322,42,9,6357
POA2540,34,69,127,116,141,97,29,0,0,624,41,56,99,121,137,130,50,20,5,653,1079,1409,2713,3295,4044,3189,671,76,18,16492
POA2541,17,42,95,84,65,54,16,3,0,372,26,32,67,69,72,53,20,5,0,344,582,944,2059,1783,1879,1601,348,42,5,9240
POA2545,3,4,0,3,3,4,0,0,0,20,0,0,3,3,0,5,0,0,0,12,33,17,50,65,124,119,26,0,0,428
POA2546,0,9,13,31,14,37,10,0,0,113,7,10,7,10,29,27,9,0,0,102,125,149,351,472,693,856,222,27,4,2900
POA2548,5,12,18,10,27,19,6,0,0,97,7,5,13,11,9,24,5,0,0,83,177,228,419,506,707,687,193,22,4,2948
POA2549,8,5,5,7,19,14,0,0,0,70,0,3,6,5,15,16,3,0,0,58,95,76,183,298,447,371,76,6,0,1558
POA2550,13,12,34,41,45,47,9,0,0,206,18,18,15,43,42,50,24,3,4,217,424,398,866,1135,1708,1608,395,66,10,6609
POA2551,8,10,10,6,5,19,0,0,0,58,0,6,3,13,26,11,6,0,0,76,69,72,179,227,299,298,92,17,3,1259
POA2555,0,0,0,0,3,0,0,0,0,4,0,0,0,0,0,0,0,0,0,4,0,7,21,23,13,21,3,0,0,81
POA2556,7,12,16,14,16,8,7,0,0,72,3,12,18,17,15,20,3,0,0,87,87,138,206,209,280,204,66,0,0,1197
POA2557,11,23,61,41,38,17,8,0,0,199,5,25,70,37,53,35,22,0,0,248,208,431,1372,1012,729,487,156,14,3,4408
POA2558,14,23,52,39,56,39,11,0,0,233,18,33,84,62,65,65,8,0,0,337,394,655,1269,1116,1161,992,140,3,3,5732
POA2559,3,0,5,4,6,4,0,0,0,25,5,17,10,13,17,3,3,0,0,64,59,107,118,109,132,60,9,0,0,602
POA2560,64,182,291,232,214,166,57,6,0,1214,105,219,464,395,350,260,65,4,3,1874,1807,3738,7987,7087,6515,5072,1099,63,9,33378
POA2563,0,0,0,0,0,0,0,0,0,9,0,0,0,0,0,0,0,0,0,4,8,12,31,24,22,20,3,0,0,126
POA2564,8,25,31,38,24,23,3,0,0,158,14,53,90,78,88,39,12,0,0,377,212,548,1119,1228,1135,749,160,7,0,5165
POA2565,14,22,73,61,55,62,14,0,0,296,23,53,115,109,116,93,22,3,0,527,420,912,2193,1920,1855,1442,279,31,3,9049
POA2566,18,62,107,82,72,74,10,3,0,426,42,81,188,144,141,101,19,3,0,712,639,1310,2860,2561,2529,2002,285,18,0,12208
POA2567,60,92,187,184,168,78,14,0,0,787,65,110,180,228,218,100,28,3,0,931,1516,1955,4069,5264,4569,2354,424,17,3,20174
POA2568,0,5,3,10,3,3,0,0,0,21,0,7,3,3,4,0,0,0,0,19,41,60,87,79,134,82,23,0,0,514
POA2569,3,0,6,8,5,4,0,0,0,33,3,0,8,3,0,6,3,0,0,25,47,47,106,128,167,148,19,9,0,668
POA2570,58,91,206,183,163,122,24,0,0,845,61,93,212,231,187,135,57,11,5,991,1169,1883,4933,4800,3916,2861,694,73,19,20355
POA2571,18,32,58,47,42,21,7,0,0,227,22,22,55,58,77,50,16,3,0,292,404,563,1230,1411,1440,922,187,14,3,6175
POA2572,9,8,20,17,25,5,0,0,0,88,7,11,16,14,21,11,4,0,0,77,151,176,373,411,476,356,62,6,0,2008
POA2573,4,11,25,3,23,10,0,0,0,78,4,15,19,21,17,12,7,3,0,104,124,250,472,472,474,342,58,11,0,2206
POA2574,8,11,26,31,26,21,8,0,0,138,8,13,42,31,31,27,5,3,0,155,193,233,467,635,629,437,96,9,5,2718
POA2575,18,39,52,64,79,55,14,3,0,326,17,22,40,81,84,54,23,8,0,328,462,566,1247,1391,1652,1293,407,58,4,7084
POA2576,14,16,26,38,44,29,21,6,0,189,9,17,26,40,49,52,32,8,3,225,318,305,557,958,1326,1118,512,101,9,5209
POA2577,18,25,66,48,55,45,19,0,0,277,20,27,33,47,80,68,39,14,3,335,454,473,1083,1277,1625,1362,514,82,15,6884
POA2578,0,0,11,7,7,7,0,0,0,34,3,3,6,7,8,3,8,0,0,42,77,47,94,158,283,236,104,10,4,1012
POA2579,5,13,11,22,11,8,6,0,0,78,0,9,15,17,17,9,8,0,0,72,100,120,254,347,434,340,138,26,5,1757
POA2580,29,68,118,99,85,70,30,3,0,505,32,48,90,78,105,91,23,9,0,471,796,1075,2397,2501,2910,2250,637,99,16,12686
POA2581,3,0,5,4,12,10,4,0,0,33,0,4,3,5,7,6,6,3,0,29,40,56,172,212,277,190,91,22,4,1068
POA2582,16,25,41,45,48,26,14,4,0,215,15,22,29,55,59,28,17,6,0,237,363,436,918,1424,1556,1062,333,62,16,6172
POA2583,6,7,17,6,12,11,3,3,0,67,6,3,11,3,14,17,7,4,0,73,110,123,256,288,469,440,180,52,10,1919
POA2584,0,0,3,3,3,0,0,0,0,13,0,0,0,0,3,0,0,0,0,5,7,10,39,48,54,51,25,4,0,241
POA2585,0,0,0,0,3,0,0,0,0,3,0,0,0,0,0,0,0,0,0,8,4,6,13,19,19,23,12,0,0,87
POA2586,0,3,10,3,5,3,3,0,0,31,0,3,4,10,8,4,4,3,0,43,53,87,146,192,278,252,96,20,3,1129
POA2587,3,0,5,10,6,9,3,0,0,37,3,4,3,3,7,7,3,0,0,44,53,59,171,208,274,244,104,23,3,1144
POA2588,0,0,0,0,0,0,3,0,0,3,0,0,0,0,0,3,3,0,0,8,0,3,7,19,36,29,12,4,0,117
POA2590,10,18,10,17,23,21,9,0,0,105,3,7,10,9,17,19,7,3,0,81,127,204,407,520,634,561,149,41,0,2640
POA2594,13,33,36,38,42,38,6,3,0,216,18,22,32,42,53,51,14,13,0,236,316,412,812,983,1081,825,271,53,3,4755
POA2619,12,22,28,48,46,21,4,0,0,181,10,16,28,25,36,22,3,3,0,146,431,439,799,1320,1697,675,96,6,3,5469
POA2620,39,92,190,144,136,105,24,0,0,730,42,97,158,160,187,121,30,6,0,799,1057,1862,4667,4312,4604,2993,643,77,4,20214
POA2621,13,12,29,34,20,11,4,0,0,132,15,10,22,27,36,13,11,0,0,132,183,188,494,761,921,528,148,13,3,3230
POA2622,5,0,5,16,18,13,4,0,0,63,6,8,10,18,20,23,4,3,0,91,66,76,206,312,409,405,157,34,6,1679
POA2623,0,3,0,0,3,3,0,0,0,17,0,0,0,0,0,0,0,0,0,5,10,17,63,76,74,35,11,0,0,285
POA2625,0,0,0,0,0,0,0,0,0,3,0,0,0,0,0,0,0,0,0,6,0,20,54,51,45,33,8,0,0,209
POA2626,0,0,0,0,4,3,0,0,0,7,3,0,0,0,0,5,0,0,0,10,20,6,32,59,70,56,15,0,0,256
POA2627,0,10,19,21,15,5,0,0,0,79,5,11,16,22,17,14,3,0,0,92,144,291,580,597,597,383,116,6,3,2720
POA2628,3,5,5,4,4,3,0,0,0,34,3,5,3,6,0,10,0,0,0,33,38,60,128,185,258,215,60,15,3,962
POA2629,0,0,0,0,0,0,0,0,0,3,0,0,0,0,3,4,0,0,0,11,7,10,25,28,55,49,28,8,0,210
POA2630,5,15,32,19,33,26,7,0,0,144,10,11,18,22,20,20,9,9,0,129,257,298,622,692,940,756,252,51,3,3863
POA2631,0,0,0,0,0,0,0,0,0,0,0,0,0,0,3,4,0,0,0,12,10,10,26,27,66,62,24,13,0,248
POA2632,5,0,3,7,8,3,0,0,0,28,0,6,8,3,7,7,0,0,3,32,50,56,135,143,181,173,74,4,4,828
POA2633,0,0,0,0,0,0,0,0,0,3,0,0,0,0,0,0,0,0,0,5,5,7,29,20,31,51,21,3,0,163
POA2640,23,71,163,136,137,91,24,6,0,654,39,76,93,97,132,93,44,12,0,585,1156,1685,3496,3477,3634,2767,687,68,9,16983
POA2641,19,40,75,48,41,54,8,3,0,289,12,30,54,43,56,39,20,8,0,265,381,629,1343,1163,1231,1118,230,20,3,6118
POA2642,10,0,17,21,25,18,4,0,0,96,8,8,10,14,23,17,5,4,0,79,127,140,322,439,556,514,131,47,6,2283
POA2643,3,3,9,17,8,8,3,0,0,51,5,8,5,9,8,18,0,0,0,54,74,89,150,242,229,223,53,4,6,1069
POA2644,5,3,9,3,7,5,0,0,0,31,3,0,7,6,12,9,4,0,0,44,66,50,150,153,290,231,71,12,6,1042
POA2645,3,0,0,0,0,0,0,0,0,3,0,0,0,3,3,4,0,0,0,5,3,9,11,23,41,37,7,3,0,139
POA2646,3,13,25,22,21,15,6,3,0,107,8,7,18,24,17,31,10,3,0,122,178,236,428,480,673,611,176,24,4,2813
POA2647,0,3,0,8,7,4,3,0,0,29,7,0,3,3,12,6,5,0,0,35,48,52,140,170,196,173,70,9,0,863
POA2648,0,4,4,3,5,9,0,0,0,25,4,6,5,3,12,16,11,3,0,55,46,72,142,140,223,219,74,12,0,926
POA2649,0,0,0,0,0,0,0,0,0,0,0,0,0,0,0,0,0,0,0,0,0,0,3,0,0,3,0,0,0,8
POA2650,45,135,239,215,214,163,47,3,0,1068,56,102,209,158,179,137,47,15,0,911,1749,2932,5947,5459,5438,4304,1017,159,22,27026
POA2651,4,3,14,9,4,0,0,0,0,42,5,0,13,14,18,0,0,0,0,53,115,191,336,252,189,118,14,5,0,1217
POA2652,9,10,18,4,19,6,7,0,0,79,8,10,19,11,21,18,5,3,4,92,104,169,344,384,545,434,174,42,10,2205
POA2653,3,3,5,3,5,3,5,0,0,29,3,3,4,3,12,13,5,3,0,43,55,68,152,191,221,238,96,16,3,1042
POA2655,0,0,3,10,9,0,0,0,0,21,0,0,4,3,10,8,0,0,0,20,23,30,85,114,143,124,37,8,0,560
POA2656,0,0,0,0,0,0,0,0,0,9,0,0,0,5,6,0,0,0,0,15,26,39,72,91,122,118,62,10,3,533
POA2658,4,3,3,4,5,3,0,0,0,23,0,0,0,0,4,4,3,3,0,20,22,36,59,84,135,108,53,11,0,513
POA2659,0,0,7,0,3,3,0,0,0,13,0,0,0,0,0,3,3,4,0,14,31,14,53,77,86,85,37,8,0,386
POA2660,4,3,5,0,4,7,0,0,0,23,0,0,3,4,0,6,4,0,0,16,39,55,107,113,157,124,50,11,0,656
POA2661,0,0,0,0,0,0,0,0,0,0,0,3,0,0,0,0,0,0,0,6,122,128,135,45,11,0,0,0,0,441
POA2663,3,5,16,13,13,6,3,0,0,51,3,5,13,7,13,8,4,0,3,62,104,166,367,321,377,329,82,10,6,1755
POA2665,0,0,3,3,4,0,0,0,0,18,0,3,8,3,13,12,7,4,0,49,30,39,109,177,226,182,96,19,5,887
POA2666,15,14,27,20,13,16,6,0,0,103,3,3,14,14,28,18,6,5,0,90,149,167,387,414,573,489,148,29,6,2368
POA2668,0,0,0,0,0,0,0,0,0,3,0,0,0,0,0,0,0,0,0,4,7,10,26,29,33,25,8,0,0,133
POA2669,0,3,3,0,3,3,0,0,0,11,0,4,7,3,3,3,3,3,3,31,29,51,76,139,187,171,69,34,13,764
POA2671,16,14,20,19,7,11,0,0,0,90,7,10,8,10,12,13,9,5,3,74,97,147,339,340,350,356,116,29,5,1770
POA2672,0,3,3,0,3,0,0,0,0,12,0,5,3,4,3,3,5,0,0,30,27,55,112,111,100,90,36,7,0,549
POA2675,0,0,3,3,3,0,0,0,0,14,0,0,5,13,12,3,3,0,0,37,47,65,168,154,156,140,31,10,7,763
POA2678,0,4,0,0,0,0,0,0,0,4,0,0,0,0,0,0,0,0,0,0,28,89,10,0,0,0,0,0,0,131
POA2680,38,74,107,89,73,59,17,3,3,456,45,59,98,83,92,70,33,9,0,490,751,988,2419,2090,2312,1746,508,78,14,10904
POA2681,0,3,3,4,7,0,0,0,0,22,4,4,6,3,8,8,0,0,0,31,52,55,133,181,210,155,47,5,0,839
POA2700,0,7,12,13,7,19,3,3,0,64,6,9,5,12,13,22,3,3,0,89,86,162,314,365,431,418,113,28,3,1922
POA2701,0,0,3,9,0,5,3,0,0,25,3,3,3,9,9,7,0,3,0,37,55,92,133,205,223,185,69,14,0,992
POA2702,0,0,0,0,6,3,0,0,0,10,0,0,0,4,4,3,3,3,0,12,6,16,40,40,83,53,18,9,0,261
POA2703,0,3,0,0,0,0,0,0,0,5,5,0,0,3,0,3,0,0,0,12,35,17,39,56,58,59,7,0,0,283
POA2705,5,20,34,25,25,20,8,3,0,148,16,15,43,28,39,37,12,3,0,198,259,377,798,843,1051,831,201,43,3,4411
POA2706,3,3,3,0,7,0,0,0,0,13,0,0,10,3,3,3,0,0,0,27,16,38,93,106,122,95,20,3,0,485
POA2707,3,0,9,3,6,3,3,0,0,22,4,3,0,0,9,4,0,0,0,25,30,46,117,128,155,126,48,10,3,659
POA2710,5,9,27,35,29,31,11,0,0,148,16,17,18,28,31,27,16,4,0,158,242,350,706,820,943,916,282,50,9,4319
POA2711,6,4,5,6,14,6,0,0,0,37,10,11,11,18,11,17,0,0,0,88,88,128,237,237,368,328,101,29,0,1518
POA2712,3,3,0,3,3,3,3,0,0,20,4,3,3,5,4,7,3,0,0,34,27,39,79,82,119,120,50,15,0,530
POA2713,0,11,3,19,12,10,4,3,0,57,0,10,4,7,11,6,5,3,0,41,60,77,172,209,226,285,100,17,3,1156
POA2714,0,7,7,8,8,3,0,0,0,41,6,3,7,3,9,14,3,0,0,43,48,63,139,183,192,242,85,16,0,972
POA2715,0,0,3,0,4,3,0,0,0,17,4,3,3,4,10,3,8,0,0,32,23,43,95,121,161,150,35,8,3,634
POA2716,0,0,4,3,9,0,0,0,0,15,3,0,0,0,3,7,4,0,0,16,24,24,89,72,96,126,31,8,0,469
POA2717,3,3,4,3,4,0,0,0,0,13,0,3,0,3,3,6,0,0,0,24,34,24,40,75,104,106,32,7,0,420
POA2720,6,11,20,23,22,17,4,0,0,101,11,9,23,36,31,25,7,7,0,152,170,254,571,653,779,653,173,29,3,3290
POA2721,0,0,0,0,0,0,0,0,0,0,0,0,0,0,0,0,0,0,0,0,3,6,14,14,28,24,6,5,0,97
POA2722,0,5,5,6,9,4,3,0,0,39,12,9,17,20,12,16,12,3,0,86,118,113,221,253,300,259,100,14,3,1381
POA2725,0,0,0,0,0,0,0,0,0,0,0,0,0,0,0,4,0,0,0,5,4,7,19,19,35,29,8,0,3,131
POA2726,0,0,0,0,0,0,0,0,0,3,0,0,0,0,0,0,0,0,0,7,8,9,17,25,22,29,11,3,0,116
POA2727,0,0,0,0,0,0,0,0,0,0,0,0,3,0,0,4,0,0,0,9,8,16,28,26,41,37,9,5,0,177
POA2729,0,0,3,4,3,0,7,0,0,16,3,3,8,6,12,4,6,0,0,53,43,38,99,173,171,138,52,19,3,741
POA2730,4,0,7,0,0,4,0,0,0,22,0,9,4,3,5,12,6,0,0,47,23,39,113,91,125,141,43,6,0,582
POA2731,5,4,26,15,20,18,8,3,0,86,5,8,19,18,30,19,7,0,0,106,167,174,538,530,642,485,164,25,6,2727
POA2732,3,0,3,0,5,9,3,0,0,16,3,3,3,3,6,8,7,3,0,38,37,48,87,101,177,205,67,12,3,730
POA2733,0,0,0,0,3,0,0,0,0,3,0,0,0,3,3,4,0,0,0,11,12,13,47,44,53,73,11,3,0,248
POA2734,0,0,0,0,0,3,0,0,0,0,0,0,0,0,0,3,0,0,0,3,9,14,11,41,55,63,15,3,0,223
POA2735,0,0,0,0,0,0,0,0,0,4,0,0,0,0,0,3,0,0,0,4,10,14,31,27,41,54,12,3,0,192
POA2736,0,0,0,0,0,0,0,0,0,4,0,0,0,0,0,0,0,0,0,3,8,13,25,27,38,32,12,5,3,161
POA2737,0,0,4,0,0,0,0,0,0,5,4,8,4,8,5,3,0,0,0,25,16,41,57,77,73,81,16,0,0,350
POA2738,0,3,7,3,7,4,3,0,0,32,0,8,3,11,5,3,3,0,0,31,53,48,125,205,184,137,38,11,3,806
POA2739,3,5,9,3,0,7,3,0,0,27,0,3,3,4,7,8,3,3,0,32,32,51,116,121,145,120,30,4,0,616
POA2745,44,75,156,171,136,80,20,0,0,670,40,82,155,174,144,91,22,5,0,720,1149,1540,3420,3760,3420,2115,448,43,3,15890
POA2747,39,105,243,157,117,88,24,3,0,784,62,136,295,255,201,127,31,6,0,1123,1140,2178,5671,4750,3553,2648,517,40,5,20500
POA2748,3,10,5,10,26,6,0,0,0,61,0,8,18,3,18,5,3,0,0,52,93,123,145,147,280,147,47,6,0,999
POA2749,28,40,86,79,53,45,5,0,0,339,35,61,102,77,99,68,12,0,0,457,578,951,2082,1794,1758,1242,179,16,0,8599
POA2750,41,76,217,156,140,102,35,0,0,768,58,109,251,257,187,131,43,4,3,1040,1189,2016,4982,4867,4016,3004,778,52,7,20903
POA2752,10,12,33,39,36,13,0,0,0,138,8,14,17,21,30,26,4,0,0,121,171,292,457,553,612,405,75,9,0,2574
POA2753,23,57,68,67,76,51,17,4,0,365,29,46,74,84,101,68,15,7,0,426,568,936,1583,1670,1877,1267,332,38,4,8272
POA2754,5,9,24,30,30,10,10,0,0,126,6,10,28,40,25,22,8,3,0,139,181,278,521,529,588,420,135,15,0,2667
POA2755,0,0,0,0,0,0,0,0,0,0,0,0,0,0,0,0,0,0,0,0,15,43,38,22,19,3,0,0,0,138
POA2756,55,117,207,185,167,115,34,3,0,884,76,101,210,175,221,124,41,11,3,967,1124,1840,3694,3523,3949,2579,597,78,3,17385
POA2757,0,3,0,0,3,4,3,0,0,15,0,0,0,3,8,3,3,0,0,21,32,46,52,72,114,75,30,3,0,418
POA2758,16,29,31,51,38,35,4,0,0,204,13,21,33,55,71,27,22,4,0,239,273,388,574,911,1211,846,236,26,3,4469
POA2759,30,80,140,99,118,99,14,0,0,583,43,82,162,122,142,123,21,0,0,678,901,1553,3014,2727,2936,2422,340,13,3,13912
POA2760,24,67,126,107,87,48,10,0,0,475,55,126,244,211,196,102,23,6,0,966,663,1658,4048,3295,2536,1713,306,26,4,14243
POA2761,31,67,101,105,115,65,12,0,0,503,42,86,176,207,167,94,24,0,0,804,837,1612,3349,3465,3328,1901,245,10,3,14748
POA2762,10,9,44,22,24,14,3,0,0,121,3,11,32,31,31,10,3,0,0,126,139,229,753,665,463,240,54,3,0,2539
POA2763,29,54,141,142,131,71,13,0,0,591,33,56,164,177,148,86,20,5,0,697,835,1471,3770,4151,3233,1973,367,15,3,15823
POA2765,30,46,64,69,78,46,10,0,0,348,25,54,98,95,90,66,19,0,0,446,479,718,1508,1578,1531,1065,282,35,0,7195
POA2766,6,35,37,45,44,37,17,0,0,216,17,42,107,84,67,69,9,3,0,396,318,752,1666,1643,1401,1016,174,9,0,6977
POA2767,20,39,73,72,60,44,7,4,0,327,15,82,134,128,114,84,22,0,0,578,450,1084,2495,2392,2080,1467,262,12,0,10249
POA2768,22,33,100,128,127,64,13,0,0,500,23,53,131,212,152,77,22,4,0,660,767,1219,2716,4251,3338,1684,312,13,4,14302
POA2769,9,10,56,58,24,13,0,0,0,172,4,16,72,83,41,17,0,0,0,237,187,365,1678,2215,959,424,77,0,0,5918
POA2770,39,95,178,133,127,113,23,3,0,710,123,267,416,379,366,184,41,5,0,1783,1233,2518,4973,4445,4304,2721,503,25,8,20728
POA2773,3,5,17,25,23,16,5,0,0,97,3,8,14,16,29,22,3,5,0,106,206,257,389,681,745,577,156,18,0,3026
POA2774,10,20,26,40,43,42,12,0,0,204,12,22,39,47,41,40,16,3,0,223,392,506,1139,1472,1478,1207,295,18,0,6503
POA2775,0,5,0,9,8,3,0,0,0,28,0,3,0,7,6,0,3,0,0,27,28,31,58,116,177,134,60,10,0,610
POA2776,3,10,11,7,14,11,3,0,0,70,3,0,15,11,16,10,3,0,0,66,106,164,348,427,488,405,75,9,0,2022
POA2777,23,33,50,76,83,54,12,3,0,331,19,25,39,53,55,46,12,3,0,251,545,686,1259,1917,2063,1645,376,33,0,8528
POA2778,0,0,3,5,9,8,0,0,0,28,3,6,6,14,12,11,0,0,0,44,66,79,145,244,342,280,46,4,0,1202
POA2779,3,9,14,22,14,18,3,0,0,82,3,3,15,10,25,7,4,0,0,68,98,192,375,571,560,438,103,11,3,2345
POA2780,7,13,21,35,36,40,11,0,0,163,8,19,47,36,54,35,26,3,3,231,250,400,809,1096,1329,1231,391,42,7,5552
POA2782,0,3,9,17,27,10,4,0,0,74,3,12,7,15,22,17,5,3,0,88,111,126,342,451,655,607,202,17,3,2508
POA2783,3,10,11,7,11,13,3,0,0,50,4,7,6,5,14,8,0,0,0,43,72,94,178,230,324,280,57,4,0,1235
POA2784,0,0,0,3,9,3,3,0,0,18,0,0,3,5,6,3,0,0,0,25,26,33,84,134,165,107,27,0,0,574
POA2785,4,3,11,16,19,14,3,0,0,66,3,12,13,9,13,16,9,0,0,73,54,104,259,361,494,471,145,18,4,1903
POA2786,0,3,0,3,4,3,0,0,0,10,0,0,4,3,3,3,0,0,0,10,29,24,75,101,120,98,30,7,3,486
POA2787,3,3,9,8,7,7,3,0,0,49,8,11,20,27,28,23,10,4,0,123,103,130,279,321,425,380,162,24,3,1835
POA2790,16,31,52,50,52,27,13,0,0,240,14,31,43,37,47,47,23,11,4,250,344,501,1057,1089,1406,1149,274,46,13,5877
POA2791,0,0,0,0,0,0,0,0,0,3,0,0,0,0,3,0,3,0,0,6,3,8,21,18,43,34,8,3,0,136
POA2792,0,0,0,0,4,0,0,0,0,7,0,0,3,3,0,0,0,0,0,7,6,3,16,34,37,36,18,9,0,165
POA2793,0,3,6,0,0,0,3,0,0,13,0,4,0,0,3,0,3,0,0,17,27,33,48,41,81,85,37,10,0,355
POA2794,11,20,26,38,38,28,8,3,0,173,14,16,31,25,19,34,11,5,0,147,273,376,620,745,907,759,238,61,10,3987
POA2795,37,86,150,170,125,89,32,4,0,699,55,60,127,129,127,107,51,12,3,672,1141,1914,3774,3763,4052,3131,837,142,22,18766
POA2797,0,0,4,4,0,0,0,0,0,11,0,0,0,0,3,0,0,0,0,10,4,14,31,36,40,41,18,7,3,192
POA2798,5,0,4,5,7,5,0,0,0,30,0,0,4,4,7,5,0,3,0,33,47,40,131,240,253,187,74,14,3,991
POA2799,9,9,17,15,19,16,0,0,0,91,5,6,8,18,11,20,8,8,0,85,117,162,315,323,419,338,91,24,4,1787
POA2800,62,88,221,152,154,102,35,3,0,819,52,56,95,123,149,103,45,20,0,653,1228,1706,4308,4366,4324,3199,897,137,18,20185
POA2803,0,0,0,0,0,0,0,0,0,0,0,0,0,0,3,3,0,0,0,5,6,7,10,14,33,40,8,3,0,122
POA2804,6,0,7,9,5,3,0,0,0,26,3,4,3,7,10,11,3,0,0,34,50,58,159,198,281,228,84,24,0,1086
POA2805,0,0,0,0,0,0,0,0,0,0,0,0,0,0,0,0,0,0,0,4,9,3,23,32,39,33,18,0,0,154
POA2806,3,0,0,0,3,0,0,0,0,11,0,3,3,3,10,4,0,0,0,20,16,27,46,55,89,72,22,8,0,336
POA2807,0,0,0,0,0,0,0,0,0,0,0,0,0,0,3,0,0,0,0,4,7,12,15,28,38,33,9,3,0,135
POA2808,0,0,0,0,0,0,0,0,0,0,0,0,0,0,0,0,0,0,0,0,0,3,4,13,13,17,8,0,0,64
POA2809,0,0,0,0,0,0,0,0,0,3,0,0,0,3,0,0,0,0,0,9,0,3,5,13,15,31,8,0,0,81
POA2810,0,3,7,12,7,3,3,0,0,45,3,5,5,4,16,9,11,7,0,54,59,65,172,254,264,268,139,22,3,1256
POA2817,0,0,0,0,0,0,0,0,0,0,0,0,0,0,0,6,3,0,0,12,9,13,23,23,32,41,24,4,0,163
POA2818,0,3,0,7,0,4,0,0,0,12,0,0,3,3,0,3,4,0,0,13,19,37,56,74,108,86,32,8,0,419
POA2820,5,12,14,7,13,12,8,0,0,79,3,11,15,12,13,26,8,5,4,93,126,173,363,353,526,479,176,43,13,2243
POA2821,7,14,25,17,16,7,4,0,0,88,7,6,14,9,18,14,13,8,3,82,91,144,342,371,403,398,131,25,9,1921
POA2822,0,0,0,0,0,0,0,0,0,8,0,0,0,4,0,3,0,0,0,11,6,16,25,25,49,50,14,7,4,193
POA2823,3,3,4,3,4,7,0,0,0,19,0,0,5,3,3,3,3,0,0,20,12,39,96,109,144,110,53,9,6,581
POA2824,0,0,3,3,7,12,3,3,0,30,0,0,3,3,9,8,5,4,0,30,19,56,164,161,190,188,63,19,3,872
POA2825,3,4,8,7,7,0,3,4,0,35,5,3,6,7,5,3,7,0,0,39,53,96,191,178,249,158,66,21,5,1028
POA2826,0,0,0,0,0,0,0,0,0,4,0,0,0,0,0,0,0,0,0,0,0,3,18,17,24,28,9,10,3,100
POA2827,0,3,7,13,18,14,3,0,0,56,3,11,10,12,6,3,4,0,0,48,70,113,251,247,339,313,113,25,7,1474
POA2828,0,0,3,0,0,0,0,0,0,7,0,0,3,0,0,0,0,0,0,12,7,15,40,49,78,58,29,13,0,289
POA2829,3,7,9,6,9,12,3,0,0,37,0,7,7,17,6,11,8,3,0,58,46,88,213,191,270,241,84,14,5,1153
POA2830,42,106,210,152,164,130,50,10,3,861,57,65,138,105,133,86,37,21,0,651,1202,1738,4174,3752,3933,3045,785,133,15,18785
POA2831,0,4,6,4,3,0,0,0,0,26,4,0,4,4,11,8,3,0,0,27,33,55,165,158,223,171,69,27,0,892
POA2832,0,3,3,4,3,6,0,0,0,22,3,4,12,6,8,11,0,0,0,42,23,75,203,163,176,187,68,11,0,903
POA2833,0,0,0,0,0,0,0,0,0,4,0,0,0,0,0,0,0,0,0,3,6,8,41,41,30,41,31,6,0,211
POA2834,0,0,0,4,0,0,0,0,0,16,0,3,3,9,9,11,8,0,0,39,20,42,101,120,169,132,56,7,0,649
POA2835,5,13,15,11,13,7,0,0,0,64,8,12,9,13,12,14,5,0,4,69,82,154,470,377,363,315,69,15,4,1852
POA2836,0,0,0,3,6,0,0,0,0,12,0,0,0,0,0,3,3,0,0,13,9,20,46,55,56,72,24,0,0,278
POA2838,0,0,0,0,0,0,0,0,0,3,0,0,0,0,3,0,0,0,0,3,0,3,19,16,10,14,5,0,0,78
POA2839,0,3,0,3,3,0,0,0,0,8,0,0,4,0,3,4,3,0,0,16,10,33,82,69,103,85,27,0,0,398
POA2840,5,4,5,7,6,4,4,0,0,33,3,3,12,4,13,6,7,0,0,54,28,79,242,188,237,176,79,13,3,1043
POA2842,0,0,0,0,0,0,0,0,0,5,0,0,3,0,0,0,0,0,0,5,3,10,32,44,50,54,24,9,5,243
POA2843,0,3,0,7,0,0,0,0,0,14,3,0,3,0,0,0,0,0,0,9,22,29,73,113,119,98,46,22,0,520
POA2844,0,0,3,5,3,3,0,0,0,13,0,0,0,4,3,6,3,0,3,20,13,34,52,84,112,95,58,15,4,466
POA2845,0,0,3,10,0,4,3,0,0,22,3,0,3,6,3,3,3,0,0,26,44,70,144,182,160,123,31,0,0,747
POA2846,0,0,4,0,0,0,0,0,0,4,0,0,0,0,3,0,0,0,0,0,3,8,7,21,24,21,4,0,0,90
POA2847,3,0,5,0,3,3,0,0,0,25,0,0,7,7,8,11,0,0,0,36,52,63,142,160,209,173,26,0,3,832
POA2848,0,0,3,0,5,3,3,0,0,19,0,3,0,5,4,6,3,0,0,28,21,32,47,74,113,86,19,6,0,399
POA2849,0,3,7,0,3,4,0,0,0,18,0,0,3,10,10,5,0,0,0,25,12,27,85,94,152,126,60,11,4,572
POA2850,14,56,59,92,74,55,8,0,0,356,21,14,28,35,50,23,19,7,0,199,422,547,1480,1536,1804,1246,363,79,15,7498
POA2852,3,9,15,10,12,12,6,0,0,65,3,4,7,3,9,3,5,3,0,30,64,98,216,274,298,259,107,20,0,1331
POA2864,0,3,6,5,3,3,0,0,0,18,0,0,0,6,3,6,0,3,0,20,18,16,52,74,98,70,33,10,0,370
POA2865,0,0,0,0,0,7,0,0,0,9,0,0,3,0,0,3,6,0,0,11,19,17,66,76,84,82,34,3,0,384
POA2866,3,3,11,13,3,4,3,0,0,45,3,3,10,12,10,6,4,4,3,45,94,85,201,293,276,230,97,18,3,1305
POA2867,0,0,3,0,0,3,0,0,0,3,0,3,3,3,0,3,0,0,0,11,8,7,35,50,46,54,39,12,0,257
POA2868,3,0,0,0,0,0,0,0,0,6,0,0,4,3,0,4,0,0,0,15,13,16,38,54,53,48,28,4,4,256
POA2869,0,5,0,0,3,0,0,0,0,16,0,5,0,0,3,5,3,0,0,21,18,39,55,84,120,132,53,12,3,512
POA2870,18,48,42,39,36,32,10,0,0,222,14,24,39,34,34,28,10,3,0,176,342,447,962,943,1105,830,213,41,3,4888
POA2871,9,14,35,32,21,16,12,3,0,147,15,30,27,24,40,24,14,12,5,187,234,326,712,712,844,701,212,66,15,3821
POA2873,0,0,0,0,0,3,0,0,0,0,0,0,3,4,3,4,0,0,0,10,4,8,37,45,46,42,26,9,0,222
POA2874,0,0,0,3,0,0,0,0,0,6,0,0,0,3,3,0,0,0,0,13,10,11,30,36,41,44,37,3,0,200
POA2875,0,0,0,0,6,0,3,0,0,13,3,0,0,0,5,4,3,0,0,13,13,28,46,64,95,101,32,9,5,395
POA2876,0,0,0,0,0,0,3,0,0,8,0,3,0,3,5,0,0,0,3,8,8,9,11,31,38,38,18,7,3,159
POA2877,0,3,11,6,10,19,5,0,0,55,6,4,22,17,17,14,5,5,0,95,47,142,325,266,314,315,95,37,6,1541
POA2878,0,0,0,0,0,0,0,0,0,0,0,0,0,0,0,0,0,0,0,3,4,14,24,19,40,37,20,6,0,160
POA2879,0,0,0,0,0,3,0,0,0,3,0,0,0,0,0,0,0,0,0,10,0,7,32,26,34,50,6,0,0,164
POA2880,15,32,72,49,54,61,16,7,0,301,7,37,45,37,49,59,10,6,8,264,389,632,1467,1324,1608,1446,314,39,15,7216
POA2898,0,0,0,0,3,0,0,0,0,6,0,0,3,3,3,3,0,0,0,11,7,11,35,50,48,42,13,6,0,225
