region_id,C06_CF_NCu15DS_1000_1399,C06_CF_NCu15DS_1400_1799,C06_CF_NCu15DS_1800_2399,C06_CF_NCu15DS_2400_2999,C06_CF_NCu15DS_3000_3999,C06_CF_NCu15DS_4000ov,C06_CF_NCu15DS_NS,C06_CF_NCu15DS_Tot,C06_CF_NDCO_0_299,C06_CF_NDCO_300_449,C06_CF_NDCO_450_599,C06_CF_NDCO_600_799,C06_CF_NDCO_800_999,C06_CF_NDCO_1000_1399,C06_CF_NDCO_1400_1799,C06_CF_NDCO_1800_2399,C06_CF_NDCO_2400_2999,C06_CF_NDCO_3000_3999,C06_CF_NDCO_4000ov,C06_CF_NDCO_NS,C06_CF_NDCO_Tot,C06_CF_T_0_299,C06_CF_T_300_449,C06_CF_T_450_599,C06_CF_T_600_799,C06_CF_T_800_999,C06_CF_T_1000_1399,C06_CF_T_1400_1799,C06_CF_T_1800_2399,C06_CF_T_2400_2999,C06_CF_T_3000_3999,C06_CF_T_4000ov,C06_CF_T_NS,C06_CF_T_Tot,C06_1PF_Cu15DS_0_299,C06_1PF_Cu15DS_300_449,C06_1PF_Cu15DS_450_599,C06_1PF_Cu15DS_600_799,C06_1PF_Cu15DS_800_999,C06_1PF_Cu15DS_1000_1399,C06_1PF_Cu15DS_1400_1799,C06_1PF_Cu15DS_1800_2399,C06_1PF_Cu15DS_2400_2999,C06_1PF_Cu15DS_3000_3999,C06_1PF_Cu15DS_4000ov,C06_1PF_Cu15DS_NS,C06_1PF_Cu15DS_Tot,C06_1PF_CU15_NDS_0_299,C06_1PF_CU15_NDS_300_449,C06_1PF_CU15_NDS_450_599,C06_1PF_CU15_NDS_600_799,C06_1PF_CU15_NDS_800_999,C06_1PF_CU15_NDS_1000_1399,C06_1PF_CU15_NDS_1400_1799,C06_1PF_CU15_NDS_1800_2399,C06_1PF_CU15_NDS_2400_2999,C06_1PF_CU15_NDS_3000_3999,C06_1PF_CU15_NDS_4000ov,C06_1PF_CU15_NDS_NS,C06_1PF_CU15_NDS_Tot,C06_1PF_NCu15DS_0_299,C06_1PF_NCu15DS_300_449,C06_1PF_NCu15DS_450_599,C06_1PF_NCu15DS_600_799,C06_1PF_NCu15DS_800_999,C06_1PF_NCu15DS_1000_1399,C06_1PF_NCu15DS_1400_1799,C06_1PF_NCu15DS_1800_2399,C06_1PF_NCu15DS_2400_2999,C06_1PF_NCu15DS_3000_3999,C06_1PF_NCu15DS_4000ov,C06_1PF_NCu15DS_NS,C06_1PF_NCu15DS_Tot,C06_1PF_NDCO_0_299,C06_1PF_NDCO_300_449,C06_1PF_NDCO_450_599,C06_1PF_NDCO_600_799,C06_1PF_NDCO_800_999,C06_1PF_NDCO_1000_1399,C06_1PF_NDCO_1400_1799,C06_1PF_NDCO_1800_2399,C06_1PF_NDCO_2400_2999,C06_1PF_NDCO_3000_3999,C06_1PF_NDCO_4000ov,C06_1PF_NDCO_NS,C06_1PF_NDCO_Tot,C06_1PF_T_0_299,C06_1PF_T_300_449,C06_1PF_T_450_599,C06_1PF_T_600_799,C06_1PF_T_800_999,C06_1PF_T_1000_1399,C06_1PF_T_1400_1799,C06_1PF_T_1800_2399,C06_1PF_T_2400_2999,C06_1PF_T_3000_3999,C06_1PF_T_4000ov,C06_1PF_T_NS,C06_1PF_T_T,C06_T_0_299,C06_T_300_449,C06_T_450_599,C06_T_600_799,C06_T_800_999,C06_T_1000_1399,C06_T_1400_1799,C06_T_1800_2399,C06_T_2400_2999,C06_T_3000_3999,C06_T_4000ov,C06_T_NS,C06_T_T,C11_CFNC_0_299,C11_CFNC_300_449,C11_CFNC_450_599,C11_CFNC_600_799,C11_CFNC_800_999,C11_CFNC_1000_1399,C11_CFNC_1400_1799,C11_CFNC_1800_2399,C11_CFNC_2400_2999,C11_CFNC_3000_3999,C11_CFNC_4000ov,C11_CFNC_NS,C11_CFNC_T,C11_CF_Cu15DS_0_299,C11_CF_Cu15DS_300_449,C11_CF_Cu15DS_450_599,C11_CF_Cu15DS_600_799,C11_CF_Cu15DS_800_999,C11_CF_Cu15DS_1000_1399,C11_CF_Cu15DS_1400_1799,C11_CF_Cu15DS_1800_2399,C11_CF_Cu15DS_2400_2999,C11_CF_Cu15DS_3000_3999,C11_CF_Cu15DS_4000ov,C11_CF_Cu15DS_NS,C11_CF_Cu15DS_Tot,C11_CF_Cu15NDS_0_299,C11_CF_Cu15NDS_300_449,C11_CF_Cu15NDS_450_599,C11_CF_Cu15NDS_600_799,C11_CF_Cu15NDS_800_999,C11_CF_Cu15NDS_1000_1399,C11_CF_Cu15NDS_1400_1799,C11_CF_Cu15NDS_1800_2399,C11_CF_Cu15NDS_2400_2999,C11_CF_Cu15NDS_3000_3999,C11_CF_Cu15NDS_4000ov,C11_CF_Cu15NDS_NS,C11_CF_Cu15NDS_Tot,C11_CF_NCu15DS_0_299,C11_CF_NCu15DS_300_449,C11_CF_NCu15DS_450_599,C11_CF_NCu15DS_600_799,C11_CF_NCu15DS_800_999,C11_CF_NCu15DS_1000_1399,C11_CF_NCu15DS_1400_1799,C11_CF_NCu15DS_1800_2399,C11_CF_NCu15DS_2400_2999,C11_CF_NCu15DS_3000_3999,C11_CF_NCu15DS_4000ov,C11_CF_NCu15DS_NS,C11_CF_NCu15DS_Tot,C11_CF_NDCO_0_299,C11_CF_NDCO_300_449,C11_CF_NDCO_450_599,C11_CF_NDCO_600_799,C11_CF_NDCO_800_999,C11_CF_NDCO_1000_1399,C11_CF_NDCO_1400_1799,C11_CF_NDCO_1800_2399,C11_CF_NDCO_2400_2999,C11_CF_NDCO_3000_3999,C11_CF_NDCO_4000ov,C11_CF_NDCO_NS,C11_CF_NDCO_Tot,C11_T_0_299,C11_T_300_449,C11_T_450_599,C11_T_600_799,C11_T_800_999,C11_T_1000_1399,C11_T_1400_1799,C11_T_1800_2399,C11_T_2400_2999,C11_T_3000_3999,C11_T_4000ov,C11_T_NS,C11_T_T,C11_1PF_Cu15DS_0_299,C11_1PF_Cu15DS_300_449,C11_1PF_Cu15DS_450_599,C11_1PF_Cu15DS_600_799,C11_1PF_Cu15DS_800_999,C11_1PF_Cu15DS_1000_1399,C11_1PF_Cu15DS_1400_1799,C11_1PF_Cu15DS_1800_2399,C11_1PF_Cu15DS_2400_2999,C11_1PF_Cu15DS_3000_3999
LGA10050,84,36,35,8,7,6,25,325,20,28,14,43,52,89,35,22,7,3,0,26,339,69,113,116,263,399,877,568,344,90,57,36,221,3153,3,3,3,16,12,24,5,6,3,0,0,6,81,3,17,33,53,52,78,21,12,0,4,0,18,291,6,8,9,12,28,28,8,3,0,0,0,6,108,9,4,10,21,35,21,10,3,0,0,0,10,123,21,32,55,102,127,151,44,24,3,4,0,40,603,140,196,231,485,695,1352,854,500,132,76,51,369,5081,71,49,38,81,109,325,352,247,87,44,37,79,1519,8,4,10,18,34,84,64,104,28,28,14,24,420,37,24,27,58,107,378,456,472,137,91,56,82,1925,15,12,6,17,24,78,71,83,23,20,5,23,377,7,13,12,29,23,77,55,53,12,15,10,31,337,67,53,55,122,188,617,646,712,200,154,85,160,3059,3,0,4,0,6,16,12,8,3,3
LGA10110,33,27,15,6,3,0,5,148,3,8,5,15,17,26,8,6,0,3,0,10,101,19,39,51,133,191,340,182,89,25,20,12,65,1166,0,3,4,8,8,5,3,0,0,0,0,4,35,0,7,8,24,16,20,4,5,6,3,0,0,93,4,0,3,15,13,12,4,0,0,0,0,5,56,3,5,0,8,12,6,0,4,0,0,0,4,42,7,15,15,55,49,43,11,9,6,3,0,13,226,43,70,90,255,304,484,226,146,46,34,17,118,1833,37,27,18,39,44,114,112,78,32,25,16,24,566,5,6,6,11,16,25,36,42,20,10,3,4,184,11,12,11,13,46,126,143,140,56,32,23,24,637,7,3,4,8,13,43,25,32,9,15,10,7,176,0,0,5,10,9,30,21,19,5,6,6,13,124,23,21,26,42,84,224,225,233,90,63,42,48,1121,0,0,0,6,7,10,4,7,0,0
LGA10150,34,36,56,15,33,14,19,251,0,0,7,10,8,21,26,29,15,12,7,18,153,25,40,30,57,83,213,239,383,203,247,148,124,1792,3,0,0,4,0,4,5,3,0,3,0,3,25,3,3,0,9,15,21,12,23,13,8,0,9,116,0,3,8,6,3,13,11,9,9,0,0,3,65,3,6,0,5,5,19,17,15,9,8,5,11,103,9,12,8,24,23,57,45,50,31,19,5,26,309,58,67,53,102,144,349,401,605,319,362,200,194,2854,37,7,12,21,29,79,76,191,136,160,101,32,881,4,3,3,10,3,21,18,36,24,37,42,14,215,30,9,7,13,36,79,104,233,186,288,290,60,1335,22,5,3,7,9,22,44,79,32,43,40,20,326,12,8,4,8,11,22,14,38,13,22,17,19,188,68,25,17,38,59,144,180,386,255,390,389,113,2064,0,0,0,0,0,0,4,10,0,5
LGA10200,89,77,92,40,32,24,47,492,16,19,13,26,22,69,59,85,33,42,14,41,439,45,81,79,145,188,562,509,665,312,277,139,275,3277,3,0,3,4,5,12,3,3,5,3,3,6,50,6,3,5,15,17,51,30,31,10,8,9,19,204,3,7,7,6,22,19,15,21,14,4,3,9,130,4,7,3,9,20,41,37,31,15,8,0,26,201,16,17,18,34,64,123,85,86,44,23,15,60,585,86,120,117,210,325,843,754,977,492,445,193,393,4955,57,31,21,45,53,179,230,371,248,233,131,75,1674,16,7,7,17,15,65,78,117,58,71,36,31,518,56,21,24,41,52,226,352,570,308,334,167,99,2250,26,18,12,21,31,73,74,142,86,65,46,44,638,33,11,11,21,30,65,65,130,61,81,55,52,615,131,57,54,100,128,429,569,959,513,551,304,226,4021,3,0,0,6,3,11,7,8,9,5
LGA10250,62,34,37,12,5,8,17,248,6,17,12,20,31,55,31,26,3,3,4,19,227,41,72,63,147,198,484,345,326,99,69,43,119,2006,0,4,3,5,19,11,6,3,3,0,3,3,60,13,4,9,32,23,44,33,20,3,0,3,12,196,0,5,0,4,12,11,0,6,3,3,0,10,54,8,9,8,6,16,27,10,4,0,3,0,9,100,21,22,20,47,70,93,49,33,9,6,6,34,410,98,130,123,262,358,756,554,501,147,115,73,262,3379,70,36,22,38,60,159,155,206,93,93,56,57,1045,5,6,4,9,17,45,41,71,33,24,19,17,291,25,15,15,35,34,187,187,310,181,147,60,51,1247,13,4,9,13,24,48,48,59,19,35,15,14,301,20,7,4,17,20,47,29,36,18,7,12,22,239,63,32,32,74,95,327,305,476,251,213,106,104,2078,4,3,0,3,7,9,10,13,7,3
LGA10300,3,0,0,0,0,0,3,15,0,3,3,0,3,0,3,0,0,0,0,6,18,4,11,19,15,19,16,3,6,4,0,0,21,118,0,0,0,0,0,0,0,0,0,0,0,0,0,0,0,0,0,0,0,3,0,0,0,0,0,3,0,0,3,0,0,0,0,0,0,0,0,0,3,0,0,0,3,0,0,0,0,0,0,0,0,3,0,0,3,3,0,0,3,0,0,0,0,0,9,9,19,28,30,26,27,6,6,4,0,0,40,195,11,4,4,9,3,12,8,3,3,3,4,4,68,0,3,0,0,3,3,3,3,0,0,0,3,18,3,4,4,7,10,13,4,4,0,3,3,3,58,3,0,0,0,0,3,3,0,3,0,0,0,12,0,0,0,3,4,3,4,3,0,0,0,4,21,6,7,4,10,17,22,14,10,3,3,3,10,109,0,0,0,0,0,0,3,0,0,0
LGA10350,231,183,226,104,99,41,132,1349,35,49,64,82,102,265,214,252,149,98,45,148,1503,165,240,269,475,671,1915,1860,2285,1141,811,353,802,10987,6,11,3,9,14,36,30,18,11,5,3,15,161,13,30,20,34,60,159,137,120,55,41,20,56,745,9,14,18,30,33,54,39,43,12,9,3,25,289,9,28,24,34,45,117,83,94,39,28,16,56,573,37,83,65,107,152,366,289,275,117,83,42,152,1768,260,401,385,681,958,2677,2563,3143,1646,1148,513,1179,15554,133,58,59,80,93,330,429,757,553,501,207,193,3393,60,23,25,37,77,243,214,385,250,191,127,93,1725,139,44,50,94,150,622,889,1765,1310,1196,457,342,7058,76,42,53,72,80,233,220,323,198,206,95,116,1714,101,47,39,83,88,221,201,355,217,193,121,122,1788,376,156,167,286,395,1319,1524,2828,1975,1786,800,673,12285,3,4,5,6,12,32,43,48,24,18
LGA10470,61,49,47,10,11,4,23,304,10,8,4,27,27,57,48,22,7,5,3,22,240,44,54,53,167,272,591,491,387,92,56,27,124,2358,0,3,3,4,9,7,4,6,3,0,0,3,42,0,9,12,20,29,57,24,12,3,0,3,12,181,6,3,7,11,11,19,5,7,3,0,3,0,75,5,7,9,9,9,23,7,9,0,4,0,7,89,11,22,31,44,58,106,40,34,9,4,6,22,387,80,123,113,279,435,912,737,565,140,78,52,228,3742,51,29,31,46,65,177,242,247,99,61,40,66,1154,5,3,13,8,22,58,69,69,25,18,12,9,311,30,10,18,32,54,218,312,469,198,98,48,38,1525,11,9,8,22,26,55,41,56,29,16,8,25,306,12,16,3,16,22,55,49,56,18,12,6,17,282,58,38,42,78,124,386,471,650,270,144,74,89,2424,0,7,3,3,3,11,3,9,3,0
LGA10550,47,29,26,4,3,4,13,204,8,17,9,27,23,35,16,16,7,3,4,18,183,42,88,86,188,231,435,258,169,39,25,26,108,1695,3,6,12,5,6,3,0,3,0,0,0,0,38,10,18,17,17,25,32,5,3,4,0,0,12,143,3,6,3,10,6,8,0,3,0,0,3,0,42,7,4,3,8,11,8,6,0,0,0,0,5,52,23,34,35,40,48,51,11,9,4,0,3,17,275,110,190,169,329,382,650,359,256,60,43,36,205,2789,94,52,47,63,86,188,143,156,55,55,30,72,1041,8,5,12,15,27,55,41,52,23,8,11,13,270,18,20,14,45,66,212,217,193,82,49,37,37,990,9,4,8,16,26,56,35,25,10,8,9,8,214,18,10,12,16,20,31,31,31,12,11,3,17,212,53,39,46,92,139,354,324,301,127,76,60,75,1686,3,0,0,10,7,9,8,5,0,0
LGA10600,15,9,3,3,0,0,8,66,3,3,3,10,5,23,12,3,0,0,0,7,69,19,25,31,71,71,173,89,57,25,6,6,43,616,0,3,3,4,0,5,5,3,0,0,0,0,23,0,6,4,19,11,21,5,3,0,0,0,10,79,0,5,3,0,6,9,0,0,0,0,0,5,28,4,3,3,4,3,0,3,0,0,0,0,3,23,4,17,13,27,20,35,13,6,0,0,0,18,153,43,62,64,133,136,262,139,93,33,9,14,85,1073,25,16,13,18,32,54,60,51,16,11,14,16,326,0,3,0,6,3,17,16,20,6,3,3,3,80,8,5,3,9,15,84,92,82,25,22,8,15,368,3,3,3,10,9,21,14,11,5,3,3,0,85,0,6,3,7,6,15,5,4,5,0,0,3,54,11,17,9,32,33,137,127,117,41,28,14,21,587,3,4,3,3,4,5,8,0,0,3
LGA10650,7,4,3,0,3,0,9,36,0,3,8,3,4,16,6,0,3,0,0,7,50,10,19,32,56,80,105,42,34,11,6,7,46,448,0,0,4,5,0,3,0,0,0,0,0,0,12,0,3,6,6,0,11,3,0,0,0,0,4,33,3,0,0,3,3,0,0,0,0,0,0,3,12,0,3,0,3,4,3,3,0,0,0,0,3,19,3,6,10,17,7,17,6,0,0,0,0,10,76,28,39,68,105,120,168,72,44,14,9,16,97,780,43,14,16,25,33,45,30,22,9,3,14,14,268,3,0,4,9,0,17,10,12,6,5,0,4,70,10,3,9,19,27,58,48,44,7,3,9,4,241,6,4,0,3,0,18,3,6,3,0,3,5,51,7,3,3,4,7,8,4,3,5,3,0,3,50,26,10,16,35,34,101,65,65,21,11,12,16,412,0,0,0,0,4,3,0,0,0,0
LGA10750,465,401,548,248,186,63,202,2587,84,106,99,192,236,528,496,583,248,173,81,292,3118,280,385,394,878,1233,3726,4187,5720,2516,1342,563,1479,22703,3,8,11,21,42,76,56,43,19,9,0,36,324,36,47,55,114,151,303,245,260,98,41,34,114,1498,14,33,12,45,46,116,68,80,20,8,3,33,478,40,61,50,108,113,233,170,131,41,25,17,105,1094,93,149,128,288,352,728,539,514,178,83,54,288,3394,521,677,654,1434,1887,5333,5836,8067,3703,1899,791,2237,33039,265,107,98,224,273,715,1041,2034,1451,1282,388,371,8249,71,27,30,81,114,377,459,848,556,481,157,121,3322,237,83,91,156,311,1220,2059,4680,3166,2538,765,622,15928,96,50,55,112,121,406,436,752,552,501,187,187,3455,144,62,64,119,163,468,465,755,486,410,160,201,3497,548,222,240,468,709,2471,3419,7035,4760,3930,1269,1131,26202,15,4,5,16,28,60,71,95,44,19
LGA10800,0,3,0,0,0,0,5,20,3,0,4,4,6,3,3,0,0,0,0,3,26,13,26,19,38,38,60,16,16,3,4,5,51,289,0,0,0,0,0,0,0,0,0,0,0,0,0,0,7,5,5,3,3,0,3,0,0,0,4,30,0,0,3,0,3,0,0,0,0,0,0,0,6,4,4,0,0,0,0,0,0,0,0,0,0,8,4,11,8,5,6,3,0,3,0,0,0,4,44,25,50,43,60,54,83,21,22,6,7,10,93,474,18,12,17,18,19,21,17,6,4,3,7,14,156,3,6,5,9,3,7,3,4,0,0,0,3,43,9,8,6,7,17,40,42,32,8,3,9,11,192,3,0,0,0,3,6,8,5,0,3,0,0,28,5,0,0,5,3,4,0,4,0,0,0,4,25,20,14,11,21,26,57,53,45,8,6,9,18,288,3,0,0,0,0,5,0,0,0,0
LGA10850,5,7,0,0,5,0,3,41,3,4,0,6,11,10,5,7,0,0,0,4,50,9,16,22,50,60,117,76,50,18,12,7,28,465,0,0,0,3,0,3,0,0,0,0,0,3,9,0,6,0,10,10,7,0,0,3,0,0,0,36,0,4,5,0,0,3,0,0,0,0,0,3,15,0,6,0,4,0,0,0,0,0,0,0,3,13,0,16,5,17,10,13,0,0,3,0,0,9,73,13,39,35,83,93,164,109,63,25,20,7,60,711,13,13,9,17,18,36,35,34,13,12,7,12,219,0,0,4,6,3,16,15,8,3,6,4,5,70,6,5,9,9,18,48,64,74,29,21,11,11,305,4,0,0,7,4,11,3,7,3,3,3,8,53,0,0,0,0,8,17,7,10,3,0,0,0,45,10,5,13,22,33,92,89,99,38,30,18,24,473,0,0,0,0,0,6,0,0,0,0
LGA10900,158,121,116,38,39,16,55,763,19,23,23,51,64,110,90,106,39,35,17,69,646,97,133,161,338,430,1143,1094,1243,460,302,119,352,5872,3,5,3,19,11,36,14,15,5,5,4,4,124,10,9,22,40,46,106,74,53,19,16,5,29,429,8,17,13,25,21,46,26,27,8,3,3,12,209,14,23,19,30,25,62,43,37,6,5,3,21,288,35,54,57,114,103,250,157,132,38,29,15,66,1050,234,280,311,602,691,1773,1677,1877,728,454,182,577,9386,144,75,72,117,103,319,377,600,346,227,113,111,2604,19,8,18,39,40,114,122,180,117,85,43,35,820,50,34,26,69,94,352,539,1084,658,409,165,116,3596,30,16,18,32,49,123,120,184,98,80,39,36,825,38,30,18,37,46,109,113,143,84,63,47,39,767,137,88,80,177,229,698,894,1591,957,637,294,226,6008,7,0,3,7,5,22,21,29,15,5
LGA10950,0,0,0,0,0,0,3,9,0,3,0,0,3,4,3,0,0,0,0,6,19,4,20,16,27,16,26,13,5,0,0,5,27,159,0,0,0,0,0,0,0,0,0,0,0,0,0,0,0,7,0,0,0,0,0,0,0,0,0,7,0,0,0,0,0,0,0,0,0,0,0,0,0,3,4,0,0,0,0,0,0,0,0,0,4,11,3,4,7,0,0,0,0,0,0,0,0,4,18,12,27,26,42,20,34,16,5,0,8,5,47,242,8,4,0,5,3,5,4,3,0,0,0,4,36,0,3,0,0,0,9,0,3,0,4,0,0,19,10,3,3,5,15,20,21,7,8,4,0,4,100,3,0,0,4,5,5,0,5,0,0,0,0,22,6,0,3,0,0,4,0,0,0,0,0,0,13,19,6,6,9,20,38,21,15,8,8,0,4,154,0,0,0,0,0,0,0,0,0,0
LGA11000,4,0,0,0,0,0,5,12,0,3,0,3,3,3,0,0,0,0,0,0,12,6,9,8,26,22,24,11,0,0,3,4,14,127,0,3,3,0,0,0,0,0,0,0,0,3,9,0,3,0,0,0,3,0,0,3,0,0,0,9,0,0,0,0,0,0,0,0,0,0,0,0,0,0,0,0,3,0,0,0,0,0,0,0,0,3,0,6,3,3,0,3,0,0,3,0,0,3,21,6,21,15,36,34,36,17,8,3,3,4,21,204,4,5,8,5,9,12,9,6,3,3,0,4,68,0,0,0,4,3,3,3,3,3,0,0,3,22,7,0,3,11,10,19,10,10,3,0,3,4,80,3,3,0,0,0,3,0,3,0,0,0,0,12,0,0,0,0,3,3,0,0,0,0,0,0,6,10,3,3,15,16,28,13,16,6,0,3,7,120,3,0,0,0,0,0,0,0,0,0
LGA11050,5,0,0,0,0,0,4,9,3,0,0,0,5,0,0,0,0,0,0,4,12,3,7,9,11,13,25,8,9,0,0,3,16,104,0,0,0,0,0,0,0,0,0,0,0,0,0,0,4,5,4,0,0,0,0,0,0,0,4,17,0,0,0,0,0,0,0,0,0,3,0,0,3,0,0,0,0,0,0,0,0,0,0,0,0,0,0,4,5,4,0,0,0,0,0,3,0,4,20,7,17,24,22,19,37,14,15,0,3,6,25,189,11,3,0,9,6,9,15,3,6,3,5,0,70,0,0,0,3,5,6,0,0,0,0,0,0,14,5,3,0,3,3,11,22,11,3,5,0,6,72,0,0,5,0,0,0,0,4,0,0,0,0,9,3,3,0,0,3,3,0,3,0,0,0,0,15,8,6,5,6,11,20,22,18,3,5,0,6,110,0,0,0,0,0,0,0,0,0,0
LGA11100,26,35,48,25,26,14,21,228,6,7,9,11,11,42,45,47,12,23,14,32,259,21,30,31,55,79,234,303,408,251,294,137,156,1999,0,0,0,5,0,0,4,0,3,4,0,7,23,0,9,3,5,12,23,32,15,15,15,0,13,142,0,3,3,3,3,13,8,12,0,4,0,7,56,7,3,3,10,13,20,19,19,11,11,5,11,132,7,15,9,23,28,56,63,46,29,34,5,38,353,38,53,46,103,127,375,443,592,375,442,183,236,3013,34,13,10,17,28,55,86,156,165,214,116,54,948,8,3,11,3,3,22,30,45,26,54,44,16,265,23,7,12,14,16,83,134,237,237,395,267,72,1497,8,3,7,3,14,27,35,51,47,51,61,22,329,19,3,0,10,8,33,38,63,33,54,30,22,313,58,16,30,30,41,165,237,396,343,554,402,132,2404,0,0,0,0,0,5,7,4,4,5
LGA11150,0,0,0,0,0,0,0,6,0,0,6,3,4,0,0,0,0,0,0,0,13,0,9,23,20,19,25,3,0,3,0,3,14,119,4,0,0,0,0,0,0,0,0,0,0,0,4,0,3,8,0,0,3,3,0,0,0,0,0,17,0,0,0,0,0,0,0,0,0,0,0,0,0,0,3,0,0,0,0,0,3,0,0,0,5,11,4,6,8,0,0,3,3,3,0,0,0,5,32,4,21,42,29,27,31,9,6,3,3,6,30,211,6,4,0,10,9,5,3,5,3,0,0,4,49,0,0,0,5,0,3,0,0,0,3,0,3,14,4,4,0,4,13,13,8,0,3,3,3,4,59,0,0,0,0,0,4,0,0,0,0,3,0,7,0,0,3,3,0,3,0,3,0,0,0,0,12,4,4,3,12,13,23,8,3,3,6,6,7,92,0,0,0,0,0,0,0,0,0,0
LGA11200,0,0,0,0,0,0,0,5,0,0,0,0,0,3,0,0,0,0,0,0,3,6,5,4,0,0,3,6,0,0,0,0,3,27,0,0,0,0,0,0,0,0,0,0,0,0,0,0,3,0,3,0,0,0,0,0,0,0,0,6,0,0,0,0,0,0,0,0,0,0,0,0,0,0,0,0,0,0,0,0,0,0,0,0,0,0,0,3,0,3,0,0,0,0,0,0,0,0,6,9,8,4,3,3,7,6,0,0,0,0,8,48,3,3,4,0,0,0,0,3,0,3,0,0,16,0,0,0,0,0,0,0,0,0,0,0,0,0,3,0,0,3,0,3,0,3,0,0,0,0,12,0,3,0,0,0,0,0,0,0,0,0,0,3,0,3,0,0,0,0,3,3,0,0,0,0,9,3,6,0,3,0,3,3,6,0,0,0,0,24,0,0,0,0,0,0,0,0,0,0
LGA11250,9,4,0,0,0,3,7,65,12,16,5,12,12,11,3,7,0,0,3,11,92,47,117,116,184,132,139,48,37,13,5,6,75,919,3,3,6,0,3,0,4,0,0,0,0,3,22,33,47,31,24,21,8,0,0,0,0,0,30,194,8,3,8,9,3,3,0,0,0,0,0,0,34,8,19,6,17,0,3,0,0,0,0,0,5,58,52,72,51,50,27,14,4,0,0,0,0,38,308,127,281,226,298,202,213,71,46,17,5,9,154,1649,37,31,48,57,60,85,52,42,13,7,4,38,474,0,6,10,13,20,26,21,11,0,0,3,7,117,4,20,30,56,78,153,96,73,17,8,14,34,583,10,9,5,9,15,25,9,9,0,0,0,5,96,7,11,12,21,21,19,16,5,3,6,0,15,136,21,46,57,99,134,223,142,98,20,14,17,61,932,4,0,6,4,6,5,3,0,0,0
LGA11300,34,35,43,19,15,22,25,243,3,3,3,10,12,19,25,20,15,23,22,24,179,29,32,23,52,66,176,212,291,164,189,138,124,1496,3,3,0,3,0,5,3,3,0,3,0,3,26,0,4,3,4,0,15,13,15,6,6,4,13,83,3,0,0,0,9,9,4,8,3,3,4,5,48,3,3,3,9,0,6,3,9,4,0,3,17,60,9,10,6,16,9,35,23,35,13,12,11,38,217,41,54,37,83,94,261,287,421,233,260,189,195,2155,23,13,6,6,8,38,42,109,50,97,73,28,493,13,0,5,3,6,13,28,48,19,40,36,17,228,34,9,7,15,20,49,71,177,162,183,171,44,942,21,3,4,4,7,35,36,54,37,47,35,22,305,19,8,3,7,3,24,22,36,13,27,29,22,213,87,20,19,29,36,121,157,315,231,297,271,105,1688,0,0,0,3,0,0,4,8,6,0
LGA11350,26,24,18,4,4,8,18,164,6,5,9,9,9,40,20,15,7,8,3,12,143,34,51,62,93,135,332,223,172,66,65,38,107,1378,0,0,4,5,11,10,4,8,0,3,0,8,53,3,7,9,23,30,46,26,16,12,8,5,25,210,10,10,8,14,12,27,11,6,0,3,0,12,113,4,7,4,13,10,16,13,4,0,0,0,13,84,17,24,25,55,63,99,54,34,12,14,5,58,460,77,113,120,201,255,540,360,286,129,106,59,224,2470,51,31,23,44,49,102,86,104,77,63,54,40,724,5,5,9,15,14,27,23,25,16,17,16,12,184,32,17,11,21,29,112,113,209,126,94,62,57,883,9,6,6,11,15,26,22,34,9,8,12,10,168,8,7,5,8,14,26,22,28,15,14,9,4,160,54,35,31,55,72,191,180,296,166,133,99,83,1395,0,0,0,3,4,6,5,10,4,4
LGA11400,20,13,14,0,3,0,11,93,3,9,7,13,4,9,4,4,4,3,3,17,80,16,34,47,101,94,170,124,97,35,30,25,73,846,0,0,0,0,0,3,5,0,0,0,0,0,8,3,3,0,12,13,8,3,3,0,0,3,8,56,0,0,5,7,3,0,0,3,0,0,0,0,18,3,4,0,0,0,0,0,0,0,0,0,11,18,6,7,5,19,16,11,8,6,0,0,3,19,100,33,61,82,156,146,242,173,129,45,42,35,139,1283,32,24,14,24,29,66,57,52,27,27,18,26,396,3,0,3,9,9,36,17,16,10,11,9,8,131,13,8,3,32,34,98,107,94,57,51,27,29,553,5,3,4,5,15,25,14,15,4,4,4,5,103,7,0,3,10,11,15,17,20,11,3,4,7,108,28,11,13,56,69,174,155,145,82,69,44,49,895,0,0,0,5,0,3,0,0,0,3
LGA11450,110,76,107,65,42,24,40,560,15,14,15,30,39,108,95,101,52,47,36,54,606,63,75,86,161,268,801,953,1348,659,408,189,322,5333,0,0,0,9,4,26,12,16,7,0,0,4,78,4,4,8,16,30,52,68,74,31,20,4,38,349,0,3,3,6,9,14,19,8,7,3,0,13,85,4,5,0,16,10,33,34,29,14,8,5,14,172,8,12,11,47,53,125,133,127,59,31,9,69,684,87,118,118,254,397,1106,1313,1925,970,594,240,496,7618,53,30,16,42,58,154,205,498,466,358,115,88,2083,15,4,8,12,14,55,82,181,140,132,49,47,739,47,24,15,41,60,245,363,1052,824,645,214,156,3686,16,17,10,19,22,86,83,172,102,96,46,29,698,32,8,16,25,30,90,110,162,107,98,60,54,792,110,53,49,97,126,476,638,1567,1173,971,369,286,5915,0,3,3,0,8,3,14,21,13,6
LGA11500,270,243,280,92,59,39,124,1474,56,75,81,150,186,421,350,343,121,69,37,163,2052,176,239,262,606,875,2269,2400,2589,751,421,222,727,11537,8,9,7,16,19,46,43,30,3,10,0,14,205,9,33,24,76,110,251,182,147,39,20,9,77,977,6,26,20,37,40,65,42,32,13,7,5,14,307,25,34,37,62,82,164,128,78,21,16,14,70,731,48,102,88,191,251,526,395,287,76,53,28,175,2220,317,432,443,1001,1416,3398,3503,3783,1097,609,320,1151,17470,147,69,67,144,208,534,742,1236,528,259,133,213,4280,25,13,19,36,63,179,267,435,192,142,61,66,1498,87,44,60,102,166,602,1132,2183,883,441,209,245,6154,56,42,26,69,92,256,264,398,214,125,70,76,1688,87,41,45,103,127,353,326,482,212,157,77,128,2138,255,140,150,310,448,1390,1989,3498,1501,865,417,515,11478,7,5,4,12,8,47,51,44,18,7
LGA11520,74,54,82,40,48,73,43,502,5,14,20,13,31,56,50,48,37,58,63,66,461,49,82,75,106,158,407,420,645,411,601,531,308,3793,0,3,0,3,0,3,5,8,7,3,3,7,42,4,14,3,10,9,23,24,37,21,15,10,18,188,4,8,0,11,6,27,15,21,12,11,9,6,130,8,4,6,6,7,22,22,25,18,13,9,17,157,16,29,9,30,22,75,66,91,58,42,31,48,517,88,123,108,166,227,609,647,1035,735,954,814,481,5987,88,24,20,20,40,108,125,320,337,523,465,83,2153,21,17,10,10,15,31,35,71,53,78,99,28,468,73,19,16,23,33,134,141,364,397,704,860,133,2897,24,13,12,22,21,75,44,94,80,95,127,41,648,36,10,8,17,13,68,40,77,46,89,94,43,541,154,59,46,72,82,308,260,606,576,966,1180,245,4554,3,0,0,0,0,11,8,3,4,15
LGA11550,145,147,131,69,65,22,89,838,24,29,36,54,60,161,119,149,65,65,41,124,927,111,144,147,282,452,1136,1135,1251,698,587,289,612,6844,0,7,0,9,18,20,15,20,8,3,6,9,115,12,15,12,33,49,96,80,90,33,24,16,60,520,6,9,11,16,27,41,48,38,14,5,4,21,240,17,15,19,35,40,73,50,40,31,22,17,39,398,35,46,42,93,134,230,193,188,86,54,43,129,1273,178,247,231,448,707,1681,1682,1848,1043,834,403,923,10225,86,49,31,52,89,298,313,494,343,368,204,128,2455,33,13,20,30,39,109,145,184,120,149,84,62,988,97,59,34,66,112,492,593,907,716,821,459,244,4600,56,29,28,33,44,148,133,195,113,142,77,57,1055,54,13,33,40,53,131,129,187,124,159,85,103,1111,240,114,115,169,248,880,1000,1473,1073,1271,705,466,7754,5,3,3,8,9,16,22,25,8,11
LGA11600,4,0,0,0,0,3,3,16,4,0,3,0,0,0,0,0,0,0,0,4,11,4,9,11,17,12,34,6,3,0,5,3,27,131,0,0,0,0,0,0,0,0,0,0,0,0,0,0,0,0,4,0,0,0,0,0,0,0,3,7,0,0,3,0,0,0,0,0,0,0,0,0,3,0,0,0,0,0,0,3,0,0,0,0,0,3,0,0,3,4,0,0,3,0,0,0,0,3,13,8,18,14,24,16,42,12,3,0,5,3,44,189,16,4,5,3,9,8,7,3,0,3,0,3,61,5,0,0,0,4,4,4,0,0,0,0,0,17,8,0,3,7,5,15,5,5,8,3,4,5,68,0,0,0,0,0,6,0,0,0,0,0,6,12,7,0,0,0,0,0,0,0,0,0,0,0,7,20,0,3,7,9,25,9,5,8,3,4,11,104,0,0,0,0,0,3,0,0,0,0
LGA11700,0,0,0,0,0,0,0,3,0,0,0,3,3,0,0,0,0,0,0,3,9,0,6,0,3,6,5,0,0,4,0,0,8,32,0,0,0,0,0,0,0,0,0,0,0,0,0,0,0,0,3,0,0,0,0,0,0,0,0,3,0,0,0,0,0,0,0,0,0,0,0,0,0,0,0,0,0,0,0,0,0,0,0,0,0,0,0,0,0,3,0,0,0,0,0,0,0,0,3,0,11,6,6,6,5,0,0,4,0,0,16,54,6,0,3,3,3,3,3,0,0,3,3,0,27,0,0,0,0,0,0,0,0,0,0,0,0,0,3,0,0,0,0,3,0,0,0,0,3,4,13,0,0,0,0,0,0,0,0,0,0,0,0,0,3,0,0,0,0,0,0,0,0,0,0,0,3,6,0,0,0,0,3,0,0,0,0,3,4,16,0,0,0,0,0,0,0,0,0,0
LGA11720,79,43,26,9,4,5,18,274,14,18,40,58,73,104,65,26,10,10,9,49,476,52,113,145,262,394,864,582,355,96,60,46,204,3173,3,3,5,12,8,12,3,6,0,3,0,0,55,13,22,33,46,49,67,41,22,5,0,3,25,326,3,4,8,16,10,8,12,4,0,0,0,5,70,7,14,14,24,20,17,14,6,0,0,0,11,127,26,43,60,98,87,104,70,38,5,3,3,41,578,122,237,274,466,616,1267,862,539,146,90,64,368,5051,68,51,42,74,107,251,314,282,119,101,57,102,1568,10,3,6,16,34,76,91,97,34,24,15,21,427,27,26,32,56,99,385,507,538,197,147,70,109,2193,14,7,7,27,28,78,63,64,24,17,12,20,361,10,18,20,45,44,102,97,83,31,26,13,45,534,61,54,65,144,205,641,758,782,286,214,110,195,3515,3,3,0,8,5,20,17,9,9,0
LGA11730,41,34,24,4,3,0,23,278,16,18,27,45,32,47,21,15,0,3,4,38,266,61,129,160,347,364,622,323,199,49,28,19,167,2468,7,6,4,18,14,21,3,0,0,0,0,3,76,14,23,21,60,65,67,22,14,0,0,3,30,319,6,7,7,20,10,9,7,0,0,0,0,10,76,10,8,9,24,14,19,7,6,0,0,0,11,108,37,44,41,122,103,116,39,20,0,0,3,54,579,184,279,296,635,624,998,481,312,74,45,37,349,4314,126,101,65,117,151,276,217,186,56,43,40,72,1450,3,9,11,26,40,90,73,70,22,12,0,16,372,15,25,30,63,104,303,386,306,113,61,41,50,1497,23,14,15,31,24,67,63,50,10,13,7,17,334,23,14,15,31,30,71,56,40,9,13,15,16,333,64,62,71,151,198,531,578,466,154,99,63,99,2536,0,3,3,6,8,23,15,6,4,0
LGA11750,6,0,3,0,0,0,3,21,0,3,0,4,3,5,0,3,0,0,0,7,25,3,17,15,36,29,61,28,16,3,0,3,24,235,0,0,3,0,0,0,0,0,0,0,0,0,3,0,5,3,3,0,3,0,0,0,0,0,0,14,0,0,0,0,0,0,4,0,0,0,0,0,4,0,0,3,0,0,0,0,0,0,0,0,0,3,0,5,9,3,0,3,4,0,0,0,0,0,24,6,26,33,61,45,84,43,16,3,0,3,40,360,10,5,3,14,9,24,16,16,7,5,0,5,114,3,0,3,0,4,4,5,5,0,0,0,0,24,4,3,3,5,9,35,34,28,12,6,5,6,150,0,0,0,3,3,3,3,3,0,3,3,3,24,0,3,0,3,3,0,0,3,3,3,0,0,18,7,6,6,11,19,42,42,39,15,12,8,9,216,0,0,0,0,0,0,0,3,0,0
LGA11800,91,70,38,8,9,6,35,457,19,36,29,40,54,86,41,32,13,5,5,35,395,69,143,134,310,433,891,646,454,139,79,55,217,3570,5,10,3,20,12,25,7,6,3,0,0,9,100,5,18,34,44,74,109,54,29,11,7,9,34,428,8,13,13,21,25,37,8,10,3,5,0,13,156,14,23,12,20,22,47,17,13,0,0,6,16,190,32,64,62,105,133,218,86,58,17,12,15,72,874,183,310,293,587,750,1424,975,727,222,141,102,446,6160,133,94,68,108,162,309,293,408,161,112,72,106,2026,14,3,9,23,32,91,94,110,54,38,19,26,513,49,23,15,71,94,309,428,634,259,130,73,78,2163,16,11,18,31,46,85,89,94,37,32,18,26,503,29,25,12,37,40,94,75,86,26,18,16,39,497,108,62,54,162,212,579,686,924,376,218,126,169,3676,3,0,0,0,5,23,23,10,3,3
LGA11860,0,0,0,0,0,0,4,4,0,0,0,0,0,0,3,0,0,0,4,5,12,0,0,3,0,10,9,11,6,6,4,8,33,90,0,0,0,0,0,0,0,0,0,0,0,0,0,0,3,0,0,0,0,0,0,0,0,0,0,3,0,0,0,0,0,0,0,0,0,0,0,0,0,0,0,0,0,0,0,0,0,0,0,0,5,5,0,3,0,0,0,0,0,0,0,0,0,5,8,0,6,6,3,10,12,16,14,9,4,11,59,150,15,3,3,3,3,7,4,5,0,3,3,10,59,0,0,0,0,4,0,6,0,0,3,0,0,13,13,0,3,0,3,4,9,9,0,0,3,0,44,5,0,0,0,0,0,0,0,3,0,3,3,14,0,0,0,0,0,0,0,0,0,0,4,0,4,18,0,3,0,7,4,15,9,3,3,10,3,75,0,0,0,0,3,0,0,0,0,0
LGA12000,0,6,0,0,0,0,0,21,0,3,0,3,0,6,3,0,0,0,0,6,21,4,22,13,41,47,44,28,15,6,0,0,26,246,0,0,3,0,0,0,0,0,0,0,0,0,3,3,3,4,3,0,5,0,0,0,0,0,0,18,0,3,0,0,0,0,0,0,0,0,0,0,3,0,4,0,3,0,0,0,0,5,0,0,0,12,3,10,7,6,0,5,0,0,5,0,0,0,36,18,43,31,59,54,66,36,20,14,0,0,46,387,8,5,7,12,15,32,17,16,8,3,6,10,139,4,0,4,4,6,3,5,6,3,0,0,3,38,9,5,9,14,16,23,22,33,5,5,3,3,147,3,0,0,0,3,9,3,4,3,0,0,3,28,3,3,3,3,3,3,3,3,3,0,0,3,30,19,8,16,21,28,38,33,46,14,5,3,12,243,0,0,0,0,0,0,0,0,0,0
LGA12050,13,12,5,0,4,0,4,73,0,7,0,13,5,6,7,3,0,4,0,7,52,11,34,37,54,80,148,80,67,13,22,5,37,588,0,0,4,3,0,3,3,0,0,0,0,0,13,0,6,8,12,12,11,7,0,0,0,0,0,56,0,0,0,3,4,0,3,0,0,0,0,0,10,0,5,4,3,0,8,3,0,0,0,0,7,30,0,11,16,21,16,22,16,0,0,0,0,7,109,34,64,83,102,140,242,130,101,20,32,9,67,1024,29,11,19,34,22,68,47,52,18,22,8,20,350,3,4,4,4,6,17,17,21,10,5,0,4,95,7,8,8,18,33,71,77,82,18,23,17,18,380,0,0,0,5,5,11,21,13,4,6,0,3,68,6,3,3,3,9,16,9,6,0,3,3,3,64,16,15,15,30,53,115,124,122,32,37,20,28,607,0,0,0,0,0,5,3,0,0,0
LGA12150,3,3,0,0,0,0,3,18,0,3,6,6,0,0,0,0,0,0,0,9,24,9,21,25,32,14,20,10,4,0,0,0,35,170,0,3,0,0,0,0,0,0,0,0,0,0,3,3,3,8,4,3,5,0,0,0,0,0,5,31,0,3,0,0,0,0,0,0,0,0,0,0,3,3,4,3,0,3,0,0,0,0,0,0,0,13,6,13,11,4,6,5,0,0,0,0,0,5,50,18,37,46,46,29,31,13,7,0,3,0,60,290,16,3,3,11,4,18,3,5,3,3,0,12,81,4,0,5,5,0,7,3,0,0,0,4,3,31,8,8,3,12,11,11,10,4,0,6,0,4,77,3,3,0,0,0,3,3,0,0,3,0,0,15,0,0,0,4,0,5,3,6,0,0,0,4,22,15,11,8,21,11,26,19,10,0,9,4,11,145,0,0,5,0,0,0,0,0,0,0
LGA12200,9,0,5,0,0,0,4,35,5,3,3,11,9,10,3,0,0,0,0,4,48,10,20,31,72,80,98,38,22,3,12,6,31,423,0,3,3,3,3,3,0,0,0,0,0,0,15,0,13,9,9,3,3,0,0,0,0,0,0,37,0,3,0,0,3,0,0,0,0,0,0,3,9,3,3,3,3,3,0,0,0,0,0,0,0,15,3,22,15,15,12,6,0,0,0,0,0,3,76,33,62,64,127,119,148,49,33,7,12,6,48,708,13,13,15,24,26,53,32,17,8,8,3,17,229,3,0,0,4,3,20,11,5,4,0,0,6,56,8,0,9,26,32,60,44,39,10,3,4,16,251,0,4,0,3,4,15,7,7,4,3,4,0,51,3,0,3,3,7,9,4,0,0,0,0,0,29,14,4,12,36,46,104,66,51,18,6,8,22,387,0,0,0,0,0,4,0,0,0,0
LGA12300,17,11,5,0,3,0,4,67,3,5,8,14,12,18,7,3,0,3,0,9,82,7,25,29,83,103,200,108,60,12,9,4,56,696,0,0,0,5,0,7,0,3,0,0,0,0,15,4,5,3,11,15,8,3,0,0,0,0,13,62,3,0,0,0,0,3,3,0,0,0,0,0,9,3,6,3,8,4,7,0,0,0,0,0,0,31,10,11,6,24,19,25,6,3,0,0,0,13,117,40,55,61,135,165,310,146,83,12,14,11,127,1159,31,13,15,27,39,76,63,50,6,6,6,31,363,3,0,0,3,7,25,25,17,5,3,3,10,101,16,0,7,17,24,110,100,85,31,9,3,17,419,6,6,3,6,5,14,13,12,4,3,0,0,72,3,0,3,3,5,14,6,13,5,3,0,8,63,28,6,13,29,41,163,144,127,45,18,6,35,655,4,0,0,0,0,4,4,3,0,0
LGA12350,16,6,7,3,0,0,5,65,4,3,7,13,12,21,4,0,0,0,0,15,79,13,29,46,106,124,189,67,49,15,6,9,63,716,0,3,0,0,0,4,3,0,0,0,0,0,10,0,8,4,14,18,5,5,0,0,0,0,7,61,0,5,7,0,3,0,0,0,0,0,0,0,15,0,3,3,3,4,8,0,0,0,0,0,4,25,0,19,14,17,25,17,8,0,0,0,0,11,111,27,71,93,160,193,286,113,72,21,12,12,115,1175,39,23,23,33,50,66,39,31,6,13,3,26,352,3,0,0,3,15,20,20,19,7,3,3,9,102,7,4,12,26,30,105,66,58,26,9,5,17,365,6,0,5,8,6,18,12,6,3,0,0,4,68,7,3,6,12,17,17,8,8,0,3,0,3,84,23,7,23,49,68,160,106,91,36,15,8,33,619,0,0,0,7,3,7,5,0,0,0
LGA12500,13,0,6,0,0,0,0,51,0,3,8,7,6,7,0,0,0,0,0,3,34,6,21,42,79,104,118,35,25,0,3,5,33,471,3,4,4,0,0,0,0,0,0,0,0,0,11,3,7,9,8,8,6,3,0,0,0,0,10,54,3,0,0,3,4,0,0,0,0,0,0,0,10,3,0,0,6,4,6,0,0,0,0,0,0,19,12,11,13,17,16,12,3,0,0,0,0,10,94,27,48,73,133,161,180,53,33,4,3,5,70,790,22,6,11,21,31,51,24,17,0,5,4,8,200,6,0,0,6,10,19,10,10,4,0,0,0,65,0,3,8,12,35,78,61,27,3,8,8,11,254,4,3,0,10,3,14,7,3,0,3,0,4,51,4,6,0,0,9,15,6,3,0,0,0,6,49,14,12,8,28,57,126,84,43,7,11,8,21,419,0,3,3,0,3,3,0,3,0,0
LGA12600,79,36,27,6,6,0,15,239,5,13,13,20,39,79,25,17,0,4,5,31,251,35,63,63,202,326,754,455,303,73,47,26,150,2497,3,3,3,12,3,10,4,0,0,0,0,3,41,3,17,15,41,41,62,25,18,3,0,0,19,244,0,7,0,9,13,10,4,3,0,0,0,0,46,4,7,8,12,9,23,10,3,0,0,0,11,87,10,34,26,74,66,105,43,24,3,0,0,33,418,75,141,129,391,526,1098,669,443,110,72,37,263,3954,58,26,27,72,99,243,239,218,91,34,31,67,1205,8,7,4,12,16,59,71,76,40,20,12,10,335,20,12,18,47,92,360,408,387,159,92,45,63,1703,9,4,7,13,24,60,49,59,16,8,5,19,273,14,9,10,25,26,72,45,55,16,9,6,24,311,51,32,39,97,158,551,573,577,231,129,68,116,2622,3,3,3,3,3,14,7,3,0,3
LGA12700,15,6,13,8,0,0,3,73,3,0,5,9,10,19,8,9,0,0,0,5,68,10,24,22,51,71,133,92,81,24,22,10,36,576,0,0,0,4,0,5,0,0,0,0,0,0,9,0,3,3,3,9,8,9,8,0,0,3,7,53,0,0,5,0,0,0,0,0,0,0,0,0,5,5,3,3,3,0,0,0,4,0,0,0,5,23,5,6,11,10,9,13,9,12,0,0,3,12,90,19,47,52,79,107,189,144,124,36,29,23,71,920,16,12,9,20,28,48,32,48,18,25,11,25,292,5,3,0,0,5,17,6,15,8,5,0,6,70,5,3,3,14,14,56,61,88,38,34,31,16,363,3,3,3,8,5,11,12,15,5,7,3,8,83,4,4,6,9,13,14,9,4,3,5,5,7,83,17,13,12,31,37,98,88,122,54,51,39,37,599,0,0,4,0,0,0,3,4,0,0
LGA12750,42,21,17,7,8,0,13,178,11,17,17,25,27,43,27,15,4,4,3,17,210,36,76,71,144,181,367,250,164,66,42,16,102,1515,4,0,7,4,7,9,3,3,4,0,0,3,44,5,13,13,23,35,35,25,6,8,0,5,20,188,3,4,7,12,6,12,3,0,0,0,0,0,47,3,13,7,15,13,12,8,0,0,0,3,11,85,15,30,34,54,61,68,39,9,12,0,8,34,364,112,168,159,279,354,588,428,257,118,55,33,242,2793,95,52,32,71,91,180,143,181,68,49,25,57,1044,4,5,5,11,15,40,33,43,24,23,6,14,223,14,20,13,41,45,135,152,214,93,53,28,33,841,11,5,3,14,16,38,31,39,13,10,11,8,199,13,14,8,17,22,33,21,34,14,10,5,7,198,42,44,29,83,98,246,237,330,144,96,50,62,1461,3,0,3,3,3,14,3,5,4,3
LGA12850,282,223,260,106,86,39,134,1516,44,70,59,134,166,358,300,325,155,113,60,191,1975,184,290,314,685,877,2240,1858,2140,944,612,292,927,11363,5,8,8,24,25,58,29,35,10,9,3,26,240,16,37,42,80,130,289,222,206,80,43,30,117,1292,9,13,20,30,25,66,49,38,14,11,4,46,325,27,47,29,71,76,170,100,114,36,41,15,70,796,57,105,99,205,256,583,400,393,140,104,52,259,2653,297,481,487,1040,1337,3253,2667,3097,1312,868,425,1423,16687,144,78,55,105,142,374,425,687,394,267,154,166,2991,48,33,18,52,87,244,269,330,204,181,82,86,1634,161,81,61,128,205,754,952,1632,837,606,253,287,5957,75,38,43,70,101,271,291,404,191,173,69,120,1846,90,53,60,89,115,298,283,424,254,217,126,143,2152,374,205,182,339,508,1567,1795,2790,1486,1177,530,636,11589,14,9,11,4,22,77,59,58,23,14
LGA12900,6,3,4,3,0,0,14,56,3,6,6,9,10,12,7,0,0,0,0,7,60,9,18,35,73,82,119,53,35,10,4,7,51,496,0,3,3,0,3,4,3,0,0,0,0,0,16,0,8,8,18,8,0,10,0,0,0,0,0,52,0,3,0,0,0,4,0,0,0,0,0,0,7,5,3,3,0,6,0,0,0,0,0,0,0,17,5,17,14,18,17,8,13,0,0,0,0,0,92,19,51,69,129,138,174,85,44,10,8,7,92,826,26,10,14,21,27,62,49,33,9,4,6,27,288,4,0,6,0,5,20,14,10,3,5,0,4,71,19,3,12,17,36,78,65,37,17,9,11,22,326,5,0,0,13,7,6,9,6,4,0,0,0,50,4,3,3,5,7,12,4,4,3,0,0,6,51,32,6,21,35,55,116,92,57,27,14,11,32,498,0,0,0,3,0,3,3,3,0,0
LGA12950,3,3,3,0,0,0,0,23,0,3,0,5,0,5,0,3,0,0,0,5,21,9,17,17,27,35,39,16,12,3,6,3,29,213,0,0,3,0,0,0,0,0,0,0,0,3,6,3,0,4,0,3,7,0,0,0,0,3,0,20,0,0,0,3,0,0,0,0,0,0,0,0,3,0,3,3,0,0,0,0,0,0,0,0,0,6,3,3,10,3,3,7,0,0,0,0,3,3,35,16,30,38,45,53,59,21,16,3,9,9,65,364,18,4,9,15,21,17,6,14,0,3,4,9,120,6,3,0,5,5,4,4,3,3,0,3,0,36,11,12,3,6,10,36,17,12,3,0,4,8,122,3,3,0,3,3,3,3,0,3,0,0,3,24,0,3,0,7,3,9,4,3,0,0,3,3,35,20,21,3,21,21,52,28,18,9,0,10,14,217,0,4,0,0,3,0,0,0,0,0
LGA13010,10,4,0,0,3,0,5,37,9,3,0,6,0,6,9,0,0,0,0,6,39,13,37,36,55,45,90,35,15,4,11,7,48,396,0,3,0,0,0,0,0,0,0,0,0,0,3,8,15,12,12,9,13,0,3,0,0,0,4,76,0,4,5,5,0,0,3,0,0,0,0,0,17,0,4,0,0,3,4,0,0,0,0,0,3,14,8,26,17,17,12,17,3,3,0,0,0,7,110,36,90,90,106,93,143,45,24,8,14,11,83,743,22,12,13,19,31,53,24,28,7,9,8,15,241,0,5,0,0,8,15,10,3,5,0,4,3,53,12,9,7,27,32,70,43,17,12,13,8,9,259,3,3,5,0,4,9,7,3,0,0,0,3,37,4,3,4,7,4,11,8,3,0,0,4,5,53,19,20,16,34,48,105,68,26,17,13,16,20,402,0,0,0,0,0,11,0,3,0,0
LGA13050,5,0,0,4,0,0,0,15,0,4,0,5,0,9,8,0,0,0,0,0,26,5,10,13,22,26,64,40,18,7,3,0,15,223,0,0,0,0,0,3,0,0,0,0,0,0,3,0,3,3,3,4,0,0,3,0,0,0,0,16,0,0,3,0,0,0,0,0,0,0,0,0,3,0,3,3,0,0,3,0,0,0,0,0,3,12,0,6,9,3,4,6,0,3,0,0,0,3,34,12,32,26,38,49,93,63,31,7,3,0,36,390,10,10,4,13,12,29,25,21,5,8,7,9,153,0,0,0,3,3,3,7,4,3,0,0,3,26,3,0,0,3,12,26,40,22,3,11,5,4,129,0,0,4,4,4,7,4,4,0,0,0,3,30,3,0,0,4,3,5,3,4,3,3,3,3,34,6,0,4,14,22,41,54,34,9,14,8,13,219,0,0,0,0,0,0,0,4,3,0
LGA13100,284,253,231,104,70,30,103,1421,49,60,66,105,107,311,213,237,87,49,37,126,1447,187,259,272,520,718,2067,2194,2389,948,591,316,682,11143,6,8,15,23,20,61,32,25,17,6,4,20,237,16,35,29,64,91,203,145,121,41,34,23,59,861,11,18,15,34,44,71,51,24,5,8,12,28,321,26,33,32,51,72,107,84,62,16,16,9,48,556,59,94,91,172,227,442,312,232,79,64,48,155,1975,361,499,473,916,1212,3132,3160,3594,1448,879,508,1192,17374,290,115,103,187,220,535,620,1124,612,452,256,250,4764,34,26,17,36,56,179,230,367,217,183,99,66,1510,84,43,52,102,156,553,910,2177,1207,794,399,253,6730,66,40,47,60,85,247,271,353,183,179,115,77,1723,81,46,43,72,95,241,235,294,175,142,82,99,1605,265,155,159,270,392,1220,1646,3191,1782,1298,695,495,11568,7,5,7,4,17,47,40,58,17,15
LGA13310,33,16,24,5,3,4,16,156,6,7,17,31,27,39,36,22,6,3,0,21,215,26,53,67,143,188,364,307,212,59,25,14,90,1548,0,0,3,6,5,6,6,0,0,0,0,3,29,4,10,11,18,27,43,18,13,5,0,0,10,159,0,0,6,4,4,9,0,0,0,0,0,3,26,12,6,6,14,5,7,6,5,0,0,0,10,71,16,16,26,42,41,65,30,18,5,0,0,26,285,68,109,117,265,320,607,446,312,85,49,26,182,2586,35,17,27,66,59,160,171,149,81,48,24,56,893,5,5,5,3,14,29,43,44,24,17,6,5,200,17,18,12,33,46,178,251,224,99,64,31,44,1017,7,7,7,7,23,36,35,50,17,6,4,4,203,15,3,5,17,23,41,51,40,24,13,3,14,249,44,33,29,60,106,284,380,358,164,100,44,67,1669,0,0,3,4,4,7,4,11,0,0
LGA13320,33,28,11,6,3,3,11,156,4,10,14,21,19,38,24,10,4,8,3,20,175,24,50,59,120,166,325,245,169,66,39,27,86,1376,0,3,0,5,3,9,3,3,0,0,0,3,29,0,4,13,22,24,36,13,11,5,0,0,17,145,0,4,3,4,9,14,7,3,3,0,0,4,51,7,7,6,4,16,18,7,3,0,0,0,10,78,7,18,22,35,52,77,30,20,8,0,0,34,303,68,130,135,223,301,541,367,281,107,77,44,222,2496,100,47,43,68,66,149,144,166,62,52,30,69,996,3,3,0,10,13,35,32,43,12,13,13,8,185,12,15,5,23,42,133,162,192,98,48,17,32,779,5,8,4,9,19,41,30,25,12,3,3,14,173,11,13,6,18,19,34,24,23,18,7,8,14,195,31,39,15,60,93,243,248,283,140,71,41,68,1332,3,3,0,6,6,11,9,5,3,0
LGA13340,17,6,4,0,3,0,6,64,0,5,3,13,7,13,7,6,0,0,3,19,76,13,34,44,69,79,141,74,39,14,10,10,89,616,0,6,0,0,0,6,0,0,0,0,0,0,12,5,5,6,11,12,6,6,3,0,0,0,0,54,0,0,5,5,5,0,0,3,0,0,0,0,18,3,5,4,5,3,0,0,0,0,0,0,7,27,8,16,15,21,20,12,6,6,0,0,0,7,111,36,75,83,133,133,212,111,63,24,17,17,152,1056,32,11,20,27,30,67,45,35,10,12,7,17,313,5,3,3,3,5,15,20,22,9,0,4,5,94,24,3,11,19,27,94,59,68,17,17,13,14,366,6,4,3,5,3,16,20,12,3,3,3,3,81,8,5,4,13,8,19,9,13,3,3,0,3,88,43,15,21,40,43,144,108,115,32,23,20,25,629,3,5,0,3,0,4,3,0,0,0
LGA13380,53,25,21,3,7,8,19,250,20,25,21,37,42,60,39,19,12,0,5,29,309,64,113,120,283,353,666,384,244,71,45,38,141,2522,3,3,7,15,17,20,14,3,0,0,0,3,85,13,17,27,54,32,60,30,12,4,7,0,17,273,0,8,9,20,8,13,3,3,0,0,0,14,78,7,23,11,22,21,15,6,6,0,0,0,17,128,23,51,54,111,78,108,53,24,4,7,0,51,564,156,240,250,538,572,1032,605,392,104,74,51,302,4316,116,68,60,109,135,271,198,198,84,55,37,76,1407,7,10,9,13,32,80,60,63,22,12,15,17,340,22,15,27,56,93,319,313,278,91,64,27,54,1359,9,9,13,20,29,62,55,49,24,8,11,13,302,18,11,11,29,27,74,55,30,19,6,5,17,302,56,45,60,118,181,535,483,420,156,90,58,101,2303,4,4,4,10,6,26,18,3,0,3
LGA13450,28,19,14,5,6,0,16,118,0,7,8,17,29,36,21,17,0,5,5,30,175,12,37,38,86,138,367,289,201,47,45,17,134,1411,3,3,3,3,3,3,3,0,0,0,0,0,21,0,0,3,8,7,18,6,4,0,0,0,3,49,0,3,3,0,4,3,4,0,0,0,0,3,20,6,0,7,0,9,14,0,0,0,0,0,5,41,9,6,16,11,23,38,13,4,0,0,0,11,131,33,53,73,121,212,503,411,264,69,53,20,203,2015,42,19,5,22,39,112,96,125,34,21,10,30,555,11,5,0,13,19,28,42,46,12,7,10,16,209,38,9,5,24,39,183,238,198,74,51,32,55,946,4,3,3,5,8,28,23,21,10,8,4,9,126,21,0,4,17,13,36,37,42,10,15,5,18,218,74,17,12,59,79,275,340,307,106,81,51,98,1499,0,0,0,0,3,11,3,4,3,0
LGA13500,7,0,0,0,0,0,0,25,3,0,0,5,4,6,3,5,0,0,0,3,29,8,14,14,27,42,55,23,10,3,4,0,23,223,0,0,0,3,0,0,0,0,0,0,0,0,3,0,3,3,5,3,3,0,3,0,0,0,3,23,0,3,0,0,0,0,0,0,0,0,0,3,6,0,3,0,0,0,0,0,3,0,0,0,0,6,0,9,3,8,3,3,0,6,0,0,0,6,38,8,32,20,43,50,71,31,19,3,4,0,44,325,7,3,3,3,17,23,14,10,3,4,0,5,92,0,0,0,7,5,8,8,4,3,0,3,0,38,8,3,3,5,11,31,15,25,7,6,3,6,123,0,0,3,3,5,3,3,0,3,0,3,3,26,3,4,0,0,0,3,8,0,0,0,0,3,21,11,7,6,15,21,45,34,29,13,6,9,12,208,0,0,0,0,3,0,0,0,0,0
LGA13550,5,4,5,0,0,3,9,53,6,4,8,9,15,13,4,3,0,3,0,6,71,18,27,49,103,105,112,61,41,5,12,6,56,595,0,6,4,3,0,3,0,0,0,0,0,0,16,9,3,9,21,11,10,0,0,0,0,0,4,67,0,4,0,4,0,0,0,0,0,0,0,3,11,3,3,3,3,3,4,3,0,0,0,0,3,25,12,16,16,31,14,17,3,0,0,0,0,10,119,43,66,86,167,162,175,84,58,14,15,9,117,996,34,17,8,25,31,62,53,36,19,6,5,17,313,6,4,3,5,11,27,16,9,9,3,6,9,108,15,0,12,14,27,88,88,60,35,16,13,18,386,0,4,0,3,11,15,4,9,7,3,0,7,63,9,0,3,11,11,20,12,4,3,5,0,9,87,30,8,18,33,60,150,120,82,54,27,19,43,644,0,0,3,3,0,3,0,0,3,3
LGA13650,9,3,0,0,0,0,0,20,3,3,5,3,3,0,3,0,0,0,0,5,25,12,16,17,37,38,30,16,8,3,0,3,23,203,0,0,3,0,0,0,0,0,0,0,0,0,3,0,9,3,5,6,0,0,0,0,0,0,0,23,0,4,0,0,0,0,0,0,0,0,0,0,4,0,0,0,0,0,0,0,0,0,3,0,0,3,0,13,6,5,6,0,0,0,0,3,0,0,33,19,41,33,53,60,44,20,14,3,3,3,45,338,15,3,10,10,12,21,11,10,5,3,4,10,114,0,0,4,5,5,6,8,4,0,0,0,0,32,11,3,5,9,13,49,23,11,9,7,6,11,157,0,3,4,0,4,4,4,3,0,0,0,0,22,8,3,0,6,3,3,3,0,0,0,3,0,29,19,9,13,20,25,62,38,18,9,7,9,11,240,0,0,0,0,3,0,0,0,0,0
LGA13660,0,3,0,0,0,4,3,20,6,0,0,4,0,3,0,0,0,3,0,6,22,15,14,28,35,19,27,12,11,0,6,4,39,210,0,0,3,0,0,0,0,0,0,0,0,0,3,0,6,4,5,3,3,0,0,0,0,0,5,26,0,0,0,0,0,0,0,0,0,0,0,0,0,0,3,3,3,3,0,0,0,0,0,0,0,12,0,9,10,8,6,3,0,0,0,0,0,5,41,22,36,55,61,35,40,18,18,3,9,4,79,380,27,4,4,17,18,13,4,7,5,4,8,10,121,6,0,0,4,3,3,0,3,0,3,0,3,25,14,9,5,18,10,33,17,17,3,3,5,6,140,4,0,0,4,3,3,3,0,3,0,0,0,20,10,3,3,0,4,5,5,0,0,3,0,5,38,34,12,8,26,20,44,25,20,6,9,5,14,223,0,0,0,0,0,0,0,0,0,0
LGA13700,6,0,0,0,0,0,0,20,0,5,0,6,7,6,0,0,0,0,0,3,27,3,16,24,32,34,32,18,8,0,3,3,18,191,0,0,0,5,0,0,0,0,0,0,0,0,5,0,8,3,3,5,0,0,0,0,0,0,3,22,0,0,3,0,0,0,0,0,0,0,0,3,6,0,0,0,6,0,0,0,0,0,0,0,0,6,0,8,6,14,5,0,0,0,0,0,0,6,39,6,33,37,55,54,42,23,14,0,3,6,47,320,21,6,6,6,18,29,13,9,0,0,7,5,120,0,0,0,5,6,6,0,8,0,8,0,0,33,5,3,6,6,17,24,14,11,3,3,0,10,102,0,0,0,3,3,5,0,3,0,0,0,0,14,0,3,4,3,0,5,0,3,0,0,0,0,18,5,6,10,17,26,40,14,25,3,11,0,10,167,0,0,0,0,0,0,0,0,0,0
LGA13800,113,101,92,38,25,28,45,555,14,19,16,37,59,138,91,104,51,45,24,63,661,71,96,93,225,313,874,912,1104,432,329,205,351,5005,3,4,4,10,14,18,11,7,0,3,5,8,87,4,15,9,40,35,71,64,55,19,10,6,29,357,3,6,3,7,15,29,27,13,4,3,3,5,118,6,7,12,21,24,40,51,27,15,5,5,19,232,16,32,28,78,88,158,153,102,38,21,19,61,794,121,180,166,372,498,1278,1346,1628,667,498,301,585,7640,99,29,33,47,68,174,242,453,309,246,162,125,1987,12,9,6,12,31,82,90,159,81,92,60,37,671,34,23,8,36,69,210,381,866,537,442,257,145,3008,17,7,8,18,37,90,94,131,91,66,49,32,640,32,11,11,35,35,107,128,158,82,71,72,57,799,95,50,33,101,172,489,693,1314,791,671,438,271,5118,3,0,3,3,3,13,16,23,6,6
LGA13850,6,0,0,0,0,0,4,17,3,0,0,0,4,0,0,0,0,0,0,6,13,9,13,22,38,22,31,9,5,0,0,3,22,174,3,0,0,0,0,0,0,0,0,0,0,0,3,0,3,0,5,0,3,3,0,0,0,0,3,17,0,0,0,0,0,0,0,0,3,0,0,0,3,0,0,0,0,0,0,0,0,0,0,0,3,3,3,3,0,5,0,3,3,0,3,0,0,6,26,20,24,39,52,34,44,12,5,3,0,3,35,271,6,8,3,13,11,15,4,0,3,0,0,8,71,0,0,0,0,3,5,0,5,0,3,3,3,22,5,4,4,7,3,32,7,8,3,3,0,3,79,0,0,0,5,3,0,5,0,3,0,0,0,16,0,4,0,0,5,0,6,0,3,0,0,0,18,5,8,4,12,14,37,18,13,9,6,3,6,135,3,0,0,0,6,0,0,0,0,0
LGA13950,105,90,120,40,40,22,51,612,14,25,33,42,50,131,96,119,60,33,21,72,696,78,107,117,249,299,853,910,1215,629,360,151,365,5333,3,4,3,9,9,16,10,7,5,3,0,0,69,8,13,12,29,42,70,73,45,31,7,3,31,364,3,0,6,12,9,24,35,17,13,5,4,7,135,8,16,22,24,23,66,40,46,22,19,0,36,322,22,33,43,74,83,176,158,115,71,34,7,74,890,129,172,185,390,470,1236,1340,1741,969,517,205,556,7910,75,16,24,45,60,192,275,524,416,331,119,88,2165,19,15,11,25,31,74,92,169,114,114,50,40,754,86,22,13,35,93,341,552,1128,880,649,266,185,4250,17,20,18,20,38,94,110,165,98,107,51,62,800,37,17,17,23,49,107,92,154,93,95,50,51,785,159,74,59,103,211,616,846,1616,1185,965,417,338,6589,3,3,3,4,0,15,10,26,16,11
LGA14000,282,268,392,203,258,139,177,2126,36,51,48,67,86,198,155,213,114,116,87,136,1307,236,274,249,446,538,1577,1697,2621,1816,1759,825,863,12901,5,6,3,9,14,60,22,41,8,16,5,17,206,5,14,0,35,30,95,71,87,48,40,24,48,497,9,22,11,29,38,68,67,57,23,22,11,31,388,22,22,20,30,39,79,66,64,30,26,11,45,454,41,64,34,103,121,302,226,249,109,104,51,141,1545,370,418,355,652,799,2221,2341,3552,2484,2406,1086,1286,17970,184,56,43,85,109,273,336,682,552,814,567,170,3871,71,22,28,36,54,152,172,310,223,397,311,74,1850,185,53,47,102,117,436,584,1419,1313,2136,1303,306,8001,140,55,53,72,93,249,247,398,285,461,395,128,2576,96,33,33,49,75,168,170,264,148,228,180,108,1552,492,163,161,259,339,1005,1173,2391,1969,3222,2189,616,13979,14,0,3,3,6,18,28,41,22,29
LGA14100,14,9,12,18,14,20,23,122,3,0,0,3,8,7,5,12,5,11,21,9,84,14,6,9,10,17,56,44,108,78,127,230,91,790,0,3,3,0,0,0,0,0,0,3,0,0,9,0,0,0,3,0,0,6,7,5,0,6,5,32,0,0,0,3,0,0,3,3,4,4,3,3,23,0,0,0,0,0,3,3,3,3,3,3,3,21,0,3,3,6,0,3,12,13,12,10,12,11,85,20,12,18,22,22,89,73,160,111,183,314,133,1157,14,3,5,7,4,19,15,31,23,47,101,14,283,6,0,0,0,0,13,6,17,7,11,53,10,123,12,0,4,6,4,23,16,34,45,92,246,32,514,4,4,0,3,0,6,10,21,15,10,54,16,143,8,5,0,0,0,10,4,12,4,10,35,7,95,30,9,4,9,4,52,36,84,71,123,388,65,875,3,0,0,0,0,0,0,0,0,0
LGA14150,126,98,107,57,56,35,66,676,21,14,19,42,41,94,82,101,54,45,35,46,594,98,94,118,193,247,684,695,1005,562,456,305,367,4824,4,3,0,5,6,19,12,12,5,4,3,4,77,6,5,5,19,18,54,56,46,25,15,14,17,280,6,4,10,9,12,31,13,21,7,9,7,6,135,3,4,5,17,25,37,31,30,18,8,5,25,208,19,16,20,50,61,141,112,109,55,36,29,52,700,149,139,162,290,371,996,1008,1435,805,666,434,522,6977,72,21,30,38,61,170,209,417,288,320,186,66,1878,19,9,12,18,26,63,80,100,75,86,75,47,610,86,39,12,52,79,258,334,653,551,677,380,140,3261,45,18,8,30,30,112,119,150,95,103,89,50,849,39,8,11,23,34,82,71,136,66,87,71,44,672,189,74,43,123,169,515,604,1039,787,953,615,281,5392,6,0,5,0,7,7,11,16,9,6
LGA14200,20,9,5,4,0,0,6,86,6,12,12,19,11,20,7,8,0,0,0,8,103,18,57,77,132,142,204,98,56,20,6,10,67,887,3,4,3,4,4,3,0,0,0,0,0,3,24,5,16,10,19,9,15,5,3,0,0,0,7,89,0,4,0,8,0,3,0,0,0,0,0,3,18,3,6,8,6,0,4,0,0,0,0,0,0,27,11,30,21,37,13,25,5,3,0,0,0,13,158,56,120,130,228,236,311,124,76,30,14,14,141,1480,62,29,19,38,45,85,66,46,17,8,11,34,460,5,3,7,13,16,29,21,25,6,3,3,9,140,15,11,11,38,52,138,121,85,40,17,13,17,558,7,3,4,6,7,21,11,14,5,3,3,10,94,8,10,4,6,14,27,17,10,3,5,3,6,113,35,27,26,63,89,215,170,134,54,28,22,42,905,4,0,0,5,0,5,5,4,0,0
LGA14250,0,0,0,0,0,0,6,6,0,0,0,0,3,0,3,0,0,0,0,3,9,3,5,16,4,10,0,3,4,0,0,4,29,78,0,0,0,0,0,0,0,0,0,0,0,0,0,4,0,0,0,0,0,0,0,0,0,0,0,4,0,0,0,0,0,0,0,0,0,0,0,0,0,0,0,0,0,0,0,0,0,0,0,0,0,0,4,0,0,0,0,0,0,0,0,0,0,0,4,10,8,20,7,10,5,6,7,0,3,4,38,118,11,3,4,0,4,6,4,5,3,0,7,5,52,4,0,0,3,3,0,0,0,0,0,0,0,10,0,3,7,3,3,6,0,0,4,3,3,4,36,3,0,0,3,0,3,0,0,0,0,0,0,9,3,0,0,0,3,0,3,0,0,0,0,4,13,10,3,7,9,9,9,3,0,4,3,3,8,68,0,0,0,0,0,0,0,0,0,0
LGA14300,6,7,0,0,3,0,9,34,0,3,6,11,3,8,0,0,0,0,4,7,42,6,21,26,68,39,64,28,7,10,6,8,46,329,0,0,3,0,0,0,0,0,0,0,0,0,3,0,8,4,11,8,11,0,0,0,0,0,0,42,0,5,3,0,0,0,0,0,0,0,0,0,8,0,3,0,3,3,3,4,0,0,0,0,0,16,0,16,10,14,11,14,4,0,0,0,0,0,69,9,46,47,94,68,105,47,11,14,6,11,76,534,9,3,5,14,23,35,23,15,3,3,6,18,157,3,0,4,0,9,12,8,4,3,3,0,6,52,9,4,5,14,19,47,34,33,11,10,4,6,196,3,0,5,3,7,10,9,0,3,0,0,0,40,3,6,0,3,3,10,4,4,3,3,0,6,45,18,10,14,20,38,79,55,41,20,16,4,18,333,0,0,0,3,0,3,0,0,0,0
LGA14350,30,18,7,0,0,0,7,140,11,19,17,28,22,31,11,4,3,0,0,17,163,28,70,93,174,187,336,171,92,29,14,16,75,1285,4,3,5,14,11,8,3,4,3,0,0,3,58,10,23,20,27,39,38,20,0,0,0,0,14,191,0,3,4,4,3,3,7,0,0,0,0,3,27,7,8,6,19,12,13,3,6,3,3,0,7,87,21,37,35,64,65,62,33,10,6,3,0,27,363,96,179,165,307,340,549,279,166,58,28,29,149,2345,52,50,44,62,66,161,105,109,41,24,21,46,781,9,4,4,12,15,39,35,37,13,7,0,4,179,14,11,20,33,46,156,151,158,51,36,22,32,730,7,8,13,8,28,23,33,20,6,10,0,6,162,7,8,5,20,19,26,28,16,6,7,6,9,157,37,31,42,73,108,244,247,231,76,60,28,51,1228,0,0,0,3,7,14,7,0,3,0
LGA14400,40,33,37,15,5,4,19,220,4,5,7,13,19,44,22,15,10,15,4,21,179,29,43,36,82,114,261,217,233,99,81,31,92,1318,0,3,0,3,0,4,8,0,0,0,0,3,21,3,5,5,8,11,16,11,7,3,4,0,3,76,0,0,7,3,0,7,8,7,3,0,0,0,35,3,3,5,0,6,10,4,5,0,0,0,4,40,6,11,17,14,17,37,31,19,6,4,0,10,172,52,74,64,120,163,361,294,315,140,115,42,125,1865,39,12,14,28,26,60,64,98,78,59,40,26,544,5,4,4,8,5,19,31,50,22,14,13,7,182,18,11,5,19,12,73,93,185,123,121,51,27,738,10,3,4,9,15,39,28,40,20,29,13,14,224,7,3,5,11,7,32,26,41,22,21,6,14,195,40,21,18,47,39,163,178,316,187,185,83,62,1339,3,3,0,0,3,4,0,3,4,3
LGA14450,73,68,86,40,58,44,49,512,5,5,3,9,18,42,40,73,36,30,44,61,366,48,67,43,113,159,418,465,675,358,398,344,320,3408,0,0,3,0,6,4,5,5,3,0,3,3,32,3,11,10,12,4,29,24,27,10,14,9,13,166,3,3,5,5,6,17,15,23,4,6,10,14,111,3,4,3,5,11,26,23,22,6,11,6,18,138,9,18,21,22,27,76,67,77,23,31,28,48,447,81,101,86,167,231,623,671,1012,524,561,461,451,4969,44,16,14,24,33,99,121,303,183,198,188,68,1291,12,5,8,14,9,43,38,92,45,66,114,21,467,64,22,25,21,49,162,209,453,321,442,431,114,2313,38,8,12,15,26,53,58,117,67,100,107,36,637,23,14,14,14,17,37,49,97,58,59,65,34,481,137,49,59,64,101,295,354,759,491,667,717,205,3898,5,3,0,0,4,7,3,8,5,0
LGA14500,141,155,249,200,234,286,192,1639,27,25,20,33,38,72,77,115,72,91,96,115,781,160,100,120,165,210,616,680,1322,952,1481,1970,768,8544,0,0,0,4,3,14,14,13,8,3,12,17,88,3,7,8,6,12,27,29,43,18,29,42,32,256,8,8,8,6,7,30,23,24,25,28,33,40,240,9,4,7,15,9,27,17,20,12,19,14,35,188,20,19,23,31,31,98,83,100,63,79,101,124,772,235,164,185,251,307,860,923,1680,1190,1865,2348,1091,11099,152,34,43,42,56,140,135,293,258,394,590,98,2235,68,12,14,18,20,76,79,160,116,209,584,82,1438,132,36,25,30,46,170,224,511,436,1019,2243,273,5145,98,27,29,26,41,109,107,246,171,294,586,96,1830,56,16,12,19,23,70,46,109,82,144,241,49,867,354,91,80,93,130,425,456,1026,805,1666,3654,500,9280,6,0,5,3,0,14,5,16,14,11
LGA14550,7,4,0,0,0,3,3,46,3,5,0,0,4,3,4,3,3,3,0,7,35,18,26,40,64,68,89,46,25,12,9,11,37,445,0,6,5,6,3,0,0,0,0,0,0,3,23,3,17,20,11,14,7,3,3,0,0,0,0,78,0,3,4,3,0,3,0,0,0,0,0,0,13,3,5,0,5,0,0,0,0,0,0,0,4,17,6,31,29,25,17,10,3,3,0,0,0,7,131,45,91,98,133,103,131,68,40,18,12,14,75,828,26,21,16,30,18,46,39,35,14,11,8,10,274,0,3,4,9,3,12,14,8,4,3,4,6,70,10,10,11,22,24,51,53,38,13,8,15,12,267,3,6,4,3,10,12,7,5,3,0,0,3,56,4,0,3,11,3,10,0,7,3,4,0,3,48,17,19,22,45,40,85,74,58,23,15,19,24,441,0,0,0,0,0,5,4,0,0,0
LGA14600,0,3,0,0,0,0,7,23,0,3,3,5,0,3,3,3,0,3,0,5,28,10,25,26,53,51,41,20,10,4,3,4,45,292,0,0,0,0,0,0,0,0,0,0,0,0,0,4,4,3,0,3,0,0,0,0,0,0,0,14,0,0,0,0,0,0,0,0,0,0,0,3,3,0,0,3,3,3,0,0,0,0,0,0,3,12,4,4,6,3,6,0,0,0,0,0,0,6,29,23,39,43,76,72,68,23,16,8,3,7,88,466,36,10,7,13,11,22,14,3,3,0,5,16,140,0,0,0,0,14,10,5,3,0,0,0,3,35,28,4,13,19,29,40,18,8,7,4,11,17,198,0,4,0,4,3,3,7,3,3,0,0,3,30,10,0,5,6,0,6,4,3,0,0,0,4,38,38,8,18,29,46,59,34,17,10,4,11,27,301,0,3,0,3,0,0,0,0,0,0
LGA14650,370,246,199,76,46,32,131,1671,70,133,95,185,249,370,222,208,71,49,29,205,1886,262,459,409,906,1346,3061,2464,2136,721,424,263,862,13313,10,7,22,29,39,49,28,19,4,3,4,27,241,19,57,61,110,144,298,148,139,23,14,12,77,1102,10,36,21,73,52,90,50,28,8,8,6,25,407,34,66,49,68,73,137,69,48,13,10,6,83,656,73,166,153,280,308,574,295,234,48,35,28,212,2406,522,843,723,1560,2046,4534,3613,3301,1056,621,376,1488,20683,359,139,140,240,319,749,784,1328,736,475,239,290,5798,36,33,18,59,86,255,304,398,226,152,91,70,1728,116,69,63,182,262,872,1388,2483,1170,781,306,311,8003,83,45,47,93,129,329,327,365,182,142,104,71,1917,85,66,48,123,170,386,331,367,155,111,88,122,2052,320,213,176,457,647,1842,2350,3613,1733,1186,589,574,13700,3,7,16,13,17,73,48,51,16,11
LGA14700,23,24,37,29,22,52,31,272,3,5,0,3,8,20,13,11,24,15,30,18,150,33,30,27,32,44,142,174,290,221,299,455,166,1913,0,0,0,0,0,0,5,3,8,0,5,4,25,0,0,3,0,0,8,14,9,3,13,15,11,76,0,6,3,4,4,7,3,5,5,3,3,9,52,0,6,5,3,7,10,6,14,3,3,0,10,67,0,12,11,7,11,25,28,31,19,19,23,34,220,48,55,47,70,78,238,271,504,351,425,606,258,2951,39,19,15,18,13,36,56,166,146,150,199,37,894,8,0,3,0,3,16,12,25,14,38,105,17,241,36,11,9,9,17,54,57,144,161,256,608,78,1440,16,0,3,7,7,16,20,52,28,46,82,22,299,5,0,4,5,6,16,11,20,8,19,35,6,135,65,11,19,21,33,102,100,241,211,359,830,123,2115,3,0,0,0,0,3,0,7,3,3
LGA14750,10,3,4,0,0,0,0,43,4,5,4,8,17,30,5,4,0,0,0,10,87,12,27,34,77,114,202,105,66,8,6,10,60,721,0,0,0,3,0,0,0,0,0,4,0,0,7,4,0,10,6,9,11,9,0,0,0,0,0,49,0,0,0,4,0,5,0,0,0,0,0,3,12,0,3,0,5,4,6,0,3,0,0,3,0,24,4,3,10,18,13,22,9,3,0,4,3,3,92,25,41,56,130,163,302,150,88,15,10,13,95,1088,19,10,18,26,28,60,56,35,10,4,5,19,290,5,3,0,4,12,17,13,17,4,3,0,4,82,21,9,8,23,26,123,83,82,18,17,4,24,438,3,4,0,3,5,14,20,13,0,3,4,3,72,7,0,4,7,13,16,13,8,3,3,3,11,88,36,16,12,37,56,170,129,120,25,26,11,42,680,0,0,0,0,3,3,3,3,0,0
LGA14800,27,35,40,14,40,29,31,261,5,11,6,11,4,25,17,30,21,21,19,19,189,33,42,30,46,77,213,221,416,326,519,418,181,2522,4,0,0,3,4,0,5,7,0,3,0,3,29,4,3,4,10,11,22,21,21,18,27,13,20,174,0,4,4,6,3,17,6,17,9,7,3,11,87,9,8,0,12,5,20,9,21,4,11,11,9,119,17,15,8,31,23,59,41,66,31,48,27,43,409,67,84,64,116,152,402,397,758,661,1077,793,331,4902,64,20,20,30,37,97,101,210,197,409,692,68,1945,3,0,0,4,4,22,11,31,10,32,54,4,175,52,14,15,20,21,93,113,245,237,597,976,97,2480,16,11,5,4,8,21,20,40,26,46,64,12,273,16,4,6,10,11,17,26,21,18,32,35,6,202,87,29,26,38,44,153,170,337,291,707,1129,119,3130,0,0,0,0,3,0,0,7,6,5
LGA14850,66,34,21,3,5,5,18,261,17,13,18,36,45,52,23,25,4,0,3,32,268,66,101,123,244,339,674,389,248,70,29,29,148,2460,4,11,10,11,10,19,6,0,3,0,0,7,81,13,19,29,58,48,69,28,14,6,0,0,21,305,8,11,13,24,19,14,8,3,3,3,0,5,111,12,12,12,28,18,23,10,0,0,0,0,18,133,37,53,64,121,95,125,52,17,12,3,0,51,630,152,224,249,475,568,1072,613,375,109,59,45,293,4234,68,42,37,86,89,234,225,259,99,55,31,56,1281,7,10,4,29,24,77,55,77,29,25,12,17,366,25,13,26,62,70,255,327,400,143,81,39,44,1485,12,8,14,17,36,71,42,56,18,15,6,20,315,13,12,9,24,28,44,44,47,17,7,6,13,264,57,43,53,132,158,447,468,580,207,128,63,94,2430,4,7,0,8,9,22,16,13,6,0
LGA14870,37,18,4,3,4,3,3,111,8,10,6,18,27,36,20,12,4,0,0,13,154,22,36,44,100,153,301,201,146,39,24,9,69,1144,0,0,3,3,0,3,0,0,0,0,0,0,9,4,4,6,18,22,17,9,7,0,0,0,8,95,0,5,3,4,6,8,4,0,0,0,0,0,30,0,4,3,3,6,5,9,3,0,0,3,12,48,4,13,15,28,34,33,22,10,0,0,3,20,182,39,80,80,181,270,440,291,203,67,43,17,135,1846,35,20,19,30,59,114,102,97,51,26,16,37,606,5,3,5,5,12,22,35,35,12,14,4,11,163,5,4,9,23,57,148,136,143,83,57,21,30,716,4,3,3,5,16,35,13,22,7,5,9,8,130,10,3,3,14,14,40,35,34,8,9,9,4,183,24,13,20,47,99,245,219,234,110,85,43,53,1192,0,0,0,3,3,5,0,3,3,4
LGA14900,265,260,293,169,118,54,143,1550,36,42,48,92,121,335,266,345,174,139,76,192,1866,158,219,224,468,731,2333,2420,3182,1633,1115,510,975,13968,7,7,3,14,14,44,31,39,14,6,4,13,196,10,22,15,63,88,204,162,208,79,49,17,81,998,4,14,9,19,23,51,44,42,22,10,8,24,270,26,23,34,53,40,136,97,88,33,38,16,83,667,47,66,61,149,165,435,334,377,148,103,45,201,2131,275,341,350,743,1064,3204,3218,4411,2319,1562,690,1424,19601,151,56,46,80,117,360,451,925,841,597,273,225,4122,57,27,25,40,71,271,305,492,325,313,156,136,2218,166,62,58,107,186,724,1100,2123,1726,1327,517,412,8508,71,30,32,60,93,223,288,441,332,267,140,119,2096,85,36,44,77,88,291,289,444,328,248,140,147,2217,379,155,159,284,438,1509,1982,3500,2711,2155,953,814,15039,13,7,5,14,15,38,50,54,34,24
LGA14920,5,0,0,3,0,0,5,35,0,6,5,8,4,5,0,3,0,0,0,4,35,8,30,28,52,50,42,33,11,7,6,3,39,309,3,3,0,0,0,0,3,0,0,0,0,3,12,4,9,7,8,3,6,3,0,0,0,0,0,40,0,4,3,3,0,0,0,0,0,0,0,0,10,3,0,3,3,0,0,0,0,0,0,0,3,12,10,16,13,14,3,6,6,0,0,0,0,6,74,24,66,59,97,73,81,48,15,7,6,6,69,551,19,11,9,20,29,49,16,21,10,5,10,17,216,0,0,5,3,8,15,7,0,0,4,3,5,50,13,6,0,11,17,38,37,31,13,3,11,18,198,3,0,3,7,0,3,3,10,0,0,3,3,35,5,0,0,6,3,6,5,4,0,0,0,3,32,21,6,8,27,28,62,52,45,13,7,17,29,315,0,0,0,0,0,0,3,0,0,0
LGA14950,0,0,0,0,0,0,4,14,3,3,3,5,3,3,0,0,0,0,3,3,26,9,12,14,24,31,23,12,10,3,0,6,33,177,3,0,0,0,0,0,0,0,0,0,0,0,3,0,3,4,5,5,3,3,0,0,0,0,0,23,0,0,0,0,0,0,0,0,0,3,0,0,3,0,0,0,3,0,5,0,0,0,0,0,0,8,3,3,4,8,5,8,3,0,0,3,0,0,37,20,25,23,47,46,45,21,14,3,3,9,52,308,12,5,3,14,12,15,10,12,4,4,0,7,98,0,3,0,3,0,10,3,6,0,0,0,0,25,17,3,0,8,14,22,12,15,5,3,5,9,113,5,0,0,0,5,0,3,0,0,0,0,0,13,3,0,3,3,3,3,0,3,0,0,0,0,18,25,6,3,14,22,35,18,24,5,3,5,9,169,0,0,0,0,0,0,0,0,0,0
LGA15050,142,90,67,28,17,6,35,552,26,52,47,54,76,147,100,74,20,17,3,48,664,94,134,160,317,503,1260,1046,812,223,122,55,268,4994,0,3,5,14,3,22,8,8,0,0,0,5,68,8,16,24,46,67,107,64,37,11,3,5,13,401,10,15,7,14,18,29,9,4,3,0,0,10,119,13,19,12,28,37,40,14,12,4,6,0,19,204,31,53,48,102,125,198,95,61,18,9,5,47,792,182,270,272,547,768,1854,1508,1217,343,197,92,450,7700,114,49,41,88,122,294,379,593,248,155,61,105,2249,14,15,18,18,32,110,124,173,57,49,21,23,654,36,22,23,57,105,402,676,1038,430,294,119,111,3313,26,10,11,30,39,108,122,145,60,50,32,34,667,37,32,30,38,51,131,120,143,54,40,21,44,741,113,79,82,143,227,751,1042,1499,601,433,193,212,5375,4,0,0,4,11,9,18,23,7,0
LGA15150,19,30,32,16,33,42,22,236,4,6,4,6,9,16,10,20,10,20,25,20,150,22,26,33,28,41,137,165,297,234,346,482,152,1963,3,3,0,3,4,3,0,5,0,0,3,3,27,3,3,5,5,0,3,17,10,7,9,9,14,85,3,0,3,0,0,9,5,3,4,7,12,10,56,3,3,4,3,9,7,10,10,4,4,4,7,68,12,9,12,11,13,22,32,28,15,20,28,34,236,48,50,54,51,80,221,266,474,363,518,673,268,3066,56,6,14,11,24,48,52,99,105,189,297,50,951,11,0,0,4,3,12,6,31,20,42,94,13,236,27,8,10,10,18,49,79,160,136,323,800,79,1699,12,7,4,6,3,20,21,27,24,65,110,22,321,16,4,5,5,7,14,18,23,13,14,49,22,190,66,19,19,25,31,95,124,241,193,444,1053,136,2446,5,0,0,0,0,0,4,3,4,9
LGA15200,36,41,40,15,21,15,17,249,5,7,9,27,14,32,32,38,21,19,7,40,251,41,43,55,117,109,333,377,582,404,447,197,171,2876,0,3,3,4,3,8,5,9,5,4,0,3,47,7,11,9,19,31,52,43,53,31,25,5,17,303,3,4,3,7,11,28,18,21,4,4,6,3,112,6,3,5,19,9,31,18,19,8,9,5,23,155,16,21,20,49,54,119,84,102,48,42,16,46,617,81,103,102,211,236,674,734,1120,864,953,403,334,5815,58,22,8,34,39,144,195,399,371,612,484,95,2461,8,3,8,8,11,20,25,48,28,48,41,10,258,49,17,20,44,36,144,214,450,442,763,603,90,2872,15,6,4,16,9,39,36,58,34,50,44,15,326,13,5,5,7,19,41,29,39,20,38,34,16,266,85,31,37,75,75,244,304,595,524,899,722,131,3722,3,0,3,4,4,7,8,8,14,3
LGA15270,36,14,15,4,0,0,14,125,4,3,3,16,11,29,18,10,0,4,5,15,118,19,40,66,115,156,312,203,121,32,27,18,94,1203,0,0,0,7,6,5,0,0,0,0,0,0,18,6,10,7,15,17,33,8,6,3,3,0,5,113,0,0,3,3,0,4,4,3,0,3,0,0,20,3,8,5,4,5,4,3,0,0,0,3,5,40,9,18,15,29,28,46,15,9,3,6,3,10,191,62,99,112,198,239,464,309,183,50,47,27,174,1964,50,26,25,31,43,122,91,114,56,35,25,48,666,8,3,0,6,14,28,28,35,15,13,3,13,166,14,14,14,25,46,111,140,192,80,78,33,31,778,4,3,8,5,8,25,22,25,11,11,10,4,136,15,11,7,10,12,29,26,24,12,9,0,12,167,41,31,29,46,80,193,216,276,118,111,46,60,1247,0,5,0,3,4,3,4,3,3,0
LGA15300,5,10,0,5,0,0,4,52,0,10,5,8,8,28,4,3,0,0,0,17,83,7,26,30,65,77,153,95,53,14,7,7,84,618,0,0,3,0,3,3,0,0,0,0,0,3,12,5,11,4,4,9,15,0,3,0,0,3,10,64,0,0,0,3,0,0,0,3,0,0,0,3,9,0,0,3,5,4,6,6,0,0,0,0,3,27,5,11,10,12,16,24,6,6,0,0,3,19,112,16,49,58,116,127,222,141,70,25,19,15,151,1009,25,10,17,24,35,52,51,41,20,8,9,35,327,5,0,0,5,3,11,10,8,4,3,3,5,57,20,6,11,11,40,87,72,79,22,11,13,14,386,7,0,5,0,4,7,12,6,5,0,4,0,50,12,0,0,12,8,18,7,7,0,5,0,6,75,44,6,16,28,55,123,101,100,31,19,20,25,568,0,0,0,4,0,3,5,0,0,0
LGA15350,18,11,30,13,31,77,19,221,0,0,0,6,6,11,11,22,10,9,23,15,113,19,7,18,24,20,83,79,149,89,172,498,140,1298,3,0,0,0,0,0,3,0,0,0,4,3,13,5,0,0,3,8,0,3,4,8,9,18,4,62,0,6,0,3,3,0,3,3,0,8,8,10,44,0,0,0,3,0,5,3,7,3,3,7,9,40,8,6,0,9,11,5,12,14,11,20,37,26,159,32,18,31,49,42,128,131,267,165,295,688,230,2076,39,5,6,14,13,41,37,83,65,109,212,35,659,8,0,3,0,0,3,7,20,7,14,91,21,174,20,3,3,7,5,25,26,70,63,97,518,46,883,15,3,3,0,3,11,9,15,18,25,94,17,213,12,5,3,0,3,5,6,11,3,8,39,12,107,55,11,12,7,11,44,48,116,91,144,742,96,1377,3,0,0,0,0,0,0,3,3,0
LGA15500,9,4,4,0,0,0,0,26,0,4,3,3,3,7,0,0,3,0,4,3,30,8,9,19,30,30,98,70,35,13,10,4,38,364,0,0,0,0,0,4,0,0,0,0,0,0,4,0,0,0,5,3,3,5,0,0,0,0,3,19,0,3,0,0,0,3,4,0,0,0,0,0,10,0,0,3,0,4,3,0,3,3,0,0,0,16,0,3,3,5,7,13,9,3,3,0,0,3,49,16,26,29,55,62,149,111,55,19,16,8,73,619,24,14,11,24,16,42,34,41,9,7,4,20,246,8,0,0,4,4,7,10,8,5,4,3,4,57,6,0,4,4,9,42,57,53,11,10,10,15,221,3,0,3,0,3,6,7,6,3,3,0,7,41,0,3,0,4,0,7,6,3,4,0,5,6,38,17,3,7,12,16,62,80,70,23,17,18,32,357,0,0,0,0,0,0,0,3,0,0
LGA15550,0,3,0,0,0,0,5,8,0,3,0,5,0,0,3,3,0,0,0,3,17,0,6,7,15,23,28,15,6,0,0,4,17,121,0,0,0,3,0,0,0,0,0,0,0,0,3,0,0,0,3,7,0,0,0,0,0,0,3,13,0,0,0,0,0,0,0,0,0,0,0,0,0,0,0,0,3,0,0,0,0,0,0,0,3,6,0,0,0,9,7,0,0,0,0,0,0,6,22,0,12,15,36,35,40,20,6,0,4,4,38,210,8,0,3,8,8,11,4,9,3,0,3,3,60,0,0,0,0,0,6,5,0,0,0,0,0,11,6,0,0,10,9,25,15,3,0,0,3,4,75,0,0,0,0,4,6,0,0,0,0,0,0,10,3,0,0,0,3,0,3,0,3,0,0,5,17,9,0,0,10,16,37,23,3,3,0,3,9,113,0,0,0,0,0,0,0,0,0,0
LGA15650,28,18,10,3,0,0,4,87,3,0,5,10,15,22,16,10,6,5,0,4,96,10,24,31,74,87,257,200,171,37,21,11,65,988,0,0,3,0,3,3,0,3,0,0,0,3,15,0,5,8,8,13,14,10,3,3,3,0,3,70,0,0,3,4,0,5,5,0,0,0,0,5,22,0,0,4,4,7,8,0,3,0,0,0,3,29,0,5,18,16,23,30,15,9,3,3,0,14,136,13,49,66,121,153,385,281,222,60,35,20,113,1518,23,5,6,19,24,68,91,107,47,34,10,26,460,8,5,3,5,4,16,29,28,12,14,5,5,134,3,3,3,23,28,74,133,171,86,47,18,23,612,0,0,3,4,3,15,21,22,4,9,8,5,94,0,0,5,10,4,21,26,27,7,3,0,11,114,11,8,14,42,39,126,209,248,109,73,31,44,954,0,0,0,0,3,4,3,7,3,0
LGA15700,17,9,8,0,0,0,6,103,3,12,11,9,10,22,9,3,3,3,3,13,101,29,45,54,100,111,197,113,63,14,12,8,51,797,0,5,5,14,3,3,3,3,0,0,0,3,39,7,12,14,20,27,22,9,9,3,0,0,8,131,5,7,4,3,8,7,3,0,0,0,0,3,40,0,5,0,7,6,6,5,0,0,0,0,8,37,12,29,23,44,44,38,20,12,3,0,0,22,247,71,119,121,201,215,301,179,109,29,17,17,111,1490,58,26,39,44,47,94,80,59,18,10,15,31,521,6,3,0,12,12,17,23,33,12,3,0,6,127,11,10,10,24,42,94,107,97,24,13,12,25,469,8,3,3,6,8,22,17,19,6,5,3,4,104,4,9,10,14,13,24,17,7,5,0,3,3,109,29,25,23,56,75,157,164,156,47,21,18,38,809,3,0,3,3,7,4,3,3,0,0
LGA15750,16,0,0,3,4,0,8,55,3,10,7,13,10,13,4,6,0,0,8,18,92,15,34,45,103,116,188,79,46,13,10,15,80,744,0,0,3,3,0,0,0,0,0,0,0,0,6,0,9,12,8,11,8,4,3,0,0,0,6,61,0,0,0,3,3,7,0,0,0,0,0,3,16,3,4,0,3,6,5,0,0,0,0,0,3,24,3,13,15,17,20,20,4,3,0,0,0,12,107,33,71,79,169,188,271,108,70,18,14,23,156,1200,30,17,15,28,39,82,48,38,7,6,12,34,356,0,4,3,6,4,17,15,16,3,4,0,10,82,21,9,13,23,32,107,98,90,32,17,17,22,481,5,3,0,7,6,16,13,11,4,0,3,5,73,5,0,3,5,11,14,12,11,3,3,0,7,74,31,16,19,41,53,154,138,128,42,24,20,44,710,0,0,0,0,0,6,0,0,0,0
LGA15800,9,5,0,0,0,0,4,32,0,0,8,7,6,0,0,0,0,0,0,9,30,9,25,35,59,51,64,24,19,0,0,4,35,325,3,3,0,3,0,0,0,0,0,0,0,0,9,3,5,3,5,7,7,3,0,0,0,0,3,36,3,3,0,0,0,0,0,0,0,0,0,0,6,0,3,3,0,3,0,0,0,0,0,3,3,15,9,14,6,8,10,7,3,0,0,0,3,6,66,25,54,57,97,78,99,36,23,3,3,10,71,556,20,9,6,13,19,35,7,8,3,3,5,16,144,4,3,4,5,7,12,7,6,0,0,4,6,58,4,5,7,18,31,50,32,19,14,3,4,11,198,3,0,3,4,6,11,3,5,0,0,0,5,40,3,3,0,5,10,7,3,4,3,0,0,3,41,14,11,14,32,54,80,45,34,17,3,8,25,337,0,0,0,0,0,3,0,0,0,0
LGA15850,6,3,0,0,0,0,8,34,3,3,5,5,4,8,3,7,0,0,0,14,52,9,21,24,61,61,72,26,24,3,0,3,60,364,0,3,0,3,3,0,0,0,0,0,0,0,9,0,9,7,3,6,3,0,3,0,0,0,4,35,0,3,0,3,0,0,3,0,0,0,0,0,9,0,0,0,3,3,0,0,0,0,0,0,4,10,0,15,7,12,12,3,3,3,0,0,0,8,63,12,47,48,98,90,111,43,41,6,0,6,93,595,19,5,9,19,19,43,28,14,6,4,9,10,185,6,0,0,4,7,16,5,4,0,3,4,0,49,15,10,9,8,22,49,41,26,9,8,6,14,217,3,0,0,10,3,11,0,9,0,0,0,4,40,0,0,0,4,3,9,5,10,3,0,0,3,37,24,10,9,26,35,85,51,49,12,11,10,21,343,0,0,0,0,4,3,0,0,0,0
LGA15900,226,152,134,41,41,40,94,1034,34,63,60,95,96,224,127,104,36,22,24,100,985,176,263,267,549,721,1873,1581,1349,456,317,220,560,8332,10,11,11,24,28,29,30,13,0,0,3,4,163,22,31,31,81,82,188,129,53,16,11,8,52,704,11,19,22,50,42,70,43,25,0,0,7,26,315,20,32,40,34,54,116,57,37,7,5,3,47,452,63,93,104,189,206,403,259,128,23,16,21,129,1634,355,482,505,968,1232,2944,2482,2196,706,475,338,960,13643,213,87,90,152,193,532,654,1087,544,345,209,187,4293,37,20,20,43,44,147,165,212,136,80,55,42,1001,112,57,52,133,208,626,959,1689,824,608,340,184,5792,48,26,29,62,86,199,171,247,119,84,65,48,1184,54,27,21,67,82,189,181,197,97,79,33,65,1092,251,130,122,305,420,1161,1476,2345,1176,851,493,339,9069,0,3,0,8,25,31,37,28,13,4
LGA15950,20,12,39,23,36,46,30,230,6,6,3,3,10,12,9,26,22,21,34,15,167,30,16,14,29,37,107,92,230,211,275,438,120,1599,0,0,0,3,0,3,3,3,7,0,7,3,29,0,0,0,0,6,7,16,15,7,17,12,16,96,0,0,0,3,4,8,11,15,4,15,4,9,73,0,9,7,8,4,16,7,22,7,5,7,16,108,0,9,7,14,14,34,37,55,25,37,30,44,306,62,48,44,65,98,281,268,595,565,664,800,285,3775,76,17,23,26,19,100,127,274,283,463,596,89,2093,8,0,0,3,3,12,4,12,8,20,49,5,124,30,7,3,8,18,42,52,142,137,284,613,64,1400,9,7,0,4,7,16,13,19,19,42,102,14,252,10,0,7,0,3,13,6,22,14,29,58,7,169,57,14,10,15,31,83,75,195,178,375,822,90,1945,0,0,0,3,0,0,0,7,0,3
LGA16100,10,8,0,0,0,0,9,41,0,10,4,0,6,13,3,3,0,0,0,5,44,5,22,12,27,37,106,59,28,7,13,8,23,347,0,0,0,0,0,0,0,0,0,0,0,0,0,0,0,0,8,0,4,0,0,0,0,0,0,12,0,0,0,0,5,0,0,4,0,0,0,0,9,0,0,0,0,0,4,0,0,0,0,0,0,4,0,0,0,8,5,8,0,4,0,0,0,0,25,8,25,15,53,59,142,83,48,11,13,11,38,506,14,7,0,9,12,28,30,19,9,7,5,13,153,3,3,3,3,0,8,3,4,3,0,0,3,33,3,3,4,8,11,33,58,43,17,11,8,5,204,3,0,0,3,0,12,5,7,3,4,4,4,45,0,0,3,0,3,6,9,8,3,3,0,3,38,9,6,10,14,14,59,75,62,26,18,12,15,320,0,0,0,3,0,3,0,3,0,0
LGA16150,45,48,21,7,6,4,15,225,11,7,9,29,31,64,33,25,3,5,5,24,246,31,58,68,149,261,598,478,341,78,45,25,127,2259,5,3,3,4,3,6,8,3,0,0,0,0,35,6,5,11,27,42,59,23,14,5,3,0,13,208,0,0,6,10,20,16,3,3,3,0,0,0,61,3,9,7,12,11,23,10,3,0,0,0,12,90,14,17,27,53,76,104,44,23,8,3,0,25,394,70,112,126,280,429,897,700,506,114,64,42,220,3560,44,30,19,39,75,168,194,230,86,55,29,48,1017,3,4,4,11,17,57,72,69,40,20,13,11,321,17,9,21,30,59,239,327,446,170,115,46,47,1526,9,4,3,11,23,40,40,46,23,15,12,8,234,10,11,4,10,30,48,32,42,22,16,7,26,258,39,28,32,62,129,384,471,603,255,166,78,92,2339,0,0,0,5,4,11,11,9,3,5
LGA16180,23,20,33,13,10,5,3,136,3,3,4,5,10,16,8,16,9,10,5,10,99,16,23,20,48,73,173,171,217,99,82,33,53,1008,0,0,0,8,0,4,0,0,0,0,0,0,12,0,0,3,7,5,10,8,3,3,7,0,13,59,0,0,0,0,0,3,6,3,4,0,0,0,16,3,3,0,3,8,3,3,3,0,0,0,4,30,3,3,3,18,13,20,17,9,7,7,0,17,117,36,50,49,102,126,270,265,311,162,130,56,107,1664,30,14,10,24,22,64,81,100,75,104,83,16,623,0,0,0,5,12,6,24,38,31,30,23,7,176,11,9,10,12,21,54,104,154,138,145,73,26,757,0,0,0,6,8,18,22,35,31,32,12,8,172,14,0,3,8,7,22,16,21,10,28,15,7,151,25,9,13,31,48,100,166,248,210,235,123,48,1256,0,0,0,0,0,6,5,3,4,0
LGA16200,24,9,7,0,3,0,3,80,3,11,12,15,13,19,5,0,3,0,0,5,86,18,44,53,116,127,227,121,60,14,9,7,63,859,4,0,3,0,3,0,3,0,0,0,0,3,16,7,12,11,21,15,13,4,0,0,0,0,3,86,0,0,0,4,4,6,0,0,3,0,3,0,20,3,9,0,6,4,4,3,0,0,0,0,5,34,14,21,14,31,26,23,10,0,3,0,3,11,156,47,97,87,192,200,321,169,82,27,12,18,123,1375,32,26,15,31,38,84,47,67,20,9,10,21,400,5,0,4,13,10,22,28,19,7,5,3,6,122,16,7,9,26,31,124,107,100,43,21,10,16,510,3,4,0,5,8,20,16,16,6,9,5,7,99,12,4,9,10,6,20,15,8,4,3,3,5,99,36,15,22,54,55,186,166,143,60,38,21,34,830,0,0,0,7,0,0,3,4,0,0
LGA16250,177,149,192,107,91,58,68,1111,34,39,35,72,81,188,136,177,80,70,35,110,1057,183,178,181,369,503,1376,1347,1940,954,697,315,545,8588,0,5,4,8,7,23,18,20,5,5,4,8,107,12,16,24,24,47,98,90,79,44,35,13,42,524,6,14,8,14,27,56,44,35,7,4,0,27,242,20,18,17,35,46,98,55,66,29,19,3,42,448,38,53,53,81,127,275,207,200,85,63,20,119,1321,290,273,297,545,751,2011,2019,2876,1500,1035,434,874,12905,161,50,46,68,75,344,494,941,701,675,249,140,3944,44,24,15,35,48,148,158,257,184,178,82,60,1233,148,45,43,64,137,487,796,1658,1206,1032,456,239,6311,53,25,37,40,60,137,157,255,191,199,99,81,1334,61,34,29,54,60,166,159,247,135,156,93,88,1282,306,128,124,193,305,938,1270,2417,1716,1565,730,468,10160,3,0,3,3,9,16,21,24,21,17
LGA16350,328,285,281,108,88,38,123,1713,66,89,86,162,219,491,357,364,145,92,45,190,2306,227,307,330,686,998,2757,2884,3432,1238,675,339,917,14790,4,15,15,13,33,62,42,35,16,4,6,12,257,13,55,27,92,118,272,216,187,59,34,16,91,1180,12,16,24,33,47,83,55,44,6,7,0,27,354,23,45,46,79,100,167,126,105,23,21,12,80,827,52,131,112,217,298,584,439,371,104,66,34,210,2618,376,574,562,1099,1580,4104,4113,5200,1816,994,479,1478,22375,200,87,103,166,220,588,763,1550,857,501,194,297,5526,48,19,16,38,76,240,287,523,307,208,123,98,1983,99,45,62,100,175,688,1163,2948,1717,898,368,360,8623,55,45,38,63,109,256,282,396,237,157,79,104,1821,96,62,54,114,152,395,406,536,277,207,131,195,2625,298,171,170,315,512,1579,2138,4403,2538,1470,701,757,15052,3,8,3,0,13,52,49,58,33,15
LGA16370,59,51,90,49,82,83,52,537,16,14,11,28,26,75,54,70,49,46,50,54,493,70,67,62,121,162,432,398,712,543,747,601,342,4257,0,0,0,3,3,14,10,7,3,3,6,6,55,3,8,0,6,16,27,26,36,18,19,27,15,201,3,10,0,7,14,13,17,16,11,13,8,14,126,3,3,7,7,12,37,22,21,12,3,12,24,163,9,21,7,23,45,91,75,80,44,38,53,59,545,113,111,90,182,269,665,610,1028,769,1038,878,537,6290,94,33,20,33,43,115,109,198,162,316,407,116,1646,24,5,5,13,14,40,43,78,50,122,172,34,600,47,13,15,22,36,106,132,323,338,711,1026,145,2914,30,4,14,22,19,55,59,107,63,134,173,34,714,27,14,11,10,20,42,46,69,54,89,104,42,528,128,36,45,67,89,243,280,577,505,1056,1475,255,4756,5,7,0,4,0,7,4,8,6,6
LGA16380,118,70,47,15,14,7,34,450,14,22,23,49,63,93,43,55,15,8,6,43,434,61,118,136,269,381,888,693,616,192,116,61,211,3742,0,7,10,11,14,21,12,7,3,0,0,12,97,8,9,9,52,53,86,62,39,12,9,3,31,373,3,4,9,19,20,35,8,10,0,0,0,13,121,9,13,10,18,15,34,15,8,0,0,3,14,139,20,33,38,100,102,176,97,64,15,9,6,70,730,176,238,281,513,664,1409,1065,953,283,167,96,463,6308,141,83,68,122,149,335,342,421,224,137,77,100,2199,9,9,4,19,27,78,99,119,70,54,24,24,536,26,33,14,59,105,274,437,661,318,191,93,79,2290,22,12,15,29,31,79,94,123,68,34,11,18,536,25,21,17,25,38,88,71,81,33,28,9,31,467,82,75,50,132,201,519,701,984,489,307,137,152,3829,0,0,0,8,5,20,18,15,3,3
LGA16400,105,72,69,30,13,9,37,483,27,38,37,60,48,113,65,58,21,12,3,38,520,76,125,139,255,340,916,715,599,195,123,63,216,3762,3,13,3,5,6,18,17,8,0,4,0,3,80,4,16,21,41,37,89,40,41,7,7,8,23,334,9,6,8,18,11,25,10,6,3,0,0,7,103,7,12,10,17,12,29,23,6,3,0,0,21,140,23,47,42,81,66,161,90,61,13,11,8,54,657,193,259,242,428,538,1377,1097,890,285,185,112,437,6043,128,64,69,96,104,292,319,383,193,160,79,110,1997,19,10,4,22,31,79,77,113,55,43,18,25,496,33,12,16,57,79,290,440,634,332,211,91,74,2269,19,14,7,25,36,88,76,109,54,44,26,24,522,22,28,20,38,49,114,97,99,51,41,19,41,619,93,64,47,142,195,571,690,955,492,339,154,164,3906,3,3,3,4,11,17,19,18,7,0
LGA16470,53,52,44,22,21,10,20,284,3,3,17,22,36,81,54,52,21,17,5,31,342,42,51,70,114,204,514,510,555,230,168,68,147,2673,3,4,0,3,5,15,6,6,3,0,3,4,52,5,11,11,28,21,46,39,29,7,5,3,18,223,0,3,3,10,11,17,15,6,0,0,0,7,72,7,11,8,12,15,28,10,14,3,7,3,10,128,15,29,22,53,52,106,70,55,13,12,9,39,475,82,113,120,223,349,815,785,838,349,248,109,236,4267,38,15,13,42,48,137,144,293,231,195,121,46,1323,8,10,7,7,11,37,48,68,48,61,19,14,338,22,13,9,25,32,135,187,395,305,302,167,81,1673,8,5,8,5,17,37,57,60,41,51,36,11,336,22,4,11,12,28,48,50,59,30,38,31,26,359,60,32,35,49,88,257,342,582,424,452,253,132,2706,3,0,0,5,4,12,11,8,4,4
LGA16550,83,81,111,67,74,99,69,732,15,16,17,27,34,73,58,106,42,61,57,72,578,92,78,80,139,199,489,520,914,587,769,821,425,5113,0,5,3,5,3,14,6,23,4,4,5,10,82,4,9,3,11,18,49,48,63,33,30,26,33,327,6,0,3,16,13,29,25,21,16,10,10,14,163,8,12,10,16,18,41,34,39,20,19,17,47,281,18,26,19,48,52,133,113,146,73,63,58,104,853,147,133,120,233,305,792,848,1451,998,1147,1117,708,7999,101,30,22,37,48,153,150,358,364,488,486,111,2348,16,10,4,12,19,43,45,100,50,117,153,44,613,89,27,30,41,55,189,201,498,460,815,1447,190,4042,58,15,8,20,25,72,68,118,89,115,181,47,816,36,14,12,16,22,53,59,72,64,90,104,67,609,199,66,54,89,121,357,373,788,663,1137,1885,348,6080,3,0,0,3,0,8,7,15,10,12
LGA16610,28,10,13,4,3,0,8,133,10,17,8,23,30,38,11,5,0,3,0,12,157,23,69,82,191,217,322,145,79,16,16,9,73,1242,0,3,6,8,11,3,0,4,0,0,0,3,38,4,15,18,34,22,22,0,0,0,0,0,6,121,0,3,4,10,4,8,6,0,0,0,0,4,39,13,6,4,10,12,7,8,0,4,0,0,5,69,17,27,32,62,49,40,14,4,4,0,0,18,267,79,130,155,310,339,491,197,113,30,26,15,159,2044,54,34,16,61,64,102,101,85,34,30,19,41,641,4,7,4,7,21,49,36,25,11,13,3,11,191,13,21,11,22,40,176,149,167,51,31,11,28,720,4,4,11,9,23,45,16,16,6,5,3,9,151,12,4,12,18,15,35,25,20,3,7,3,7,161,33,36,38,56,99,305,226,228,71,56,20,55,1223,3,0,0,6,9,10,8,7,0,0
LGA16650,81,83,96,48,47,32,65,568,22,22,13,38,30,87,84,116,45,51,43,81,632,69,88,77,153,219,629,713,998,542,539,316,431,4774,0,5,3,6,6,10,13,12,6,0,4,5,70,0,15,4,5,19,59,55,48,26,18,11,22,282,6,3,3,7,13,23,21,16,9,12,3,15,131,12,6,11,21,23,39,30,49,17,15,9,38,270,18,29,21,39,61,131,119,125,58,45,27,80,753,122,154,114,244,345,979,1120,1572,838,807,460,639,7394,85,29,15,26,66,173,254,540,398,422,250,112,2370,29,8,9,17,15,73,82,113,91,112,84,47,680,63,27,17,39,75,236,345,766,540,747,452,140,3447,19,14,12,20,28,70,70,120,77,113,99,56,698,24,12,17,21,28,79,90,135,96,102,78,68,750,135,61,55,97,146,458,587,1134,804,1074,713,311,5575,3,0,0,0,10,12,7,15,14,14
LGA16700,135,95,165,56,72,54,64,780,21,16,20,26,42,82,95,100,54,66,39,68,629,105,122,107,184,258,747,773,1178,713,828,440,417,5872,0,3,3,3,6,20,10,10,7,5,7,12,86,7,9,8,12,19,52,45,41,28,21,14,27,283,7,9,10,8,10,32,26,27,11,7,9,25,181,10,3,4,24,14,56,37,43,15,18,11,23,258,24,24,25,47,49,160,118,121,61,51,41,87,808,178,177,166,279,386,1123,1146,1748,1087,1213,642,667,8812,97,32,27,39,62,176,210,459,342,463,404,102,2413,33,9,11,14,32,69,49,132,63,112,119,39,682,104,39,27,46,78,267,319,646,589,967,894,156,4132,42,16,13,38,36,104,105,184,119,149,150,62,1018,45,15,17,17,34,84,77,118,81,93,100,54,735,224,79,68,115,180,524,550,1080,852,1321,1263,311,6567,3,0,0,3,4,7,10,16,6,9
LGA16900,110,79,79,32,15,14,39,501,27,21,32,48,65,138,107,102,34,15,15,57,661,91,104,119,226,388,939,974,992,358,196,80,313,4780,4,6,6,0,13,11,12,7,0,5,0,4,68,7,13,21,23,45,103,64,52,13,4,4,37,386,4,6,4,9,12,27,17,5,6,0,0,3,93,16,22,13,14,20,46,23,19,7,0,4,16,200,31,47,44,46,90,187,116,83,26,9,8,60,747,157,191,213,346,587,1368,1324,1410,502,271,115,486,6970,66,43,39,87,115,217,239,466,229,150,59,78,1788,15,11,8,15,20,91,117,171,101,66,27,33,675,37,23,31,42,93,288,429,885,513,291,110,104,2846,19,15,17,30,38,92,109,141,70,46,25,38,640,27,19,19,36,53,131,100,139,83,55,13,53,728,98,68,75,123,204,602,755,1336,767,458,175,228,4889,3,0,3,5,6,18,23,10,12,7
LGA16950,117,78,45,20,18,12,40,558,18,38,29,63,63,133,77,55,14,12,9,52,563,117,191,205,401,518,1211,889,620,194,117,100,314,4877,4,9,10,17,20,31,19,8,3,0,4,10,135,17,28,28,55,61,112,72,33,11,9,3,30,459,15,9,17,21,15,40,20,7,0,0,3,13,160,17,30,12,37,43,39,14,9,3,0,3,29,236,53,76,67,130,139,222,125,57,17,9,13,82,990,316,405,389,711,890,1869,1369,975,299,203,157,627,8210,251,99,91,173,191,470,423,477,178,134,103,145,2735,20,7,16,24,43,118,132,148,55,34,21,26,644,42,36,37,80,152,456,614,743,261,173,103,123,2820,28,19,20,37,53,118,125,116,40,27,20,31,634,34,28,31,48,45,122,109,97,41,29,20,41,645,124,90,104,189,293,814,980,1104,397,263,164,221,4743,4,9,4,8,16,26,22,14,3,4
LGA17000,38,29,26,9,7,0,11,164,3,9,10,11,28,47,40,16,9,7,4,29,213,31,32,43,88,131,392,391,326,126,50,23,123,1756,0,0,3,3,6,4,7,3,0,0,0,3,29,3,5,5,21,12,24,18,5,4,0,3,3,103,0,0,0,4,4,8,0,3,0,0,0,0,19,0,0,3,8,6,14,11,3,4,0,3,5,57,3,5,11,36,28,50,36,14,8,0,6,11,208,54,45,65,159,211,559,534,443,178,65,43,190,2546,33,16,15,23,28,75,115,169,101,73,50,46,744,6,3,0,3,5,24,51,57,31,21,15,12,228,11,6,3,12,31,91,158,317,193,180,47,56,1105,3,5,3,5,3,39,38,40,16,16,12,5,185,13,3,11,9,13,39,38,45,28,20,11,17,247,33,17,17,29,52,193,285,459,268,237,85,90,1765,0,0,0,0,3,5,3,6,0,0
LGA17050,7,3,3,3,0,3,3,28,0,3,4,4,3,8,3,3,0,0,3,5,36,9,18,14,25,33,88,59,48,23,9,9,26,361,0,0,0,0,0,4,0,0,0,0,0,0,4,0,3,0,0,3,5,3,0,0,0,0,3,17,0,0,0,0,3,0,3,0,0,0,0,0,6,0,0,0,0,3,3,3,0,0,0,0,3,12,0,3,0,0,9,12,9,0,0,0,0,6,39,12,29,29,41,59,138,84,71,31,14,15,51,574,8,0,7,12,10,19,23,32,18,20,6,23,178,3,3,4,3,3,8,3,15,3,3,3,4,55,4,7,0,4,20,35,52,56,40,16,12,17,263,3,3,0,3,3,5,3,4,3,3,3,4,37,3,0,0,6,3,3,12,8,3,3,0,0,41,13,13,4,16,29,51,70,83,49,25,18,25,396,0,0,0,0,0,3,3,3,3,0
LGA17100,42,37,57,34,43,45,29,328,5,6,6,12,6,24,14,39,19,23,33,29,216,26,21,34,50,51,190,209,352,196,215,273,181,1798,0,0,3,5,0,3,4,4,0,4,0,3,26,6,3,3,3,6,4,16,13,3,4,11,13,85,0,3,3,0,4,14,11,13,5,5,7,12,77,0,4,3,3,3,14,5,9,4,6,3,12,66,6,10,12,11,13,35,36,39,12,19,21,40,254,37,35,53,67,90,274,302,506,269,298,337,263,2531,32,4,3,3,20,59,102,194,119,86,92,31,745,20,0,0,10,6,30,19,50,35,66,72,29,337,42,12,5,10,18,55,110,241,159,177,229,39,1097,27,6,0,4,9,29,36,72,44,62,106,30,425,10,6,0,8,5,21,22,41,21,26,52,22,234,99,24,5,32,38,135,187,404,259,331,459,120,2093,4,0,0,0,0,5,4,6,4,0
LGA17150,356,301,384,190,180,156,181,2225,47,74,77,128,142,328,249,315,180,163,122,222,2047,270,317,329,603,779,2194,2305,3497,2287,1966,1150,1270,16967,3,7,14,21,22,32,30,43,5,6,11,18,212,19,23,22,47,45,129,132,144,74,53,28,73,789,11,16,11,25,38,81,71,71,16,14,4,33,391,21,36,25,52,66,140,87,88,37,33,22,78,685,54,82,72,145,171,382,320,346,132,106,65,202,2077,430,503,505,883,1128,3101,3212,5003,3324,2899,1603,1898,24489,266,84,96,139,144,409,496,991,908,1215,836,303,5887,58,25,20,50,68,187,218,392,292,393,350,123,2176,158,63,55,109,152,540,830,1819,1926,2947,1853,469,10921,103,49,50,85,131,269,269,455,261,417,296,140,2525,115,50,52,89,94,302,261,399,225,327,266,159,2339,434,187,177,333,445,1298,1578,3065,2704,4084,2765,891,17961,10,4,7,8,17,27,33,39,31,28
LGA17200,31,28,68,36,32,49,35,319,0,5,5,9,11,25,29,45,23,30,31,29,242,37,32,30,55,69,217,299,495,374,405,388,178,2579,3,3,0,0,0,0,3,3,0,3,3,3,21,4,8,0,11,11,29,39,35,21,31,11,21,221,7,7,0,3,13,17,17,29,17,9,13,15,147,3,0,5,10,3,26,17,31,16,23,18,24,176,17,18,5,24,27,72,76,98,54,66,45,63,565,105,107,75,141,222,632,851,1502,1192,1300,1010,489,7626,160,37,34,54,90,240,340,969,946,1300,1378,201,5749,11,0,4,4,4,10,19,29,23,22,43,7,176,64,14,21,19,29,112,150,380,380,587,685,79,2520,13,3,5,7,0,29,26,62,40,59,95,13,352,16,4,6,10,5,14,21,43,30,45,70,30,294,104,21,36,40,38,165,216,514,473,713,893,129,3342,0,0,0,0,0,7,3,4,3,5
LGA17310,99,54,42,14,7,7,32,399,14,24,36,51,53,86,52,25,7,0,3,37,388,60,126,172,343,490,872,553,337,89,55,37,218,3352,0,8,3,15,20,24,7,3,3,0,0,4,87,17,12,30,48,43,79,29,8,4,3,4,21,298,3,7,10,17,12,19,8,9,3,3,0,4,95,7,14,10,26,25,22,9,6,0,0,0,8,127,27,41,53,106,100,144,53,26,10,6,4,37,607,142,269,309,591,788,1337,838,487,143,88,64,405,5461,111,72,61,98,138,329,316,266,96,83,38,99,1707,11,11,7,20,25,92,98,87,40,20,12,16,439,37,22,26,69,126,401,482,475,194,103,50,88,2073,13,3,15,24,32,83,65,54,22,20,13,30,374,20,14,19,29,49,104,85,63,31,22,16,25,477,81,50,67,142,232,680,730,679,287,165,91,159,3363,3,3,6,9,10,17,6,6,3,0
LGA17350,3,3,3,0,4,0,0,30,0,4,3,6,8,5,3,0,0,0,0,6,35,13,25,31,48,48,78,36,19,3,4,3,31,339,0,0,3,3,3,3,0,0,0,0,0,0,12,0,4,5,7,3,3,3,0,0,0,0,0,25,0,0,0,0,0,3,0,0,0,0,0,0,3,0,0,3,0,3,0,0,0,0,0,0,0,6,0,4,11,10,9,9,3,0,0,0,0,0,46,18,41,50,77,73,111,47,23,7,4,3,58,512,9,19,12,8,14,37,21,14,11,0,0,9,154,3,4,3,4,10,11,4,3,0,4,0,3,49,14,3,3,10,20,40,30,37,10,3,8,3,181,0,0,3,3,9,9,7,3,0,0,3,3,40,3,4,0,8,3,3,3,5,0,0,3,3,35,20,11,9,25,42,63,44,48,10,7,14,12,305,0,0,0,0,4,4,0,0,0,0
LGA17400,8,3,3,0,0,0,8,34,3,5,3,0,6,8,0,3,0,0,0,7,35,10,36,26,43,38,48,28,14,3,3,6,31,286,0,0,0,0,0,0,0,0,0,0,0,0,0,3,3,6,5,4,6,0,0,0,0,0,3,30,0,3,0,0,4,0,0,0,0,0,0,0,7,3,3,3,0,3,0,0,3,0,0,0,0,15,6,9,9,5,11,6,0,3,0,0,0,3,52,26,57,58,72,61,91,34,23,10,3,9,58,502,22,12,12,24,17,32,33,24,7,9,6,12,210,4,3,0,0,8,4,3,5,0,0,0,0,27,5,12,0,19,17,28,37,34,8,8,6,13,187,0,0,5,4,8,3,3,0,0,0,0,0,23,0,0,0,3,3,9,9,6,3,0,0,5,38,9,15,5,26,36,44,52,45,11,8,6,18,275,0,0,0,0,0,3,0,0,0,0
LGA17420,306,305,480,291,315,214,194,2514,45,56,51,91,97,294,230,365,216,237,134,197,2013,245,254,231,443,616,1828,2040,3462,2245,2359,1282,1114,16119,6,3,3,7,17,29,24,18,21,8,8,17,161,12,13,15,16,26,84,73,124,62,63,36,51,575,7,11,14,20,28,51,38,53,34,20,15,30,321,16,14,16,30,24,74,64,63,37,34,26,56,454,41,41,48,73,95,238,199,258,154,125,85,154,1511,369,373,345,647,846,2453,2655,4550,3136,3171,1710,1598,21853,232,77,64,81,100,327,339,785,694,1030,688,228,4645,80,19,24,42,43,208,212,401,322,470,445,105,2371,166,76,62,105,131,491,667,1631,1689,2661,1724,425,9828,138,42,43,62,83,274,278,494,341,585,479,158,2977,130,39,27,54,70,202,208,354,247,367,318,146,2162,514,176,156,263,327,1175,1365,2880,2599,4083,2966,834,17338,9,0,0,4,12,26,25,28,24,36
LGA17450,0,3,0,0,3,0,3,17,3,3,0,6,3,3,0,0,0,0,0,3,21,6,14,17,29,23,30,15,11,4,3,3,21,176,0,0,0,3,0,0,3,0,0,0,0,0,6,0,3,0,3,3,3,0,0,0,0,0,0,12,0,0,0,0,0,0,0,0,0,0,0,0,0,3,0,0,3,3,3,0,0,0,0,0,0,12,3,3,0,9,6,6,3,0,0,0,0,0,30,9,29,27,48,42,54,22,16,4,3,3,36,293,16,7,0,8,11,22,13,5,3,4,0,12,101,0,0,0,3,3,3,3,3,3,3,0,3,24,6,0,4,0,11,23,16,14,11,3,7,3,98,0,3,0,3,3,0,3,3,4,0,0,3,22,0,0,0,5,5,6,0,0,0,0,0,0,16,6,3,4,11,22,32,22,20,18,6,7,9,160,0,0,3,3,3,0,0,0,0,0
LGA17500,16,7,4,0,0,3,6,55,0,6,4,16,12,10,4,3,0,0,0,4,59,13,30,23,75,101,188,102,53,10,8,7,39,649,3,0,0,0,0,0,0,0,0,0,0,0,3,3,0,0,14,7,13,3,0,3,0,0,0,43,0,3,0,0,3,3,3,0,0,0,0,0,12,3,0,3,4,3,3,0,0,0,0,0,3,19,9,3,3,18,13,19,6,0,3,0,0,3,77,34,44,37,117,153,269,140,72,21,13,15,61,976,18,7,6,24,32,52,42,47,18,15,7,21,289,3,0,0,4,7,21,15,17,3,3,3,5,81,8,4,3,20,38,93,91,103,15,22,3,15,415,3,4,0,6,4,22,11,12,3,7,0,4,76,3,3,7,4,4,21,18,10,3,0,3,3,79,17,11,10,34,53,157,135,142,24,32,9,27,651,3,0,0,0,0,0,3,0,0,0
LGA17550,128,79,56,25,12,11,24,510,18,36,15,47,73,119,61,55,17,11,9,47,508,75,124,116,283,417,991,774,634,221,141,75,241,4092,0,4,6,10,19,31,15,3,4,0,3,5,100,12,22,24,63,64,116,60,51,8,3,5,29,457,9,10,8,26,23,35,17,11,0,0,3,14,156,19,14,11,26,27,38,27,12,6,6,0,28,214,40,50,49,125,133,220,119,77,18,9,11,76,927,210,268,244,550,738,1591,1144,1017,347,197,137,520,6963,181,85,69,127,128,329,286,498,294,218,122,140,2477,12,12,8,25,43,75,91,114,80,60,36,31,587,45,23,27,71,90,264,355,686,505,333,162,122,2683,25,13,9,21,38,94,92,105,65,44,40,36,582,23,11,17,26,39,92,90,129,55,41,26,40,589,105,59,61,143,210,525,628,1034,705,478,264,229,4441,3,0,5,5,8,26,23,20,20,6
LGA17620,10,15,9,3,0,4,0,73,5,3,4,4,9,24,7,8,0,4,6,5,79,11,19,31,85,95,186,124,88,29,26,19,50,763,0,0,0,0,4,0,0,0,0,0,0,3,7,0,3,8,8,6,12,10,3,3,0,0,8,61,0,0,0,9,0,9,0,0,0,0,0,0,18,0,4,4,8,3,7,0,0,0,0,0,6,32,0,7,12,25,13,28,10,3,3,0,0,17,118,31,51,62,140,144,296,179,111,45,35,26,109,1229,31,16,18,21,26,77,60,75,29,24,14,23,414,3,0,0,8,8,24,18,26,8,5,9,10,119,11,7,4,15,33,69,77,154,70,46,28,30,544,3,0,0,7,3,18,15,14,5,6,0,4,75,6,5,10,3,12,15,20,10,6,5,5,6,103,23,12,14,33,56,126,130,204,89,62,42,50,841,0,0,0,0,3,0,4,3,0,3
LGA17640,10,3,0,0,0,0,6,31,5,0,8,7,0,7,4,3,0,0,0,4,38,8,20,28,39,42,84,50,38,16,6,0,28,359,0,5,0,0,0,0,0,0,3,0,0,0,8,0,4,9,0,0,6,0,3,0,0,0,4,26,0,0,0,0,3,0,0,0,0,0,0,0,3,0,0,0,7,3,3,4,0,0,0,0,3,20,0,9,9,7,6,9,4,3,3,0,0,7,57,19,33,52,59,64,126,73,55,26,11,3,56,577,22,7,5,24,20,40,25,33,28,17,8,7,236,3,3,3,6,3,7,14,9,7,3,0,5,63,15,6,3,10,10,47,45,54,24,14,6,8,242,5,0,3,0,4,10,0,9,5,3,0,5,44,0,5,0,4,5,6,7,3,0,3,5,3,41,23,14,9,20,22,70,66,75,36,23,11,21,390,0,0,0,0,3,4,0,0,0,0
LGA17650,10,3,0,0,0,0,4,50,0,3,3,7,4,6,3,4,0,0,0,4,34,4,22,36,60,63,78,30,17,3,5,3,34,355,3,0,3,3,4,0,0,0,0,0,3,4,20,3,11,4,9,8,6,3,0,0,0,0,0,44,0,4,0,0,4,3,0,0,0,0,0,0,11,3,0,3,3,5,4,0,0,0,0,0,0,18,9,15,10,15,21,13,3,0,0,0,3,4,93,24,49,53,95,104,131,44,25,6,8,9,54,602,13,3,11,14,25,39,20,24,10,6,6,13,184,4,3,0,3,4,13,8,10,3,0,5,3,56,6,3,7,13,21,54,43,47,18,8,10,3,233,0,0,0,6,5,13,11,10,3,0,0,5,53,3,3,3,7,4,9,4,7,0,3,0,4,47,13,9,10,29,34,89,66,74,24,11,15,15,389,0,3,0,3,0,4,3,0,0,0
LGA17700,0,0,0,0,0,0,0,0,0,3,0,0,3,0,3,0,0,0,0,3,12,0,10,5,4,9,4,6,0,0,0,0,12,50,0,5,0,0,0,0,0,0,0,0,0,0,5,0,0,0,0,0,0,0,0,0,0,0,0,0,0,0,0,0,0,0,0,0,0,0,0,0,0,0,0,0,0,0,0,0,0,0,0,0,0,0,0,5,0,0,0,0,0,0,0,0,0,0,5,5,18,13,11,13,8,6,0,0,0,0,20,94,3,9,5,5,0,3,3,3,0,0,3,3,37,3,0,0,0,0,3,0,0,0,0,0,3,9,3,0,5,0,3,3,3,0,0,0,3,3,23,3,0,0,0,0,0,0,0,0,0,0,0,3,3,0,0,3,3,3,0,0,0,0,0,0,12,12,0,5,3,6,9,3,0,0,0,3,6,47,0,0,0,0,0,0,3,0,0,0
LGA17750,105,63,49,13,6,3,29,421,10,22,26,46,51,102,60,33,11,8,6,44,419,59,109,132,327,502,1029,682,443,158,74,50,261,3826,5,8,3,12,10,24,6,3,0,0,0,3,74,3,15,25,66,67,98,44,15,8,3,6,18,368,0,4,10,21,11,21,15,6,0,3,0,13,104,6,12,15,13,25,43,11,7,5,0,0,15,152,14,39,53,112,113,186,76,31,13,6,6,49,698,130,201,251,578,822,1606,989,620,212,109,73,463,6054,101,42,51,73,127,316,354,345,116,53,46,92,1716,16,7,15,19,28,101,105,114,49,43,25,26,548,46,16,17,43,128,407,610,609,226,160,66,80,2408,5,6,7,25,36,84,87,80,28,38,23,29,448,23,23,9,24,29,103,80,56,21,18,10,28,424,90,52,48,111,221,695,882,859,324,259,124,163,3828,3,3,0,3,8,18,20,15,0,0
LGA17800,4,0,3,0,0,0,11,30,0,3,3,6,5,3,0,0,5,0,0,6,31,10,20,19,39,32,38,9,13,8,3,7,45,243,0,0,0,0,3,0,0,0,0,0,0,0,3,0,3,4,0,0,0,0,0,0,0,0,0,7,0,0,0,0,3,0,0,0,0,0,0,5,8,0,0,0,0,0,0,0,4,0,0,0,0,4,0,3,4,0,6,0,0,4,0,0,0,5,22,13,34,33,62,45,54,14,21,14,6,11,82,389,23,3,12,13,17,19,5,5,7,4,0,11,119,3,0,3,0,3,7,3,4,3,0,0,0,26,8,3,7,10,10,18,12,13,5,7,0,4,97,4,3,4,0,3,6,4,0,0,0,0,0,24,3,0,3,3,3,3,3,0,0,0,0,3,21,18,6,17,13,19,34,22,17,8,7,0,7,168,0,3,0,0,0,0,0,0,0,0
LGA17850,4,0,0,0,0,0,3,10,0,0,0,3,4,0,0,0,0,0,0,3,10,0,17,10,21,19,29,0,7,0,4,6,26,139,0,0,4,0,0,0,0,0,0,0,0,0,4,0,0,0,6,4,0,0,0,0,0,0,0,10,0,0,0,0,0,0,0,0,0,0,0,0,0,0,0,0,0,0,0,3,0,0,0,0,0,3,0,0,4,6,4,0,3,0,0,0,0,0,17,3,20,26,39,29,46,10,10,0,7,9,49,248,11,5,0,8,5,20,7,9,8,3,3,3,82,4,3,0,0,4,3,3,0,0,3,0,3,23,7,3,0,9,6,10,17,4,4,3,3,3,69,3,0,0,3,3,0,0,3,0,0,3,3,18,0,0,0,7,4,0,0,0,0,0,0,3,14,14,6,0,19,17,13,20,7,4,6,6,12,124,0,0,0,0,0,0,0,0,0,0
LGA17900,3,0,0,0,0,0,3,15,0,3,0,0,0,4,0,0,3,0,3,4,17,7,24,15,23,11,13,5,0,3,4,6,30,141,0,3,0,0,3,0,0,0,0,0,0,0,6,0,4,4,3,0,0,0,0,0,0,0,0,11,0,0,0,3,0,0,0,0,0,0,0,0,3,0,0,4,0,0,0,0,0,0,0,0,0,4,0,7,8,6,3,0,0,0,0,0,0,0,24,11,52,37,39,27,17,8,7,3,7,6,66,280,20,7,12,5,13,19,7,7,0,0,10,9,109,0,3,0,0,3,0,0,0,0,0,0,0,6,8,3,7,13,14,16,9,11,0,3,3,7,94,0,3,0,3,3,3,0,0,0,0,3,0,15,3,3,3,3,3,3,0,3,0,0,0,0,21,11,12,10,19,23,22,9,14,0,3,6,7,136,0,3,0,0,0,0,0,0,0,0
LGA17950,3,0,0,0,0,0,3,12,0,0,5,0,0,6,0,0,0,0,0,0,11,0,10,14,17,14,27,9,4,5,0,3,13,116,0,0,0,0,0,0,0,0,0,0,0,0,0,0,3,5,6,4,4,0,0,0,0,0,4,26,0,0,0,0,0,0,0,0,0,0,0,0,0,0,0,0,0,0,0,4,0,0,0,0,0,4,0,3,5,6,4,4,4,0,0,0,0,4,30,5,18,26,32,31,40,18,7,5,0,6,38,226,11,3,7,14,0,6,7,7,7,3,0,3,68,3,0,0,0,3,3,0,0,0,0,0,0,9,3,0,3,3,15,16,7,7,0,3,3,5,65,3,0,0,3,3,3,3,3,0,0,0,0,18,3,0,3,3,3,0,0,0,0,0,0,3,15,12,0,6,9,24,22,10,10,0,3,3,8,107,0,0,0,0,0,0,0,0,0,0
LGA18000,165,141,206,126,118,115,109,1182,37,29,29,43,62,146,123,173,74,85,86,137,1024,158,125,143,291,345,1005,1101,1871,1380,1640,1132,738,9929,3,3,3,9,14,24,12,17,9,12,12,14,132,9,13,3,26,22,79,71,99,40,41,29,50,482,4,7,11,18,12,30,51,34,17,14,14,22,234,30,20,26,33,50,83,54,66,27,21,12,55,477,46,43,43,86,98,216,188,216,93,88,67,141,1325,286,230,252,452,574,1525,1648,2812,2069,2386,1584,1155,14973,161,46,39,81,79,224,232,618,604,760,765,191,3800,30,13,11,18,30,103,96,202,150,231,310,60,1254,154,46,28,80,79,276,420,984,1038,1874,2267,336,7582,62,18,17,33,41,123,169,239,141,218,290,81,1432,65,20,25,33,51,114,101,195,98,167,172,91,1132,311,97,81,164,201,616,786,1620,1427,2490,3039,568,11400,8,6,0,3,5,16,22,31,14,16
LGA18020,6,3,3,0,0,0,0,38,0,10,3,3,4,3,0,3,0,0,0,8,34,26,53,54,57,56,61,23,20,6,5,6,47,414,0,0,0,0,5,0,0,0,0,0,0,3,8,5,6,7,6,0,0,3,0,0,0,3,3,33,0,0,0,0,0,3,0,0,0,0,0,0,3,3,0,3,3,3,3,0,0,0,0,0,3,18,8,6,10,9,8,6,3,0,0,0,3,9,62,57,78,88,90,92,101,41,26,6,11,15,102,707,33,18,12,27,26,41,13,23,7,7,10,23,240,8,7,3,11,3,13,7,7,0,0,3,0,62,18,4,13,25,33,49,30,26,13,9,3,22,245,7,4,3,3,6,12,3,3,0,0,3,0,44,3,0,3,3,0,3,6,0,0,3,3,5,29,36,15,22,42,42,77,46,36,13,12,12,27,380,3,4,3,0,4,3,3,0,0,0
LGA18050,34,31,42,37,41,62,34,318,5,10,7,7,9,27,22,27,14,18,24,33,203,27,32,28,46,67,194,185,340,263,432,618,237,2469,0,3,0,0,3,6,3,3,0,4,3,4,29,0,7,3,4,4,17,14,22,11,11,19,23,135,0,0,3,3,4,9,8,10,9,5,6,12,69,4,5,0,12,4,21,11,21,9,10,3,15,115,4,15,6,19,15,53,36,56,29,30,31,54,348,56,66,48,84,113,340,329,602,444,662,852,384,3980,59,13,15,21,21,68,71,168,172,279,417,75,1379,10,3,0,6,5,24,7,41,24,45,90,25,280,42,16,10,12,20,69,69,153,179,403,927,132,2032,15,4,3,5,7,25,20,52,41,57,109,39,377,17,4,4,3,10,12,27,28,16,30,37,19,207,84,27,17,26,42,130,123,274,260,535,1163,215,2896,0,0,0,0,4,0,10,6,0,6
LGA18100,0,3,0,0,0,0,5,14,0,0,0,0,0,6,4,0,0,0,0,0,10,14,17,17,21,24,29,18,5,3,0,0,18,166,0,3,3,0,3,0,0,0,0,0,0,3,12,3,3,0,5,3,0,0,0,0,0,0,3,17,3,0,0,0,0,0,0,0,0,0,0,0,3,0,0,0,0,0,0,0,0,0,0,0,0,0,6,6,3,5,6,0,0,0,0,0,0,6,32,32,31,31,37,36,36,21,10,3,4,0,50,291,14,8,9,10,13,8,5,7,5,3,3,10,95,5,0,4,0,3,8,0,3,0,0,0,0,23,8,0,6,6,15,25,16,9,3,3,8,8,107,3,5,4,0,3,0,5,0,0,0,0,0,20,0,4,0,3,3,0,0,0,0,0,0,0,10,16,9,14,9,24,33,21,12,3,3,8,8,160,0,0,0,0,3,3,0,0,0,0
LGA18150,5,0,0,0,3,0,5,27,0,3,0,3,3,8,0,3,3,0,4,5,32,3,18,25,41,50,86,50,25,9,8,4,42,361,0,0,4,5,0,0,0,0,0,0,0,0,9,4,5,3,12,9,5,6,3,0,0,0,10,57,0,3,3,3,3,3,0,0,3,0,0,0,18,5,7,3,7,0,0,0,0,0,0,0,0,22,9,15,13,27,12,8,6,3,3,0,0,10,106,20,50,59,93,84,123,73,32,15,15,4,83,651,29,10,10,12,25,42,26,23,5,3,3,15,203,8,0,0,7,6,10,15,8,0,3,3,4,64,10,8,7,10,19,58,36,43,17,4,6,12,230,0,0,4,0,0,5,7,0,0,4,0,4,24,6,0,0,6,11,6,7,0,5,3,3,3,50,24,8,11,23,36,79,65,51,22,14,12,23,368,0,0,0,5,3,3,0,0,3,0
LGA18200,7,3,3,0,0,0,7,35,0,3,3,10,11,10,4,3,3,0,0,6,53,9,23,35,58,57,91,44,24,13,0,11,49,414,0,3,0,0,0,0,3,0,0,0,0,3,9,3,4,3,10,3,9,0,0,0,0,0,3,35,0,0,0,3,3,0,0,0,0,0,0,3,9,4,0,0,3,5,0,0,0,0,0,0,3,15,7,7,3,16,11,9,3,0,0,0,0,12,68,24,42,60,99,100,140,59,36,16,4,16,95,691,21,7,13,29,16,54,27,21,4,5,10,22,229,0,3,4,4,6,9,7,10,0,3,3,3,52,5,4,12,14,24,53,40,48,9,15,4,17,245,7,0,3,6,3,16,6,3,0,3,0,3,50,7,3,0,3,6,8,3,8,0,4,6,5,53,19,10,19,27,39,86,56,69,9,25,13,28,400,0,0,0,3,3,0,0,0,0,0
LGA18250,41,48,81,40,65,69,56,466,9,8,4,10,28,28,29,40,28,22,46,37,289,60,54,51,87,105,262,290,559,421,646,850,283,3668,3,3,0,0,0,5,12,10,3,3,3,3,45,0,5,5,5,8,19,18,25,11,20,18,17,151,4,3,4,9,3,16,19,22,13,6,12,18,129,8,3,4,0,6,27,7,15,4,13,12,18,117,15,14,13,14,17,67,56,72,31,42,45,56,442,95,95,94,134,170,435,473,920,712,941,1154,445,5668,76,22,16,24,22,86,80,208,213,289,412,77,1525,20,0,5,8,9,23,15,50,30,66,141,30,397,89,18,16,21,36,117,121,300,268,490,1200,130,2806,35,12,8,11,14,40,43,94,39,88,167,40,591,16,7,4,0,8,25,26,52,30,42,79,24,313,160,37,33,40,67,205,205,496,367,686,1587,224,4107,3,0,0,0,0,3,0,8,6,7
LGA18350,66,37,47,19,17,14,23,299,10,13,15,35,26,72,48,45,25,15,10,29,343,47,50,65,154,195,565,556,586,227,179,111,176,2911,0,3,3,3,10,11,4,9,3,0,4,3,53,0,6,10,21,31,56,35,33,13,7,10,22,244,0,6,6,11,9,16,15,7,0,5,0,4,79,3,12,5,11,8,24,9,9,6,0,0,16,103,3,27,24,46,58,107,63,58,22,12,14,45,479,85,101,132,278,362,886,822,920,338,262,188,345,4719,104,27,29,57,84,194,198,342,138,142,124,91,1530,3,5,7,9,22,44,59,90,50,39,34,15,377,29,10,9,34,57,155,264,462,259,224,137,71,1711,10,3,3,6,26,77,51,82,37,33,29,19,376,16,12,12,24,18,57,53,71,30,28,23,31,375,58,30,31,73,123,333,427,705,376,324,223,136,2839,0,0,3,4,4,7,11,11,8,4
LGA18400,89,70,68,30,30,14,29,434,16,13,15,29,42,109,100,88,38,44,25,44,563,51,77,71,163,245,701,753,897,414,342,173,264,4151,0,0,4,8,0,6,9,7,7,5,0,4,50,4,8,3,22,16,47,38,43,16,10,3,20,230,0,4,7,8,15,13,7,3,0,0,3,3,63,6,4,8,6,15,31,27,20,7,3,3,9,139,10,16,22,44,46,97,81,73,30,18,9,36,482,86,131,110,269,374,1011,1024,1282,592,483,252,414,6028,77,36,39,46,51,143,193,326,205,215,130,87,1548,10,0,4,15,17,73,73,116,84,86,49,26,553,32,20,14,25,46,174,287,671,470,438,241,126,2544,10,12,8,21,27,67,68,101,60,60,41,40,515,22,11,4,31,34,93,83,136,78,89,69,51,701,74,43,30,92,124,407,511,1024,692,673,400,243,4313,8,0,0,6,0,12,10,10,6,5
LGA18450,269,239,184,78,59,28,111,1360,45,46,62,93,135,293,202,182,84,58,38,123,1361,238,253,290,599,882,2299,2124,2425,960,625,328,765,11788,0,14,15,22,25,54,27,19,4,3,5,15,203,15,37,38,63,106,174,163,78,35,18,18,51,796,8,18,17,39,34,62,49,33,12,13,7,20,312,29,27,26,42,53,108,66,55,15,4,17,61,503,52,96,96,166,218,398,305,185,66,38,47,147,1814,402,467,473,984,1362,3328,3093,3578,1475,912,517,1195,17786,209,95,77,159,187,483,640,1054,635,537,282,233,4591,27,32,28,32,93,213,236,359,209,192,102,64,1587,110,85,44,142,216,725,1085,2129,1496,1133,475,288,7928,72,45,37,81,98,265,234,287,171,166,89,81,1626,68,43,33,69,107,229,248,288,148,154,76,72,1535,277,205,142,324,514,1432,1803,3063,2024,1645,742,505,12676,8,0,8,16,15,37,38,54,20,11
LGA18500,17,16,29,17,31,107,51,291,3,4,0,3,8,9,10,23,14,18,62,37,191,19,16,12,14,30,85,91,185,138,220,725,254,1789,0,0,0,0,0,0,3,3,3,3,5,3,20,0,0,0,6,3,8,14,12,8,7,23,20,101,0,0,0,3,8,9,5,14,5,4,22,10,80,5,0,0,5,11,16,6,12,3,15,6,23,102,5,0,0,14,22,33,28,41,19,29,56,56,303,37,37,17,42,77,174,205,383,302,426,1088,454,3242,79,9,11,10,18,46,56,127,110,181,461,91,1199,9,0,0,0,0,11,4,15,5,27,119,27,217,69,5,3,9,6,29,36,86,89,166,700,113,1311,34,0,3,7,5,20,22,39,21,42,157,25,375,11,3,3,0,4,16,16,20,15,20,71,27,206,123,8,9,16,15,76,78,160,130,255,1047,192,2109,0,0,0,0,0,3,0,3,0,6
LGA18550,203,180,154,41,39,21,77,950,29,47,44,128,123,292,208,196,68,40,31,112,1318,114,199,202,515,684,1946,2041,2030,628,335,172,594,9460,3,14,10,28,42,57,32,26,5,5,0,17,239,22,30,29,97,110,212,183,99,37,17,10,76,922,5,14,16,35,30,50,33,19,6,5,3,19,235,18,34,35,57,70,104,70,49,13,8,7,53,518,48,92,90,217,252,423,318,193,61,35,20,165,1914,290,434,426,941,1200,2993,3048,2965,971,497,270,1121,15156,215,121,112,169,228,580,754,1095,451,270,158,249,4402,20,16,13,36,54,180,254,387,162,99,38,62,1321,57,36,31,96,141,613,1181,1962,882,420,174,266,5859,40,29,30,52,78,202,213,267,161,99,44,60,1275,62,34,34,86,86,250,277,322,152,83,53,86,1525,179,115,108,270,359,1245,1925,2938,1357,701,309,474,9980,5,3,13,10,20,48,49,55,15,5
LGA18710,13,11,14,5,10,4,11,89,6,4,8,14,11,28,19,14,9,3,7,4,127,11,22,31,68,92,201,170,164,100,53,38,63,1013,0,3,0,0,0,5,3,0,0,0,0,0,11,4,3,5,9,9,12,14,6,4,3,0,3,72,0,3,0,3,3,0,0,0,0,3,0,3,15,4,3,0,0,6,6,4,0,0,0,3,5,31,8,12,5,12,18,23,21,6,4,6,3,11,129,34,47,56,111,150,316,270,255,152,93,53,137,1674,30,8,16,18,26,74,69,114,99,92,66,33,645,3,5,0,3,7,18,20,29,24,35,25,11,180,10,4,8,16,16,74,121,193,139,129,69,23,802,5,4,3,3,8,23,15,24,17,23,12,7,144,7,5,3,9,4,20,15,23,8,12,4,6,116,25,18,14,31,35,135,171,269,188,199,110,47,1242,0,0,0,0,0,5,0,5,4,0
LGA18750,13,5,4,3,3,0,3,53,3,9,6,16,11,9,7,0,4,3,0,3,71,13,40,47,108,99,175,97,58,24,12,6,44,723,0,0,3,0,5,6,0,0,0,0,0,0,14,4,9,4,10,9,13,6,0,0,0,0,3,58,0,3,3,6,0,0,0,3,0,3,0,0,18,3,4,3,5,4,0,0,0,0,0,0,3,22,7,16,13,21,18,19,6,3,0,3,0,6,112,32,82,75,161,159,258,127,70,28,15,10,97,1114,23,21,16,24,33,76,33,22,11,8,4,15,286,4,5,4,3,14,30,28,16,9,8,4,0,125,14,6,9,22,30,116,110,81,19,23,12,13,455,3,3,5,5,5,26,12,7,3,0,0,8,77,5,6,0,5,7,20,9,6,7,4,0,6,75,26,20,18,35,56,192,159,110,38,35,16,27,732,0,0,0,0,3,4,5,0,0,0
LGA19399,0,0,0,3,0,0,0,6,3,0,0,0,0,0,0,0,0,0,0,3,6,3,0,3,0,0,4,6,0,6,3,3,3,31,0,0,0,0,0,0,0,0,0,0,0,0,0,3,0,0,0,0,0,0,0,0,0,0,0,3,0,0,0,0,0,0,0,0,0,0,0,0,0,0,0,0,0,0,0,0,0,0,0,0,0,0,3,0,0,0,0,0,0,0,0,0,0,0,3,6,0,3,0,0,9,9,4,6,3,6,10,56,10,0,0,0,0,0,0,0,3,3,3,8,27,0,0,0,3,0,0,0,0,0,0,0,0,3,3,0,0,3,3,3,0,9,0,0,3,0,24,3,0,0,0,0,0,3,0,0,0,0,0,6,3,0,0,0,0,0,0,0,0,0,0,0,3,9,0,0,6,3,3,3,9,0,0,3,0,36,0,0,0,0,0,0,0,0,0,0
