region_id,P_Oth_scs_15_19,P_Oth_scs_20_24,P_Oth_scs_25_34,P_Oth_scs_35_44,P_Oth_scs_45_54,P_Oth_scs_55_64,P_Oth_scs_65_74,P_Oth_scs_75_84,P_Oth_scs_85ov,P_Oth_scs_Tot,P_ID_NS_15_19,P_ID_NS_20_24,P_ID_NS_25_34,P_ID_NS_35_44,P_ID_NS_45_54,P_ID_NS_55_64,P_ID_NS_65_74,P_ID_NS_75_84,P_ID_NS_85ov,P_ID_NS_Tot,P_Tot_15_19,P_Tot_20_24,P_Tot_25_34,P_Tot_35_44,P_Tot_45_54,P_Tot_55_64,P_Tot_65_74,P_Tot_75_84,P_Tot_85ov,P_Tot_Tot
POA2000,6,36,103,49,29,16,5,0,0,244,8,68,175,39,43,22,9,3,0,367,233,1559,5301,1731,1146,810,256,53,12,11101
POA2006,8,9,14,0,0,0,0,0,0,31,4,7,3,0,0,0,0,0,0,14,138,238,48,11,17,9,0,0,0,461
POA2007,0,15,33,11,6,3,0,0,0,68,6,20,49,10,0,0,3,0,0,88,95,548,1561,523,265,149,35,3,0,3179
POA2008,0,18,48,27,15,4,3,0,0,115,4,14,43,16,6,3,0,0,0,86,83,665,1617,642,382,207,34,7,0,3637
POA2009,0,12,65,49,25,17,4,0,0,172,0,20,52,29,20,7,4,0,0,132,54,578,3180,1525,888,659,162,12,0,7058
POA2010,8,37,178,119,64,34,10,0,0,450,6,37,153,67,44,24,10,0,0,341,144,1476,7235,3710,2071,1043,241,21,6,15947
POA2011,0,31,103,64,48,25,6,0,0,277,6,33,74,64,35,16,6,6,3,243,113,1017,4223,2631,1566,1069,333,56,10,11018
POA2015,5,14,45,36,12,18,3,0,0,133,8,6,46,28,19,6,0,0,0,113,69,487,2328,1571,822,386,64,6,0,5733
POA2016,4,20,77,53,42,22,3,0,0,221,0,18,57,27,14,11,7,0,0,134,74,727,2574,1583,1014,509,106,13,0,6600
POA2017,3,23,99,42,25,10,6,0,0,208,6,36,56,25,16,16,6,3,0,164,102,809,3165,1568,744,412,70,12,3,6885
POA2018,7,28,60,70,60,42,7,0,0,274,7,22,49,35,30,23,17,0,0,183,208,614,1941,1784,1279,805,164,8,0,6803
POA2019,7,12,31,47,39,18,6,0,0,160,7,14,21,32,19,11,0,0,0,104,198,334,918,1295,988,540,114,8,0,4395
POA2020,6,14,49,37,44,29,8,0,0,187,7,16,50,43,24,15,5,0,0,160,184,501,1635,1309,1058,556,112,9,0,5364
POA2021,0,21,73,44,45,16,9,6,0,214,0,21,57,33,19,15,9,0,0,154,90,702,3099,2048,1210,937,353,42,3,8484
POA2022,6,17,51,42,29,28,10,0,0,183,6,13,48,42,18,18,8,3,3,159,112,479,1971,1434,992,693,211,34,12,5938
POA2023,3,14,38,16,24,21,5,0,0,121,0,13,37,40,26,23,10,9,0,158,114,402,1399,1089,992,817,283,63,11,5170
POA2024,8,13,42,40,28,19,12,0,0,162,7,8,41,34,21,9,6,0,0,126,116,343,1549,1557,1167,658,176,19,0,5585
POA2025,3,5,27,10,16,16,6,0,5,88,3,9,19,22,18,14,12,4,3,104,54,257,1001,837,682,564,281,53,14,3743
POA2026,11,58,192,121,66,53,19,0,3,523,10,50,192,101,48,42,22,0,3,468,230,1378,7028,4470,2233,1378,364,55,18,17154
POA2027,3,3,25,14,15,15,6,3,0,84,0,9,24,18,14,21,17,3,0,106,30,222,1122,709,619,606,311,85,25,3729
POA2028,0,4,30,20,16,7,3,0,0,80,0,7,10,11,9,7,10,0,3,57,35,222,801,495,389,346,152,33,12,2485
POA2029,3,16,30,33,30,23,9,3,0,147,6,9,40,37,23,24,14,0,0,153,88,332,1340,1151,832,684,267,46,8,4748
POA2030,11,13,39,40,42,27,7,3,0,182,9,14,26,53,49,39,13,5,0,208,214,526,1063,1475,1605,1118,406,109,15,6531
POA2031,16,54,183,111,81,64,12,3,0,524,7,39,110,84,62,31,21,8,0,362,343,1538,5753,4640,3131,1919,441,64,7,17836
POA2032,4,27,76,41,41,17,9,0,0,215,10,27,53,24,35,14,4,0,0,167,191,927,1849,1362,1206,735,159,25,9,6463
POA2033,4,22,51,18,25,10,9,0,0,139,6,18,42,19,27,10,11,0,0,133,150,682,1822,1101,852,465,168,27,0,5267
POA2034,6,27,88,62,46,31,12,3,0,275,9,27,73,42,38,32,7,11,4,243,216,832,3720,2642,1789,1019,252,50,4,10524
POA2035,17,55,111,118,107,86,21,0,0,515,18,32,83,66,72,50,17,8,7,353,502,1481,3931,3828,3194,1953,490,49,11,15439
POA2036,20,46,74,105,108,73,27,0,0,453,16,41,66,72,71,47,15,5,0,333,528,1057,2284,2840,2817,1804,380,24,0,11734
POA2037,4,33,55,44,25,17,11,0,0,189,0,20,65,32,17,17,13,0,3,167,188,999,2510,1630,1069,871,213,20,3,7503
POA2038,0,17,37,31,17,24,0,0,0,126,5,6,29,21,18,9,3,3,0,94,79,400,1487,1427,988,628,115,15,0,5139
POA2039,0,7,40,28,19,21,0,0,0,115,0,9,26,28,18,9,0,0,0,90,66,227,1474,1514,834,629,136,6,3,4889
POA2040,15,38,85,103,64,43,11,3,0,362,12,20,66,51,38,31,9,9,0,236,247,794,3107,3604,2177,1320,220,12,0,11481
POA2041,8,13,57,63,44,25,9,3,0,222,7,12,50,39,26,15,10,0,0,159,153,422,2152,2362,1684,1318,363,33,0,8487
POA2042,0,34,146,84,44,28,5,3,0,344,7,29,77,49,25,6,7,0,3,203,169,1297,4153,2880,1650,756,127,18,3,11053
POA2043,3,14,57,33,16,12,0,0,0,135,3,15,31,18,14,0,0,0,0,81,57,366,1973,1439,717,297,27,4,0,4880
POA2044,7,13,31,33,29,10,0,0,0,123,4,18,39,21,12,10,3,0,0,107,85,355,1147,1121,780,413,55,0,0,3956
POA2045,4,9,12,16,24,26,4,3,0,98,6,13,6,8,15,8,0,3,3,62,122,244,410,787,897,510,94,9,6,3079
POA2046,12,33,128,97,119,82,30,0,0,501,15,26,58,54,53,41,10,6,5,268,382,922,3252,3583,2837,1761,381,37,5,13160
POA2047,0,13,53,46,32,28,16,0,0,188,7,10,30,29,26,10,8,3,0,123,146,375,1639,1581,1166,862,247,34,5,6055
POA2048,7,17,39,35,25,4,3,0,0,130,7,10,25,10,6,12,0,4,0,74,91,440,1512,1236,771,411,76,7,0,4544
POA2049,6,18,72,63,35,25,3,0,0,222,5,8,22,25,16,11,6,0,0,93,123,536,1701,1604,1072,630,112,9,0,5787
POA2050,3,15,38,26,25,16,4,0,0,127,3,0,22,21,12,0,0,0,0,58,56,431,1861,1151,581,268,47,0,0,4395
POA2052,3,7,0,0,0,0,0,0,0,10,0,3,0,0,0,0,0,0,0,3,105,264,73,10,4,6,0,0,0,462
POA2060,8,21,53,25,17,25,8,3,0,160,4,9,50,32,19,18,12,0,0,144,76,587,2770,1652,1019,895,344,34,10,7387
POA2061,3,3,23,10,7,6,6,0,0,58,3,3,24,8,12,13,3,0,5,71,30,172,1192,728,476,386,190,17,5,3196
POA2062,6,7,39,42,19,9,4,0,0,126,3,6,13,18,15,8,6,3,0,72,56,239,1288,1055,761,504,158,24,0,4085
POA2063,4,8,9,12,16,16,7,3,0,75,0,3,11,17,18,11,7,4,0,71,98,243,386,672,713,557,140,28,4,2841
POA2064,6,15,33,32,13,20,6,0,0,125,6,10,19,23,13,7,3,6,0,87,99,390,1520,1290,803,539,93,18,0,4752
POA2065,9,34,128,94,64,52,9,3,0,393,8,27,102,91,61,39,14,6,3,351,273,1279,5975,4036,2552,1838,516,58,9,16536
POA2066,15,41,88,95,91,57,12,0,0,399,10,24,69,77,63,34,12,6,6,301,456,1138,3474,3667,3131,2077,563,67,9,14582
POA2067,8,29,67,79,77,50,10,0,0,320,12,38,77,60,68,34,12,5,5,311,256,936,3126,2640,2140,1328,283,33,8,10750
POA2068,8,26,29,56,56,27,15,0,0,217,7,16,21,37,47,31,8,6,0,173,273,514,1235,2162,1902,1198,313,46,9,7652
POA2069,8,24,30,16,47,25,9,3,0,162,6,14,21,33,32,28,11,7,0,152,248,519,845,1479,1622,1076,345,58,8,6200
POA2070,10,13,18,34,41,25,4,3,0,148,0,13,17,29,29,17,10,3,4,122,239,493,679,1286,1584,906,253,35,7,5482
POA2071,13,14,15,25,31,29,5,3,0,135,9,8,19,24,29,25,6,6,0,126,275,512,780,1069,1516,922,308,50,7,5439
POA2072,3,4,13,10,20,10,6,6,0,72,0,7,13,8,24,11,3,3,0,69,134,259,445,598,831,531,156,34,0,2988
POA2073,5,23,20,40,50,28,9,0,0,175,13,17,12,27,43,33,12,0,0,157,364,664,873,1694,2147,1277,362,49,9,7439
POA2074,16,31,19,54,63,50,17,3,0,253,9,15,21,43,39,32,18,7,0,184,507,775,1080,2158,2572,1618,519,103,14,9346
POA2075,18,40,32,55,68,39,15,4,0,271,11,16,25,37,59,34,24,3,0,209,492,776,934,1849,2475,1552,552,106,9,8745
POA2076,11,29,55,59,75,51,9,3,0,292,21,18,30,51,67,34,26,0,0,247,547,985,1567,2494,2916,1860,605,96,6,11076
POA2077,20,73,131,149,128,84,17,0,0,602,25,37,85,94,66,38,16,3,4,368,613,1435,4573,4655,3739,2306,491,44,8,17864
POA2079,21,24,24,34,36,27,7,3,0,176,0,0,18,15,26,9,3,0,0,71,273,387,618,894,1078,555,98,9,0,3912
POA2080,4,5,0,10,14,0,0,0,0,33,3,0,9,0,3,0,0,0,0,15,53,69,132,206,219,122,37,4,0,842
POA2081,3,8,14,31,25,12,3,0,0,96,3,0,3,12,11,6,0,0,0,35,167,211,349,696,786,397,81,6,0,2693
POA2082,8,8,17,32,25,18,4,0,0,112,6,7,11,15,9,3,0,0,0,51,154,232,428,796,759,510,113,3,0,2995
POA2083,0,8,5,10,7,0,0,0,0,30,0,0,0,0,7,7,4,0,0,18,29,58,88,171,234,162,42,3,0,787
POA2084,10,6,19,16,22,17,5,5,0,100,6,3,7,10,15,6,7,0,0,54,96,157,198,419,463,333,117,17,5,1805
POA2085,14,24,21,54,53,41,4,0,0,211,10,7,10,27,24,18,4,0,0,100,307,392,556,1271,1274,852,251,27,8,4938
POA2086,11,32,30,81,74,43,13,3,0,287,6,6,25,28,38,15,11,4,0,133,348,480,804,1847,1676,1017,335,31,3,6541
POA2087,15,28,33,55,58,28,10,7,0,234,6,9,9,44,27,20,5,0,0,120,255,411,652,1600,1518,790,277,49,0,5552
POA2088,23,28,64,65,65,55,18,3,0,321,11,29,68,72,66,49,25,13,3,336,376,987,2818,3239,2982,2114,808,145,17,13486
POA2089,4,17,56,43,32,15,8,0,4,179,0,12,46,38,18,28,8,4,0,154,76,591,2691,1624,963,780,239,34,7,7005
POA2090,0,12,59,55,37,28,11,3,0,205,5,12,43,32,25,18,15,3,3,156,119,455,2354,1845,1273,1024,337,47,6,7460
POA2092,6,8,9,22,25,16,3,0,0,89,4,0,17,16,16,7,4,0,0,64,166,219,314,869,888,467,131,17,9,3080
POA2093,29,34,78,98,74,41,9,0,0,363,13,10,36,55,57,39,19,4,0,233,413,791,2084,3071,2563,1507,398,55,3,10885
POA2094,4,11,23,14,26,7,3,0,0,88,0,3,14,18,7,9,4,0,0,55,97,194,847,886,606,373,111,9,8,3131
POA2095,3,21,85,44,36,22,6,0,0,217,11,18,79,45,18,17,11,3,0,202,161,609,3213,2115,1235,802,258,35,0,8428
POA2096,13,31,102,47,41,26,8,0,0,268,12,17,71,49,41,18,6,3,3,220,237,586,2512,2220,1513,770,191,18,6,8053
POA2097,15,37,71,63,53,41,13,3,0,296,11,12,37,37,31,24,15,3,0,170,395,614,1508,1979,1716,1091,283,26,0,7612
POA2099,40,88,220,181,168,86,27,3,0,813,16,36,124,107,86,61,16,7,0,453,774,1579,4975,5133,4170,2421,520,60,0,19632
POA2100,16,49,69,102,89,57,16,3,0,401,15,22,32,57,38,24,9,0,0,197,515,806,1588,2580,2369,1373,320,50,0,9601
POA2101,15,46,105,78,88,75,16,4,0,427,19,16,37,64,52,32,15,7,7,249,415,743,1994,2214,2080,1383,355,30,10,9224
POA2102,4,12,20,37,37,20,7,0,0,137,4,3,4,12,13,13,3,0,0,52,164,213,493,916,729,485,103,8,3,3114
POA2103,17,33,43,44,46,39,12,0,0,234,6,16,21,19,18,22,7,3,0,112,277,414,909,1132,1195,927,227,34,0,5115
POA2104,6,6,6,12,9,3,3,0,0,45,3,3,6,3,6,8,6,0,0,35,100,97,117,228,339,271,116,18,0,1286
POA2105,0,0,6,0,11,5,0,0,0,22,3,0,3,4,7,8,0,0,0,25,41,53,89,203,271,191,70,6,0,924
POA2106,11,22,33,38,46,24,7,3,0,184,9,18,17,34,38,19,10,0,0,145,255,432,767,1040,1223,831,211,27,3,4789
POA2107,24,26,34,53,66,32,9,3,0,247,12,7,16,44,61,30,16,6,0,192,372,464,754,1536,2033,1461,400,39,0,7059
POA2108,3,3,3,3,10,8,0,0,0,30,0,0,0,4,8,6,10,0,0,28,28,58,72,128,207,228,128,25,0,874
POA2109,3,3,6,3,3,3,0,0,0,21,0,4,3,0,0,0,0,3,0,10,47,161,104,37,34,20,6,3,0,412
POA2110,5,12,13,21,28,30,4,0,0,113,7,9,16,17,18,20,6,0,0,93,161,334,564,954,1043,815,267,30,9,4177
POA2111,5,17,40,64,44,38,14,0,0,222,5,12,34,45,35,27,12,3,0,173,239,491,1515,1873,1529,1010,261,38,0,6956
POA2112,27,58,131,148,153,83,26,3,0,629,8,29,76,76,69,43,11,0,0,312,527,1188,3160,3417,3183,1835,375,45,0,13730
POA2113,13,28,63,79,60,49,8,3,0,303,10,21,45,46,34,34,11,0,0,201,294,704,2016,2046,1801,1121,236,36,0,8254
POA2114,11,38,85,89,96,44,8,3,0,374,10,28,82,67,61,37,6,0,0,291,339,996,3356,2614,2224,1400,249,30,3,11211
POA2115,9,25,47,43,36,26,6,0,0,192,9,15,23,27,26,18,6,3,0,127,213,373,928,1009,930,585,103,6,3,4150
POA2116,6,14,23,32,27,17,0,3,0,122,3,7,18,27,14,9,4,0,0,82,121,249,585,742,697,330,54,7,0,2785
POA2117,9,31,63,85,81,45,14,3,0,331,17,31,45,45,57,26,10,3,0,234,363,787,1886,2072,2108,1185,244,30,0,8675
POA2118,7,25,50,89,116,75,17,3,0,382,8,21,57,51,65,36,20,9,0,267,374,931,1724,2181,2702,1679,418,51,3,10063
POA2119,7,16,25,19,48,25,16,3,0,159,6,14,9,26,27,11,7,3,0,103,281,554,617,1024,1567,1041,300,56,6,5446
POA2120,14,51,44,77,77,44,17,0,0,324,8,13,31,44,37,31,11,3,4,182,485,849,1559,2417,2479,1615,418,34,7,9863
POA2121,17,33,64,79,108,69,12,3,0,385,9,29,60,33,47,32,6,3,4,223,531,1140,2326,2535,3183,1945,371,57,9,12097
POA2122,13,41,102,81,102,72,24,0,0,435,9,40,79,51,77,41,12,3,0,312,395,1364,3351,2703,2901,1873,448,37,0,13072
POA2125,4,27,27,61,69,58,22,0,0,268,11,12,22,27,32,33,9,0,0,146,442,916,1106,1564,2259,1735,362,36,3,8423
POA2126,17,43,37,46,89,66,8,0,0,306,10,31,25,48,56,33,10,3,0,216,559,1082,1178,1976,2805,1722,323,26,0,9671
POA2127,3,6,39,31,29,13,4,3,0,128,0,0,35,35,16,7,0,0,0,93,70,318,1652,1275,748,473,74,3,0,4613
POA2128,0,3,9,11,6,6,0,0,0,35,3,3,6,3,7,0,0,0,0,22,19,80,299,201,141,80,6,6,0,832
POA2129,0,0,0,0,0,0,0,0,0,0,0,0,0,0,0,0,0,0,0,0,0,0,0,0,3,0,0,0,0,3
POA2130,3,18,39,30,21,19,0,0,0,130,0,7,21,18,14,3,4,0,0,67,67,317,1209,974,714,406,66,4,4,3761
POA2131,8,30,108,74,64,39,18,0,0,341,10,44,87,53,56,36,7,0,3,296,236,1140,3651,2455,1993,1179,200,27,3,10884
POA2132,3,18,52,43,48,25,8,0,0,197,4,11,32,31,30,13,3,0,0,124,173,470,1104,1209,1193,634,121,12,3,4919
POA2133,9,13,60,46,27,26,12,0,0,193,3,9,37,32,18,23,6,6,0,134,222,428,1129,1317,1137,737,128,18,0,5116
POA2134,3,24,57,40,40,23,6,3,0,196,3,30,68,38,29,12,6,0,3,189,152,726,1972,1037,1078,603,102,8,3,5681
POA2135,9,27,77,57,46,42,15,3,0,276,9,67,112,50,70,38,17,4,6,373,326,1504,3332,1863,2152,1375,379,72,9,11012
POA2136,7,9,23,31,45,23,9,0,0,147,3,17,23,9,17,13,0,3,0,85,116,309,679,695,769,481,108,16,0,3173
POA2137,16,36,75,80,105,55,16,3,0,386,14,28,66,73,39,29,11,0,0,260,463,1035,2676,2894,2769,1662,392,33,0,11924
POA2138,10,11,43,48,56,26,6,0,0,200,7,21,75,31,18,17,3,0,0,172,201,642,2347,1530,1204,683,125,7,0,6739
POA2139,0,0,0,0,0,0,0,0,0,0,0,0,0,0,0,0,0,0,0,0,0,0,7,0,3,0,0,0,0,10
POA2140,8,15,57,36,29,15,5,3,0,168,6,28,71,33,47,7,4,0,0,196,140,756,2521,1166,1018,449,96,12,6,6164
POA2141,7,44,95,92,89,52,8,0,0,387,21,61,116,81,91,45,6,3,0,424,320,1257,3170,2227,2338,1351,166,18,4,10851
POA2142,9,49,109,77,47,25,3,3,0,322,23,55,109,67,60,32,8,6,0,360,291,1139,3078,1890,1360,799,134,9,0,8700
POA2143,7,12,21,24,24,21,0,0,0,109,4,16,30,24,39,9,3,0,0,125,114,304,587,614,721,347,52,7,0,2746
POA2144,16,65,110,75,80,32,9,0,0,387,35,116,194,129,95,53,10,0,0,632,362,1608,3779,2232,2066,1012,146,7,0,11212
POA2145,53,125,280,286,222,147,39,3,0,1155,46,105,249,195,130,95,36,5,0,861,1217,2869,9684,8004,6174,3868,638,37,6,32497
POA2146,20,44,68,66,61,31,11,0,0,301,14,19,66,39,31,20,10,6,0,205,377,729,1877,1834,1624,1002,174,18,0,7635
POA2147,23,83,151,166,124,126,16,0,0,689,25,44,114,102,92,69,13,5,3,467,772,1518,3804,3862,3571,2591,396,18,3,16535
POA2148,45,114,249,214,202,122,22,0,0,968,54,99,219,192,156,83,16,6,3,828,1168,2672,7297,5964,5259,3258,491,38,3,26150
POA2150,3,34,163,67,46,27,11,0,0,351,8,40,215,63,47,27,0,3,0,403,191,1304,6121,2372,1416,737,144,16,0,12301
POA2151,9,35,87,97,77,41,26,0,0,372,6,25,61,62,45,24,7,0,0,230,312,897,2648,2191,1931,1193,312,15,3,9502
POA2152,5,19,48,65,33,27,9,0,0,206,4,0,25,20,19,10,6,3,3,90,171,458,1366,1278,942,641,150,12,9,5027
POA2153,61,99,186,204,229,162,53,0,0,994,32,47,115,151,142,90,26,4,0,607,1344,2370,5038,6832,6142,4263,939,59,0,26987
POA2154,37,80,121,116,149,103,35,0,0,641,21,34,80,86,109,75,19,0,0,424,1069,1923,3124,4186,4777,3187,725,53,0,19044
POA2155,61,82,165,292,177,90,21,0,0,888,24,35,103,140,105,57,15,6,0,485,1189,1877,4557,7236,4864,2566,434,33,3,22759
POA2156,23,50,39,71,86,53,19,0,0,341,14,20,16,34,39,35,12,7,0,177,453,730,716,1218,1724,1271,311,43,6,6472
POA2157,5,0,14,22,10,18,8,0,0,77,4,10,6,11,11,6,0,0,0,48,114,160,274,407,437,351,84,24,0,1851
POA2158,14,14,24,39,62,27,4,0,0,184,9,5,13,19,22,8,8,0,0,84,307,402,489,824,1134,725,259,41,5,4186
POA2159,12,12,10,23,30,8,10,0,0,105,4,4,13,8,6,12,8,0,0,55,159,225,301,465,597,447,141,16,0,2351
POA2160,21,65,102,108,97,68,10,0,0,471,36,70,128,101,83,39,9,3,0,469,547,1507,3613,2712,2417,1386,217,18,0,12417
POA2161,23,54,110,102,73,36,11,0,0,409,35,70,109,78,63,39,8,6,0,408,496,1261,2660,1991,1897,1126,166,18,3,9618
POA2162,25,21,54,59,67,36,8,0,0,270,14,24,66,53,47,16,4,0,0,224,316,666,1332,1385,1463,856,120,8,0,6146
POA2163,3,12,21,24,16,12,3,0,0,91,6,21,36,26,31,6,3,0,0,129,100,311,509,528,560,314,37,0,0,2359
POA2164,18,46,86,79,67,41,3,0,0,340,24,31,52,72,49,50,6,0,0,284,366,830,1664,1578,1518,1092,139,15,0,7202
POA2165,26,79,121,139,94,57,11,0,0,527,20,75,161,130,101,60,15,3,0,565,536,1454,3123,2925,2755,1478,225,22,0,12518
POA2166,16,88,222,219,126,53,12,3,0,739,31,104,203,269,191,94,8,3,0,903,527,1798,4023,4120,3888,1766,232,33,0,16387
POA2167,7,14,29,17,24,13,0,0,0,104,7,16,18,25,17,9,3,0,0,95,172,335,870,744,782,513,68,9,0,3493
POA2168,41,54,141,176,129,42,7,0,0,590,59,109,160,122,134,76,7,6,0,673,947,1707,3340,3457,3773,1586,191,10,0,15011
POA2170,73,181,333,369,288,187,33,0,0,1464,51,143,334,299,247,154,37,9,0,1274,1613,3708,9356,9356,8036,4549,704,44,8,37374
POA2171,22,65,92,138,118,28,3,0,0,466,23,50,89,79,77,40,3,0,0,361,621,1185,2607,3341,2756,1140,113,4,0,11767
POA2172,3,6,0,13,9,4,5,0,0,40,0,0,4,11,4,0,0,0,0,19,67,127,186,337,334,170,32,6,0,1259
POA2173,8,21,47,52,48,14,3,0,0,193,13,16,33,33,29,13,0,0,0,137,384,766,1762,2032,1574,564,72,0,0,7154
POA2174,0,0,4,0,0,0,0,0,0,4,0,0,0,8,3,0,0,0,0,11,9,16,32,41,31,31,11,0,0,171
POA2175,9,13,3,15,9,4,0,0,0,53,0,4,4,10,9,3,0,0,0,30,56,97,140,180,214,118,35,9,0,849
POA2176,41,132,184,176,222,124,22,0,0,901,45,98,156,123,175,85,22,0,0,704,1037,2594,4165,3877,4889,3106,396,14,0,20078
POA2177,14,41,68,85,52,37,4,0,0,301,7,39,76,53,52,26,6,3,0,262,276,777,1369,1239,1436,775,76,6,0,5954
POA2178,7,15,25,28,34,17,3,0,0,129,7,15,20,14,15,10,3,0,0,84,129,265,557,523,482,323,70,11,0,2360
POA2179,16,19,18,22,13,11,3,3,0,105,5,8,10,8,16,11,3,6,0,67,157,234,369,453,480,339,74,18,0,2124
POA2190,13,48,92,101,76,46,12,3,0,391,31,55,82,61,72,34,8,4,0,347,439,1034,1873,1771,1782,1010,175,13,0,8097
POA2191,11,15,31,29,19,14,5,0,0,124,6,8,20,18,19,13,4,0,0,88,116,247,543,632,574,316,68,3,0,2499
POA2192,10,27,49,50,53,21,5,3,0,218,7,28,48,24,44,22,0,0,0,173,178,545,1345,1122,1076,543,93,6,0,4908
POA2193,14,24,61,68,84,36,8,0,3,298,12,38,44,43,41,18,0,4,0,200,209,635,1446,1676,1670,952,170,11,3,6772
POA2194,4,35,110,87,93,43,6,0,0,378,9,40,100,80,87,46,7,6,0,375,191,923,2753,1951,1894,906,120,18,3,8759
POA2195,9,33,108,85,65,25,3,0,0,328,12,53,122,100,61,31,7,0,0,386,244,892,2872,2024,1527,711,122,15,5,8412
POA2196,21,54,130,152,94,56,12,3,0,522,22,62,135,97,83,43,8,0,0,450,472,1153,2599,2550,2240,1200,237,25,0,10476
POA2197,13,15,30,40,35,13,6,0,0,152,6,16,13,24,31,11,5,0,0,106,173,315,673,680,690,412,72,11,0,3026
POA2198,5,17,41,53,27,24,6,0,0,173,6,12,16,23,26,8,6,0,0,97,162,347,784,904,703,568,146,9,0,3623
POA2199,17,39,51,78,55,32,4,0,0,276,12,33,44,40,41,32,5,0,0,207,267,615,1303,1248,1351,728,121,15,0,5648
POA2200,26,83,187,154,138,57,12,3,0,660,22,86,168,134,123,47,6,6,0,592,487,1569,3891,3346,2926,1596,251,22,6,14094
POA2203,3,26,74,72,45,26,8,0,0,254,13,22,33,42,21,12,5,6,0,154,154,525,1957,1999,1436,688,104,12,0,6875
POA2204,15,45,144,132,107,56,5,0,0,504,8,39,94,76,60,32,15,3,0,327,277,1159,3614,3440,2316,1184,191,15,0,12196
POA2205,15,22,59,51,36,26,6,3,0,218,9,31,77,54,19,17,6,0,0,213,217,616,2025,1361,1002,607,112,11,0,5951
POA2206,15,41,66,99,81,53,14,0,0,369,8,22,38,53,53,34,5,5,0,218,299,662,1532,2364,1961,1113,257,23,0,8211
POA2207,32,31,114,125,122,77,20,3,0,524,28,45,69,88,69,49,15,0,0,363,450,1024,2822,3055,2827,1648,313,22,9,12170
POA2208,7,12,51,60,44,23,6,3,0,206,11,20,32,29,35,17,3,3,0,150,162,398,1125,1309,1087,743,151,15,0,4990
POA2209,15,21,52,48,55,32,6,0,0,229,11,25,38,40,31,18,0,4,0,167,217,579,1443,1448,1458,876,143,28,0,6192
POA2210,34,57,78,107,123,66,19,0,0,484,21,40,50,75,55,45,20,6,0,312,547,1107,2205,2736,2930,1830,390,53,4,11802
POA2211,14,31,75,77,57,42,16,0,0,312,5,18,42,46,43,21,5,3,0,183,374,698,1577,1672,1881,1048,212,13,0,7475
POA2212,21,35,67,59,60,32,10,0,0,284,9,25,39,35,36,13,6,6,0,169,319,603,1436,1488,1479,841,125,13,0,6304
POA2213,19,47,76,87,75,64,18,3,0,389,20,30,58,38,47,23,8,6,0,230,536,922,1866,2310,2335,1425,259,14,7,9674
POA2214,0,11,15,18,21,12,3,0,0,80,0,3,3,8,11,14,0,0,0,39,118,215,347,484,403,350,88,0,0,2005
POA2216,5,40,131,98,101,61,10,3,0,449,12,52,149,72,68,41,6,3,0,403,314,1264,4166,2816,2225,1351,272,25,5,12438
POA2217,15,55,84,92,72,43,12,7,0,380,14,40,81,65,61,33,17,7,0,318,324,1073,3224,2805,2253,1339,297,38,7,11360
POA2218,10,27,81,53,57,38,7,0,0,273,6,23,70,41,40,15,6,3,0,204,203,698,2020,1704,1640,953,153,8,4,7383
POA2219,13,24,33,62,60,37,7,0,0,236,6,10,37,39,28,26,16,4,0,166,226,387,1087,1526,1381,938,236,22,0,5803
POA2220,17,49,87,88,91,51,13,0,0,396,18,51,141,84,84,35,16,7,0,436,366,1344,4109,2750,2763,1313,237,19,3,12904
POA2221,10,22,28,57,80,38,8,0,0,243,9,26,42,49,33,25,9,3,0,196,318,701,1225,1737,1895,1174,273,33,6,7362
POA2222,10,14,33,45,49,29,6,0,0,186,7,13,27,21,21,12,3,4,0,108,217,547,1539,1332,1331,708,119,11,0,5804
POA2223,15,36,84,69,81,42,7,0,0,334,6,26,40,43,35,35,6,0,5,196,379,964,2276,2308,2375,1482,261,20,12,10077
POA2224,14,25,45,68,61,31,17,0,0,261,14,11,35,37,33,23,11,7,0,171,323,538,1134,1487,1473,997,355,39,3,6349
POA2225,8,6,17,17,22,14,3,0,0,87,0,3,6,7,13,3,6,0,0,38,179,243,431,751,647,456,87,9,0,2803
POA2226,11,36,41,40,40,28,4,3,0,203,12,15,17,19,28,16,6,3,0,116,330,530,1056,1582,1447,930,156,21,0,6052
POA2227,16,27,46,64,53,46,12,0,0,264,9,15,28,21,27,14,6,3,5,128,415,654,1402,1884,1641,1078,224,19,5,7322
POA2228,21,35,92,67,64,33,6,3,0,321,11,19,34,41,51,31,11,6,4,208,432,865,1966,2023,1821,1122,275,39,4,8547
POA2229,30,70,83,111,102,73,22,3,0,494,19,15,59,76,63,56,12,6,3,309,777,1303,2614,3170,3100,2158,459,74,9,13664
POA2230,27,89,130,104,85,53,15,0,0,503,16,37,80,57,62,40,16,9,3,320,666,1592,3857,3050,3157,2220,507,76,24,15149
POA2231,6,0,8,10,17,6,0,0,0,47,4,0,3,19,9,4,3,0,0,42,65,77,186,325,281,150,44,6,0,1134
POA2232,30,67,138,129,127,85,26,3,0,605,21,33,69,69,63,39,17,7,3,321,757,1440,3752,3919,3384,2271,567,58,3,16151
POA2233,53,94,129,137,160,99,15,0,0,687,15,32,49,59,60,40,10,0,0,265,1020,1485,2840,3710,3572,2424,431,15,0,15497
POA2234,62,96,110,134,214,104,20,0,0,740,37,45,51,76,80,77,6,3,0,375,1348,2099,2433,3296,4768,3117,373,18,4,17456
POA2250,63,177,224,269,278,190,37,3,0,1241,47,60,123,145,149,84,32,14,4,658,1895,2859,5492,6594,7174,4507,858,99,15,29493
POA2251,41,51,92,122,139,103,16,0,0,564,28,30,40,74,71,51,11,10,3,318,991,1269,2004,3247,3865,2357,379,35,6,14153
POA2256,16,23,41,52,44,32,8,0,0,216,10,13,25,23,27,34,13,5,3,153,293,462,946,1265,1431,995,251,26,6,5675
POA2257,34,43,72,93,108,75,26,0,0,451,12,20,73,58,68,37,11,5,3,287,600,860,1809,2519,2645,1919,400,36,9,10797
POA2258,7,11,19,28,33,9,3,0,0,110,4,3,9,12,16,7,3,3,0,57,198,244,396,559,678,398,77,3,0,2553
POA2259,66,95,187,247,202,132,21,3,0,953,46,41,97,115,124,63,25,9,6,526,1634,1842,3787,5609,5383,2918,570,45,9,21797
POA2260,17,47,83,79,85,60,16,0,0,387,21,13,37,42,45,32,8,0,0,198,725,1010,1879,2348,2546,1804,332,26,4,10674
POA2261,57,105,186,220,190,117,21,3,0,899,38,51,84,94,86,71,18,3,0,445,1488,2101,4064,4630,5143,3251,497,51,3,21228
POA2262,29,33,76,70,51,40,7,0,0,306,20,22,42,37,46,36,9,0,0,212,545,685,1677,1852,1725,988,151,12,0,7635
POA2263,18,47,76,69,67,37,3,0,0,317,21,30,46,42,30,29,8,6,6,218,585,846,1529,1679,1853,1286,174,22,9,7983
POA2264,22,26,35,48,44,40,6,3,0,224,8,19,30,24,28,15,9,0,0,133,308,449,836,1080,1265,885,177,21,6,5027
POA2265,11,17,15,24,27,14,4,0,0,112,6,5,3,7,11,17,0,0,0,49,147,245,322,455,545,357,69,3,0,2143
POA2267,6,3,6,14,7,5,3,0,0,44,0,4,3,4,16,8,3,0,0,38,58,87,170,237,307,236,38,0,0,1133
POA2278,8,10,22,29,14,11,0,0,0,94,0,0,0,7,9,0,0,0,0,16,119,166,264,311,334,192,14,3,0,1403
POA2280,64,65,91,119,109,70,12,3,0,533,18,26,36,66,51,35,14,0,3,249,991,1064,1869,2758,2985,1920,306,29,9,11931
POA2281,18,24,42,46,36,36,6,0,0,208,13,13,22,18,24,28,0,3,0,121,423,469,838,1220,1409,836,130,16,0,5341
POA2282,21,33,36,61,63,42,15,0,0,271,12,15,16,33,21,18,6,6,0,127,562,618,966,1602,1807,1224,202,14,4,6999
POA2283,35,43,52,91,86,62,17,3,0,389,31,20,35,43,50,29,8,3,0,219,692,996,1447,1954,2329,1746,311,30,5,9510
POA2284,8,33,46,46,35,31,3,0,0,202,6,9,14,23,21,18,8,3,0,102,328,444,840,1025,1074,674,125,18,4,4532
POA2285,39,97,163,148,123,85,12,0,0,667,28,19,55,60,62,36,6,0,0,266,912,1228,3114,3145,2821,1703,193,12,0,13128
POA2286,3,19,14,17,21,6,3,0,0,83,6,7,6,10,10,3,0,0,0,42,114,147,275,406,382,206,23,3,0,1556
POA2287,45,84,163,163,122,71,19,6,0,673,33,38,72,58,50,38,8,3,0,300,1152,1585,3289,3573,3430,2058,270,30,0,15387
POA2289,29,46,64,59,56,49,20,0,0,323,16,17,21,33,33,16,0,4,0,140,658,908,1952,2288,2078,1145,263,39,0,9331
POA2290,55,70,132,107,111,65,16,0,0,556,21,14,49,59,47,38,5,5,0,238,1092,1490,3104,3418,3471,2042,339,38,0,14994
POA2291,26,34,57,41,45,31,4,0,0,238,6,12,13,29,19,9,10,0,0,98,417,948,1632,1473,1604,939,193,38,0,7244
POA2292,3,8,17,6,3,0,3,0,0,40,0,0,6,6,3,3,0,0,0,18,52,144,389,261,252,158,19,0,0,1275
POA2293,3,6,7,8,6,6,0,0,0,36,3,3,6,0,6,0,0,0,0,18,35,161,386,220,207,134,18,0,0,1161
POA2294,3,4,13,9,10,3,0,0,0,42,0,0,4,13,4,6,0,0,0,27,28,124,339,191,119,110,8,0,0,919
POA2295,7,11,11,17,19,10,3,0,0,78,3,3,7,8,9,6,0,0,4,40,138,231,381,428,542,412,45,0,4,2181
POA2296,0,3,9,5,8,3,3,0,0,31,0,0,6,3,6,3,0,0,0,18,29,126,321,213,140,95,14,0,0,938
POA2297,0,3,3,3,7,3,0,0,0,19,0,0,0,0,6,3,0,0,0,9,27,68,192,186,178,78,6,0,0,735
POA2298,7,22,41,31,18,16,4,0,0,139,5,10,16,20,18,10,0,3,0,82,256,587,1023,900,799,427,69,12,0,4073
POA2299,8,31,39,36,29,17,6,0,0,166,6,14,24,16,17,7,7,3,0,94,331,692,1140,947,968,512,78,18,0,4686
POA2300,6,23,41,28,24,12,6,3,0,143,6,5,24,15,17,9,0,3,6,85,197,987,1860,884,925,716,171,30,9,5779
POA2302,0,5,0,0,0,0,3,0,0,8,0,0,3,0,0,0,0,0,0,3,12,54,121,42,40,41,12,0,0,322
POA2303,12,16,20,20,28,21,6,3,0,126,3,4,18,24,12,14,0,0,0,75,217,489,843,840,952,582,97,18,0,4038
POA2304,23,37,60,64,50,26,3,0,3,266,14,23,37,39,26,12,0,3,0,154,386,775,1807,1494,1353,799,91,12,3,6720
POA2305,11,23,39,37,43,25,7,0,0,185,3,13,9,25,25,7,3,0,0,85,347,591,1029,1496,1413,872,146,11,0,5905
POA2306,4,3,3,8,9,6,0,0,0,33,3,6,3,5,6,0,0,0,0,23,59,88,132,162,187,95,7,0,0,730
POA2307,6,12,22,7,9,7,3,0,0,66,5,0,6,7,3,8,0,0,0,29,94,252,375,285,291,194,26,0,0,1517
POA2308,0,0,0,0,0,0,0,0,0,0,3,0,0,0,0,0,0,0,0,3,56,93,3,0,0,0,0,0,0,152
POA2311,3,8,0,0,3,0,0,0,0,14,3,0,0,0,3,0,3,3,0,12,24,30,50,75,94,59,31,16,3,382
POA2312,5,0,6,8,10,0,0,0,0,29,3,3,4,0,5,6,0,0,0,21,45,33,76,133,168,91,22,0,0,568
POA2314,0,0,0,0,0,0,0,0,0,0,0,0,0,3,0,0,0,0,0,3,6,71,38,17,5,0,0,0,0,137
POA2315,16,9,35,44,44,23,12,0,0,183,4,5,11,27,24,17,10,4,0,102,365,381,772,1138,1264,933,212,16,0,5081
POA2316,5,9,10,29,23,16,0,0,0,92,7,7,7,10,14,14,3,3,0,65,197,188,295,593,652,330,66,9,0,2330
POA2317,11,10,9,20,24,20,0,0,0,94,4,3,9,10,12,10,9,0,3,60,166,154,299,492,585,395,102,8,3,2204
POA2318,27,34,44,62,71,29,9,3,0,279,6,14,14,26,22,18,7,3,0,110,385,460,1025,1382,1263,749,115,18,0,5397
POA2319,6,11,15,16,19,22,3,0,0,92,3,7,11,24,7,9,3,3,0,67,139,199,382,508,606,399,63,9,0,2305
POA2320,57,94,171,169,122,69,20,0,0,702,19,23,59,72,59,26,9,6,0,273,1013,1318,2848,3303,2991,1791,315,38,6,13623
POA2321,29,30,53,67,61,31,7,0,0,278,4,13,20,31,23,15,4,3,0,113,390,484,955,1238,1313,793,126,21,0,5320
POA2322,17,49,79,90,72,43,5,3,0,358,10,13,26,34,32,23,3,3,0,144,576,780,1520,1826,1787,990,116,12,0,7607
POA2323,35,76,125,108,102,63,15,3,0,527,14,19,38,44,37,42,14,3,0,211,831,1157,2304,2544,2515,1613,235,27,3,11229
POA2324,39,59,74,82,92,67,17,0,0,430,14,18,29,46,40,31,9,0,0,187,658,857,1519,1816,2203,1480,266,27,6,8832
POA2325,52,84,108,108,95,55,9,0,0,511,19,30,45,47,47,41,7,6,0,242,785,1072,2084,2330,2336,1510,209,31,0,10357
POA2326,13,28,45,34,25,16,3,0,0,164,8,12,13,29,12,10,5,0,0,89,197,291,614,646,662,389,56,6,0,2861
POA2327,9,24,35,27,30,21,3,0,0,149,0,9,22,20,13,8,4,0,0,76,195,367,548,649,629,413,52,0,0,2853
POA2328,3,17,6,9,6,7,0,0,0,48,3,0,3,14,4,6,0,0,0,30,78,117,246,310,288,197,55,9,0,1300
POA2329,0,3,3,3,3,0,0,0,0,12,3,3,3,5,0,5,6,0,0,25,44,57,164,171,190,177,64,19,0,886
POA2330,58,106,116,140,88,31,10,0,0,549,21,31,45,61,41,25,10,6,0,240,826,1084,2092,2394,2292,1240,255,51,3,10237
POA2333,28,55,71,55,54,21,6,0,0,290,20,10,31,26,21,20,10,6,5,149,473,642,1327,1314,1371,792,150,24,5,6098
POA2334,6,10,18,13,11,4,0,0,0,62,3,5,13,3,4,3,0,0,0,31,72,129,258,259,205,110,30,0,0,1063
POA2335,13,24,37,35,20,12,0,0,0,141,3,7,4,11,16,10,6,0,0,57,192,208,542,667,603,358,49,6,0,2625
POA2336,6,5,23,7,4,6,0,0,0,51,10,0,9,13,10,4,0,0,0,46,70,125,227,254,259,180,44,7,0,1166
POA2337,13,22,27,29,20,17,6,0,0,134,3,9,10,11,20,18,6,0,0,77,232,363,722,824,883,589,145,18,3,3779
POA2338,5,0,4,3,6,6,0,0,0,24,4,3,0,6,0,4,3,0,0,20,35,64,116,140,160,129,44,8,5,701
POA2339,0,0,0,0,3,0,0,0,0,3,0,0,6,0,0,9,0,0,0,15,18,13,33,69,61,75,22,3,0,294
POA2340,65,109,188,189,188,139,45,3,0,926,31,31,64,87,63,75,21,12,7,391,1488,1885,3734,4423,4747,3314,743,109,15,20458
POA2341,3,3,3,6,0,7,0,3,0,25,3,3,0,0,4,3,0,0,0,13,26,48,111,104,154,108,19,8,0,578
POA2342,0,0,3,0,3,0,0,0,0,6,0,0,3,3,0,3,0,0,0,9,12,13,48,56,79,56,22,6,3,295
POA2343,6,4,14,19,17,9,3,0,0,72,3,4,6,20,6,12,3,6,0,60,91,125,306,409,479,383,126,33,9,1961
POA2344,0,3,3,3,6,0,0,0,0,15,0,0,0,0,0,3,0,0,0,3,23,22,42,86,116,70,26,4,0,389
POA2345,0,0,6,0,0,0,0,0,0,6,0,0,0,6,0,0,0,0,0,6,23,21,59,79,98,81,15,6,0,382
POA2346,6,0,6,11,13,4,0,3,0,43,0,0,6,6,6,3,3,3,0,27,71,48,156,209,237,182,54,17,4,978
POA2347,0,0,4,0,8,3,0,3,0,18,0,0,8,3,7,8,3,0,4,33,25,37,91,128,166,141,64,12,4,668
POA2350,39,50,73,73,85,58,12,7,0,397,27,10,18,33,34,32,11,3,0,168,789,1165,1765,2091,2683,1877,412,58,6,10846
POA2351,0,0,0,0,0,0,0,0,0,0,0,3,0,0,0,0,0,0,0,3,79,82,9,6,0,3,0,0,0,179
POA2352,3,4,6,13,15,14,3,0,0,58,0,0,3,9,4,10,3,0,0,29,74,75,198,289,314,241,54,8,0,1253
POA2353,3,0,3,0,13,0,0,0,0,19,0,0,6,0,3,3,0,0,0,12,33,33,75,91,121,92,23,3,0,471
POA2354,3,6,7,11,3,7,0,3,0,40,3,0,4,5,5,8,7,0,0,32,74,105,207,339,380,374,164,38,3,1684
POA2355,3,0,0,0,6,3,0,0,0,12,0,0,0,3,7,0,0,3,0,13,9,18,35,70,92,76,27,9,0,336
POA2357,5,0,7,13,9,13,9,3,0,59,3,3,6,7,8,6,6,0,0,39,92,120,231,332,418,380,103,29,3,1708
POA2358,3,8,9,15,13,15,3,0,0,66,0,4,9,6,14,6,0,3,0,42,90,114,252,362,471,394,99,36,4,1822
POA2359,0,0,0,0,6,0,0,0,0,6,0,0,0,0,3,0,0,0,0,3,10,13,23,43,58,44,14,6,0,211
POA2360,13,30,38,43,37,44,16,3,0,224,11,6,16,24,29,14,14,6,0,120,383,428,1009,1266,1406,906,277,46,4,5725
POA2361,0,0,3,3,0,0,0,3,0,9,0,0,6,0,3,0,0,0,0,9,3,7,49,64,81,71,13,9,3,300
POA2365,0,6,10,10,6,5,4,0,0,41,8,3,8,3,8,9,4,0,0,43,87,112,220,315,374,305,110,28,4,1555
POA2369,0,0,0,0,3,3,0,3,0,9,0,0,3,0,0,3,3,0,0,9,25,24,52,79,81,65,26,6,0,358
POA2370,12,23,39,24,48,20,6,3,0,175,4,6,11,10,12,15,7,3,0,68,196,209,464,586,751,569,174,42,0,2991
POA2371,0,0,0,3,3,3,0,0,0,9,0,0,0,0,0,3,0,0,0,3,6,9,36,47,57,56,26,8,0,245
POA2372,14,6,16,21,19,5,3,0,0,84,6,4,7,8,7,8,8,0,0,48,114,115,241,402,483,474,149,30,7,2015
POA2380,24,21,38,41,32,38,8,3,0,205,12,18,13,25,22,13,12,4,0,119,335,394,784,875,1040,754,164,34,0,4380
POA2381,0,4,0,0,8,3,0,0,0,15,0,0,3,6,8,4,0,0,0,21,39,44,106,149,192,154,44,19,0,747
POA2382,0,4,0,3,0,0,4,0,0,11,0,0,3,0,4,0,3,0,0,10,34,20,58,111,99,67,36,6,0,431
POA2386,0,0,0,0,0,0,0,0,0,0,0,0,0,0,0,6,3,0,0,9,9,6,24,39,28,23,11,4,0,144
POA2388,6,9,6,12,9,3,3,3,0,51,0,3,6,6,8,5,7,3,3,41,66,111,229,303,327,200,99,21,6,1362
POA2390,15,18,32,31,36,26,13,4,0,175,11,8,16,33,25,13,5,0,0,111,242,293,713,780,950,646,178,29,3,3834
POA2395,0,3,0,0,0,3,0,0,0,6,0,0,0,0,0,0,0,0,0,0,9,6,27,45,63,63,19,4,0,236
POA2396,4,0,0,4,4,0,0,0,0,12,0,0,0,4,3,4,3,0,0,14,12,22,66,72,112,87,38,6,6,421
POA2397,0,0,3,0,0,3,0,0,0,6,0,0,0,0,0,5,3,0,0,8,9,3,37,41,50,52,14,3,3,212
POA2399,3,6,3,0,6,3,0,0,0,21,0,0,0,0,5,0,3,0,0,8,23,43,54,97,115,71,38,7,0,448
POA2400,22,33,44,52,44,25,10,3,0,233,6,6,21,13,19,14,16,3,0,98,232,428,866,1013,990,658,225,38,0,4450
POA2401,4,0,0,0,0,0,0,0,0,4,0,0,0,0,0,0,0,0,0,0,8,3,20,38,41,27,13,0,0,150
POA2402,3,3,3,6,3,3,3,0,0,24,0,3,3,6,0,0,3,0,0,15,36,57,113,173,198,142,42,12,0,773
POA2403,0,0,0,3,0,0,0,0,0,3,3,3,0,0,0,0,0,0,0,6,12,15,42,40,51,49,9,9,3,230
POA2404,4,3,7,3,0,0,0,0,0,17,0,0,0,0,5,8,0,0,0,13,32,37,78,138,154,135,66,12,0,652
POA2405,0,0,0,0,0,0,0,0,0,0,0,0,0,4,3,0,4,0,0,11,13,21,44,72,57,65,24,8,0,304
POA2406,0,0,3,0,0,0,0,0,0,3,0,0,0,6,0,4,0,0,0,10,10,23,69,79,79,56,20,3,0,339
POA2408,3,0,0,0,0,3,0,0,0,6,0,0,0,0,0,3,0,0,0,3,13,16,43,47,44,48,16,3,0,230
POA2409,0,0,0,0,5,3,0,0,0,8,0,0,6,6,3,0,3,3,0,21,15,6,66,74,93,54,13,3,0,324
POA2410,0,0,0,0,3,3,0,0,0,6,0,0,0,0,0,0,4,0,0,4,12,13,12,27,42,35,17,4,0,162
POA2415,0,0,0,0,3,0,0,0,0,3,0,0,0,0,0,0,0,0,0,0,7,12,16,30,33,27,7,3,0,135
POA2420,0,4,9,19,21,13,4,0,3,73,4,3,3,10,6,12,3,0,0,41,108,110,227,354,459,325,107,17,8,1715
POA2421,0,5,0,14,11,5,3,0,0,38,0,3,0,4,6,3,0,3,0,19,40,44,94,163,206,157,38,6,0,748
POA2422,9,6,3,21,13,10,7,0,0,69,0,0,3,4,12,9,8,4,0,40,116,103,258,417,546,464,159,33,0,2096
POA2423,6,3,9,12,9,6,0,0,0,45,5,11,7,6,6,6,7,0,0,48,82,75,131,255,368,268,57,6,0,1242
POA2424,0,0,0,0,0,0,0,0,0,0,0,0,0,0,0,4,0,0,0,4,9,6,20,28,52,36,15,3,0,169
POA2425,4,7,3,3,3,6,0,0,0,26,3,0,0,3,8,0,7,0,0,21,49,48,67,165,163,107,32,4,3,638
POA2426,0,0,0,0,6,3,0,0,0,9,0,0,0,0,0,0,0,4,0,4,8,14,30,26,61,27,9,4,0,179
POA2427,3,0,3,3,0,10,0,0,0,19,0,0,10,0,0,4,0,0,0,14,31,28,95,123,168,157,29,6,0,637
POA2428,16,22,54,68,63,50,13,0,0,286,6,13,20,38,43,30,15,8,0,173,483,449,916,1442,1932,1396,288,34,6,6946
POA2429,13,14,16,40,32,23,0,0,0,138,6,0,8,15,19,21,0,3,0,72,225,240,405,662,1038,763,182,29,6,3550
POA2430,28,37,70,125,112,75,20,0,0,467,14,15,35,45,52,42,14,4,0,221,880,798,1645,2463,3054,2187,396,52,3,11478
POA2431,5,0,4,13,10,9,3,0,0,44,3,3,6,11,7,3,0,0,0,33,117,99,206,337,436,337,64,3,0,1599
POA2439,6,0,7,9,17,4,0,0,0,43,9,6,0,0,6,4,0,0,0,25,76,46,94,239,269,179,24,3,0,930
POA2440,18,30,41,52,58,36,6,0,0,241,8,9,26,32,45,30,9,8,3,170,486,455,1041,1481,1927,1409,271,44,7,7121
POA2441,5,9,12,25,23,18,6,0,0,98,9,3,3,15,12,10,9,0,0,61,161,160,249,538,806,581,94,16,0,2605
POA2443,8,14,19,17,23,17,4,0,0,102,0,0,8,10,14,4,3,5,0,44,148,134,297,499,727,524,93,17,5,2444
POA2444,26,66,133,153,151,107,27,6,0,669,27,19,28,51,60,42,15,7,0,249,1139,1210,2651,3804,4342,2727,551,71,15,16510
POA2445,9,5,11,24,23,17,3,0,0,92,3,6,6,13,12,11,0,0,0,51,157,111,287,637,671,382,70,6,0,2321
POA2446,22,23,39,59,66,32,11,0,0,252,10,6,12,29,17,23,6,7,0,110,352,340,684,1164,1337,964,216,31,0,5088
POA2447,6,16,15,17,25,20,9,0,0,108,8,0,6,4,17,10,4,0,0,49,167,140,292,466,706,518,120,23,0,2432
POA2448,6,7,17,22,19,17,3,0,0,91,5,5,4,14,18,12,3,4,0,65,163,143,344,501,758,554,93,21,0,2577
POA2449,3,0,3,3,3,5,3,0,0,20,0,3,0,6,6,3,0,0,0,18,36,42,57,148,225,167,40,0,0,715
POA2450,55,78,122,135,165,90,14,6,0,665,35,20,45,72,53,56,20,7,0,308,1138,1286,2567,3492,4003,2809,461,79,4,15839
POA2452,19,22,42,70,46,46,5,0,0,250,10,3,21,22,25,16,3,6,3,109,501,463,1011,1338,1563,993,116,6,3,5994
POA2453,0,3,3,7,7,4,0,0,0,24,0,0,7,7,5,3,3,0,0,25,26,55,101,189,309,239,106,15,3,1043
POA2454,7,5,10,26,24,13,7,0,0,92,5,8,9,15,31,13,5,0,0,86,161,129,290,689,939,614,83,15,0,2920
POA2455,7,3,4,8,17,8,0,0,0,47,0,3,0,0,7,5,3,3,0,21,75,53,123,186,305,248,39,3,4,1036
POA2456,13,11,33,50,51,36,6,0,0,200,12,8,25,37,24,21,6,3,0,136,382,360,839,1163,1476,1020,113,15,0,5368
POA2460,31,44,85,86,82,72,17,3,0,420,24,16,37,41,43,35,13,7,0,216,815,825,1541,2211,2885,1978,341,48,6,10650
POA2462,3,0,3,8,0,6,3,0,0,23,0,3,0,9,9,6,3,3,0,33,66,47,107,196,242,183,48,12,0,901
POA2463,13,8,8,25,28,21,6,0,0,109,4,0,3,12,13,9,3,3,0,47,192,126,274,601,729,527,103,24,4,2580
POA2464,6,7,17,36,19,18,0,0,0,103,6,3,3,3,6,11,0,0,0,32,142,149,322,473,584,452,62,0,0,2184
POA2465,0,0,0,3,0,0,0,0,0,3,0,0,0,0,0,0,0,0,0,0,6,9,17,34,34,28,9,0,0,137
POA2466,5,0,0,0,0,0,0,0,0,5,0,0,0,5,0,0,0,0,0,5,30,24,34,94,110,103,19,3,0,417
POA2469,3,4,3,3,8,7,0,0,0,28,0,0,6,10,18,7,3,0,0,44,59,57,128,246,386,321,84,28,3,1312
POA2470,17,33,25,45,46,20,7,0,0,193,9,5,24,17,22,25,12,4,0,118,374,441,882,1158,1327,998,186,56,3,5425
POA2471,0,4,8,10,10,6,0,0,0,38,4,0,4,4,5,8,6,3,0,34,50,62,133,200,253,198,38,14,3,951
POA2472,0,3,5,13,9,3,0,0,0,33,0,0,6,3,6,3,0,0,0,18,41,46,105,148,197,140,28,0,0,705
POA2473,3,0,7,10,11,6,0,0,0,37,3,0,3,4,6,6,3,0,0,25,71,61,124,188,292,204,35,0,0,975
POA2474,7,8,14,13,26,13,0,3,0,84,4,0,0,10,13,7,6,0,0,40,160,139,305,492,696,532,116,28,0,2468
POA2475,0,0,0,0,0,3,0,0,0,3,0,0,6,0,0,3,0,0,0,9,6,3,21,38,36,41,15,3,0,163
POA2476,0,0,0,0,0,3,0,0,0,3,0,3,0,3,0,0,3,0,0,9,20,21,29,75,88,72,32,7,3,347
POA2477,10,20,27,42,41,29,6,3,0,178,0,5,12,9,18,14,5,6,4,73,278,256,617,1081,1328,946,211,38,10,4765
POA2478,30,29,76,98,106,76,9,0,0,424,13,14,23,42,44,34,11,10,0,191,777,808,1648,2481,2963,2111,381,51,6,11226
POA2479,0,6,8,27,25,11,0,0,0,77,3,9,6,7,10,12,4,3,3,57,108,78,235,522,579,457,86,20,6,2091
POA2480,35,78,121,170,178,110,20,3,4,719,29,19,59,63,75,48,24,9,3,329,1248,1564,2942,4069,5003,3583,624,116,18,19167
POA2481,6,13,43,36,42,28,3,0,0,171,8,14,25,35,34,20,0,3,0,139,211,387,947,1051,1286,916,118,21,0,4937
POA2482,3,3,9,23,22,14,0,0,0,74,0,8,9,19,20,20,3,3,0,82,127,92,200,566,661,471,66,15,3,2201
POA2483,8,16,21,40,32,24,7,0,0,148,10,7,20,23,30,24,0,6,4,124,202,244,565,1063,1219,760,124,22,4,4203
POA2484,15,25,31,62,65,49,5,0,0,252,7,12,28,38,40,32,12,0,0,169,396,442,917,1526,2122,1297,265,40,3,7008
POA2485,13,17,31,38,25,27,6,0,0,157,7,12,25,24,26,16,7,6,0,123,265,390,898,886,1056,872,162,23,0,4552
POA2486,19,43,88,97,102,83,13,0,0,445,27,35,44,50,72,46,8,6,0,288,955,947,1809,2645,2961,1987,347,45,0,11696
POA2487,6,18,28,31,38,26,0,0,0,147,3,6,16,34,14,20,8,0,4,105,296,324,691,1106,1285,695,130,16,7,4550
POA2488,0,6,14,12,6,9,0,0,0,47,0,3,0,9,9,6,0,0,0,27,91,106,202,363,418,196,21,0,0,1397
POA2489,4,4,15,19,17,8,0,0,0,67,6,0,8,3,13,3,6,0,0,39,118,137,503,686,548,329,52,3,0,2376
POA2490,0,0,0,0,0,3,0,0,0,3,0,0,3,0,3,3,0,0,0,9,22,23,48,64,99,54,3,7,0,320
POA2500,20,84,156,114,103,61,22,3,0,563,16,53,75,54,64,37,10,9,3,321,738,2528,4375,3194,2921,1930,391,52,12,16141
POA2502,4,19,39,51,30,12,6,0,0,161,7,10,34,31,24,19,5,0,0,130,186,369,892,836,830,435,62,10,0,3620
POA2505,7,8,16,21,25,9,0,0,0,86,0,3,4,15,10,5,0,3,0,40,101,185,371,411,477,219,19,3,0,1786
POA2506,6,21,32,32,37,16,3,0,0,147,9,9,11,11,19,13,0,0,0,72,191,359,556,585,734,371,40,0,0,2836
POA2508,17,22,40,41,37,23,9,0,0,189,15,17,17,15,13,14,3,0,0,94,302,390,765,1121,1202,592,81,9,0,4462
POA2515,14,25,28,37,29,18,9,0,0,160,6,10,15,21,25,9,3,0,0,89,270,387,777,1215,1489,874,131,12,0,5155
POA2516,7,4,18,23,25,15,3,0,0,95,5,4,11,12,15,8,0,0,0,55,176,198,458,723,722,378,42,12,3,2712
POA2517,14,36,43,48,35,26,11,0,0,213,8,16,13,20,22,16,4,0,0,99,363,483,1177,1441,1421,760,101,3,0,5749
POA2518,13,36,63,68,64,43,8,3,0,298,15,13,33,31,35,18,5,0,0,150,457,709,1683,1858,1874,1048,136,15,0,7780
POA2519,17,33,59,65,46,26,13,3,0,262,9,23,23,31,41,17,3,3,0,150,479,734,1370,1604,1641,941,165,28,0,6962
POA2525,7,20,32,43,44,30,3,3,0,182,8,9,20,22,13,11,0,0,0,83,287,409,859,1244,1088,774,122,15,4,4802
POA2526,23,47,54,78,86,41,5,0,0,334,14,19,34,26,39,23,6,0,0,161,537,733,1230,1703,1936,993,117,5,0,7254
POA2527,37,68,102,119,96,43,4,0,0,469,15,16,25,28,30,16,6,0,0,136,715,923,1967,2273,2326,1131,138,6,0,9479
POA2528,27,61,78,75,60,39,6,0,0,346,18,26,40,38,40,13,7,6,0,188,529,871,1647,1871,2056,1260,179,9,0,8422
POA2529,31,66,95,110,91,45,4,0,0,442,21,24,42,35,44,21,3,0,0,190,718,943,1947,2713,2607,1288,160,8,0,10384
POA2530,49,71,145,116,112,67,14,0,0,574,22,29,50,62,37,35,5,6,0,246,860,1201,2601,3114,2969,1708,229,28,4,12714
POA2533,21,36,33,46,51,36,12,3,0,238,11,10,11,20,35,23,6,0,7,123,465,599,927,1421,1911,1283,237,51,7,6901
POA2534,4,8,13,13,16,12,4,0,0,70,3,6,6,6,6,3,3,6,3,42,181,195,310,464,628,381,79,12,3,2253
POA2535,5,8,21,16,26,18,0,0,0,94,7,3,0,8,14,7,6,0,0,45,165,179,362,522,769,622,140,20,0,2779
POA2536,14,20,52,66,67,49,10,3,0,281,16,10,20,28,30,19,12,5,3,143,433,369,874,1270,1514,1231,249,27,7,5974
POA2537,12,11,21,30,33,28,3,0,0,138,11,4,6,15,18,21,6,3,0,84,300,204,452,833,1225,871,115,16,0,4016
POA2538,0,3,7,3,10,5,0,0,0,28,0,0,3,0,6,3,0,0,0,12,60,42,76,185,246,207,47,9,0,872
POA2539,12,20,35,59,60,31,11,0,0,228,14,10,16,26,30,18,14,0,4,132,444,373,729,1247,1670,1117,216,18,4,5818
POA2540,35,77,86,104,127,91,12,0,0,532,14,27,33,46,62,49,18,8,10,267,944,1194,2283,3373,4055,2626,433,44,10,14962
POA2541,25,42,62,72,66,62,8,3,0,340,19,22,40,33,33,17,13,5,0,182,634,921,1680,1847,2094,1412,241,33,4,8866
POA2545,0,0,3,5,3,0,0,0,0,11,0,0,3,6,6,3,3,0,0,21,24,16,52,71,136,126,28,3,0,456
POA2546,11,12,11,29,26,25,3,0,0,117,8,6,7,10,3,7,3,6,0,50,168,163,308,545,818,732,151,32,0,2917
POA2548,7,20,11,11,15,13,4,0,0,81,3,4,8,15,11,10,3,0,0,54,182,183,318,540,708,564,149,4,0,2648
POA2549,0,3,11,12,17,19,0,0,0,62,0,0,0,7,14,5,0,0,0,26,129,65,156,351,485,343,35,6,0,1570
POA2550,23,15,31,46,70,41,3,0,0,229,0,6,10,25,34,31,13,3,0,122,436,372,810,1325,2017,1400,276,48,8,6692
POA2551,6,9,7,12,11,6,0,0,0,51,8,3,6,8,12,10,0,3,0,50,92,96,199,254,366,302,54,6,0,1369
POA2555,0,0,9,0,3,0,0,0,0,12,0,0,0,3,0,0,0,0,0,3,12,25,39,33,34,21,6,0,0,170
POA2556,7,6,10,13,21,9,5,0,0,71,8,7,3,6,9,7,3,0,0,43,71,106,197,236,257,209,39,0,0,1115
POA2557,12,19,23,17,24,19,4,0,0,118,7,10,15,12,12,11,5,0,0,72,124,177,302,374,362,318,80,3,0,1740
POA2558,16,45,45,46,52,25,6,0,0,235,16,16,31,26,31,18,6,0,0,144,401,706,1195,1117,1389,746,71,3,0,5628
POA2559,0,0,8,6,0,0,0,0,0,14,8,15,15,3,11,0,0,0,0,52,52,106,151,133,142,63,5,0,3,655
POA2560,91,172,289,238,233,195,30,0,0,1248,79,102,206,172,178,103,30,10,0,880,1948,3541,7352,6693,6934,5042,709,49,0,32268
POA2563,0,0,5,0,0,0,0,0,0,5,0,0,0,0,0,0,0,0,0,0,11,18,8,18,32,19,0,0,0,106
POA2564,14,25,37,30,39,33,0,0,0,178,12,27,41,34,32,17,11,3,0,177,276,573,1086,1163,1179,734,122,9,0,5142
POA2565,17,33,65,64,58,46,11,3,0,297,16,20,33,40,42,19,6,3,0,179,410,788,1530,1600,1970,1204,188,16,0,7706
POA2566,33,63,84,69,103,69,6,0,0,427,20,41,68,70,75,31,10,0,4,319,621,1289,2421,2265,2907,1726,165,4,7,11405
POA2567,56,86,145,194,106,65,13,0,0,665,32,49,86,104,73,38,3,0,0,385,1165,1578,3875,5155,3808,1827,233,12,0,17653
POA2568,0,3,0,6,3,0,0,0,0,12,0,3,3,0,0,0,0,0,0,6,38,37,41,98,107,63,22,0,0,406
POA2569,3,0,6,9,8,7,0,0,0,33,0,0,7,6,6,0,0,0,0,19,48,64,111,147,191,118,9,0,0,688
POA2570,53,77,133,136,133,78,13,0,0,623,19,36,58,60,52,52,12,0,0,289,869,1489,2839,3350,3162,2288,380,43,10,14430
POA2571,25,24,35,47,32,30,10,3,0,206,16,13,17,20,34,17,6,0,0,123,322,439,857,1333,1291,738,135,11,0,5126
POA2572,3,8,15,22,8,10,3,0,0,69,4,4,5,8,5,6,3,3,0,38,114,177,298,438,423,265,34,12,3,1764
POA2573,5,11,15,16,14,4,0,0,0,65,3,7,8,17,3,3,0,0,0,41,137,217,372,484,473,256,40,3,0,1982
POA2574,8,12,21,32,21,16,0,0,0,110,5,8,11,8,11,15,3,3,0,64,187,226,450,654,569,389,67,3,0,2545
POA2575,17,29,41,64,51,32,11,0,0,245,13,22,20,34,33,18,14,3,5,162,411,533,899,1434,1575,1090,264,30,5,6241
POA2576,10,13,15,44,47,28,6,3,0,166,8,4,10,21,25,20,19,0,5,112,307,318,529,1030,1422,1081,412,61,9,5169
POA2577,15,40,45,47,74,27,18,0,0,266,8,6,16,26,29,27,14,3,0,129,371,508,864,1421,1709,1281,430,55,8,6647
POA2578,0,0,6,4,11,3,4,0,0,28,0,4,0,0,5,11,3,0,0,23,58,33,99,193,243,235,74,4,0,939
POA2579,10,5,12,10,10,10,0,0,0,57,0,0,12,6,8,8,6,3,0,43,110,96,181,346,406,302,101,30,0,1572
POA2580,42,64,90,124,78,68,19,0,0,485,17,24,58,49,46,39,18,6,7,264,848,1011,2018,2640,2930,2050,468,92,10,12067
POA2581,0,3,0,13,3,6,3,0,0,28,6,0,0,3,6,6,3,0,0,24,47,49,136,270,263,217,77,17,4,1080
POA2582,20,15,37,36,38,28,4,0,0,178,15,10,14,22,26,21,9,0,0,117,381,412,890,1500,1420,971,230,39,3,5846
POA2583,11,0,10,12,18,20,3,3,0,77,3,6,0,6,6,12,3,10,0,46,96,115,201,344,498,380,146,59,3,1842
POA2584,3,3,0,6,0,0,3,0,0,15,0,0,0,3,0,0,0,0,0,3,9,15,41,43,41,42,18,6,0,215
POA2585,0,0,0,3,4,0,0,0,0,7,0,0,0,0,0,3,0,0,0,3,3,7,15,24,29,35,8,0,0,121
POA2586,4,3,6,5,5,6,0,0,0,29,0,9,6,7,3,4,4,0,3,36,68,79,144,254,325,225,87,18,6,1206
POA2587,3,6,11,10,9,9,4,0,0,52,0,0,4,3,9,9,6,3,0,34,45,76,158,223,278,244,65,17,0,1106
POA2588,3,0,0,0,3,0,0,0,0,6,0,0,3,0,0,0,0,0,0,3,3,6,16,24,32,27,15,0,0,123
POA2590,11,11,12,27,14,24,0,0,0,99,4,3,5,7,11,11,6,0,0,47,160,175,399,603,762,529,130,16,0,2774
POA2594,22,19,36,40,31,30,6,0,0,184,8,10,11,23,22,19,10,6,4,113,333,382,788,1057,1105,795,207,46,7,4720
POA2618,3,3,0,3,8,6,3,0,0,26,3,3,3,6,3,6,6,0,0,30,47,41,96,203,185,154,59,6,0,791
POA2619,17,23,24,40,44,19,3,0,0,170,10,6,13,30,17,9,3,0,0,88,384,429,932,1737,1381,561,68,0,0,5492
POA2620,66,114,146,161,124,98,14,3,0,726,27,52,75,81,92,71,20,6,0,424,1143,1957,4220,4499,4564,2766,522,40,4,19715
POA2621,12,19,18,30,28,10,0,0,0,117,6,6,6,14,9,3,0,0,0,44,195,187,433,792,811,483,104,14,0,3019
POA2622,0,6,10,21,14,10,6,3,0,70,4,6,0,6,12,6,0,0,0,34,72,53,175,360,415,310,116,20,0,1521
POA2623,3,0,0,3,3,3,0,0,0,12,0,0,0,0,3,0,0,0,0,3,15,24,73,89,95,72,12,0,3,383
POA2625,0,0,3,0,0,0,0,0,0,3,0,0,0,0,3,0,0,0,0,3,6,13,37,41,37,23,9,0,0,166
POA2626,0,0,0,0,0,0,0,0,0,0,0,0,0,3,0,4,0,0,0,7,18,13,24,67,84,41,12,0,0,259
POA2627,6,4,9,11,12,12,0,0,0,54,12,8,4,5,11,9,4,0,0,53,180,236,465,561,517,320,77,12,0,2368
POA2628,4,3,10,5,11,0,0,0,0,33,0,0,0,9,7,0,3,0,0,19,41,43,126,183,272,166,51,23,6,911
POA2629,0,0,0,0,0,0,0,0,0,0,4,0,0,0,0,0,3,0,0,7,18,25,30,57,70,50,39,3,0,292
POA2630,11,16,20,28,42,26,4,3,0,150,7,3,19,15,13,15,7,0,0,79,264,249,531,803,1005,682,209,39,3,3785
POA2631,0,3,0,3,0,0,0,0,0,6,0,0,3,3,0,0,0,0,0,6,11,19,29,53,81,68,31,6,0,298
POA2632,6,0,0,8,4,0,0,0,0,18,0,3,3,3,0,0,3,0,0,12,40,50,117,158,190,156,47,8,3,769
POA2633,0,0,0,0,0,6,0,0,0,6,3,0,0,3,3,3,0,0,0,12,3,8,23,32,60,57,13,4,0,200
POA2640,48,75,129,143,110,74,22,6,0,607,31,22,64,71,73,44,13,4,0,322,1137,1712,3178,3548,3683,2356,451,51,0,16116
POA2641,19,39,72,55,55,47,13,0,0,300,15,24,27,31,26,12,6,3,3,147,491,722,1315,1200,1433,1095,159,18,6,6439
POA2642,7,4,16,21,27,13,0,0,0,88,7,4,7,6,10,13,9,3,0,59,154,123,312,521,674,499,165,34,3,2485
POA2643,3,3,3,11,10,6,0,0,0,36,6,6,6,6,3,7,0,0,0,34,59,52,180,250,250,206,34,6,0,1037
POA2644,0,0,6,0,7,0,0,0,0,13,3,0,3,3,8,3,3,3,3,29,69,73,159,259,329,249,78,33,6,1255
POA2645,0,0,0,0,0,0,0,0,0,0,0,0,0,0,0,0,0,0,0,0,0,7,3,15,39,21,7,0,0,92
POA2646,12,13,11,24,16,9,7,3,0,95,5,6,15,6,20,13,7,0,0,72,219,221,398,603,739,577,131,23,3,2914
POA2647,0,3,3,0,0,8,0,0,0,14,0,4,0,6,0,3,4,0,0,17,43,40,120,165,199,165,51,9,0,792
POA2648,3,3,0,7,14,0,0,0,0,27,3,3,3,4,7,10,0,3,0,33,57,77,144,213,319,233,55,13,3,1114
POA2649,0,0,0,0,0,0,0,0,0,0,0,0,0,0,0,0,0,0,0,0,0,0,0,3,0,0,0,0,0,3
POA2650,85,172,236,201,204,151,36,6,0,1091,44,65,100,100,73,63,33,7,6,491,1927,3043,5368,5486,5633,3800,780,111,19,26167
POA2651,3,6,6,7,6,0,0,0,0,28,5,3,7,3,3,3,0,0,0,24,203,300,292,219,165,91,18,0,0,1288
POA2652,9,3,7,16,21,14,0,0,0,70,3,3,4,19,10,8,3,0,0,50,142,154,294,501,661,524,143,43,0,2462
POA2653,3,0,7,7,5,3,0,0,0,25,3,0,6,6,0,0,0,3,0,18,52,53,135,196,242,196,52,12,3,941
POA2655,3,6,7,8,4,0,3,0,0,31,0,0,0,4,0,0,0,0,0,4,31,24,55,119,122,86,23,3,3,466
POA2656,3,0,0,0,4,4,0,0,0,11,0,0,0,4,0,7,7,0,0,18,25,21,63,116,152,141,51,10,4,583
POA2658,0,5,0,0,5,5,0,0,0,15,0,0,0,3,0,3,6,0,0,12,19,32,66,104,144,115,47,4,0,531
POA2659,0,0,5,5,4,0,0,0,0,14,3,0,3,0,3,3,3,0,0,15,29,16,77,68,134,79,35,5,0,443
POA2660,0,3,0,6,3,6,0,0,0,18,3,0,6,3,3,6,0,0,0,21,33,47,102,129,165,142,67,11,0,696
POA2661,0,0,3,0,0,0,0,0,0,3,0,3,0,0,0,0,0,0,0,3,40,59,92,30,13,0,3,0,0,237
POA2663,9,7,10,10,10,10,0,0,0,56,3,6,4,12,7,6,0,0,0,38,105,128,252,330,365,247,41,6,0,1474
POA2665,3,3,0,6,0,3,3,0,0,18,0,5,0,0,7,4,7,3,0,26,28,50,146,204,261,216,81,15,0,1001
POA2666,5,11,14,18,18,12,5,0,0,83,6,3,6,8,6,12,3,0,0,44,144,165,273,449,581,363,87,17,0,2079
POA2668,3,0,3,0,0,3,0,0,0,9,0,0,3,0,0,0,0,0,0,3,6,4,25,33,30,29,7,0,0,134
POA2669,0,3,6,3,6,3,0,3,0,24,3,0,3,3,6,0,6,7,6,34,39,37,131,184,243,156,104,41,12,947
POA2671,7,9,13,10,13,6,6,6,0,70,0,0,8,10,8,12,0,0,0,38,109,138,324,364,448,313,97,35,0,1828
POA2672,0,0,0,3,7,3,0,0,0,13,3,3,3,6,3,3,3,0,0,24,30,59,117,101,117,105,30,6,0,565
POA2675,0,3,3,3,3,0,3,0,0,15,0,3,0,6,10,4,3,0,0,26,28,60,128,160,180,109,37,7,0,709
POA2678,0,4,0,0,0,0,0,0,0,4,0,3,0,0,0,0,0,0,0,3,52,79,3,0,0,3,0,0,0,137
POA2680,41,68,92,69,88,60,15,0,0,433,19,46,56,36,57,40,26,7,4,291,783,976,2108,2236,2338,1503,368,74,13,10399
POA2681,4,3,3,9,10,0,0,0,0,29,5,4,0,3,0,0,0,0,0,12,42,57,134,189,211,121,42,3,0,799
POA2700,7,6,17,16,14,11,6,0,0,77,6,6,9,6,16,12,3,3,0,61,127,119,316,408,507,359,89,18,10,1953
POA2701,3,3,8,9,8,4,0,0,0,35,3,0,0,7,8,0,0,0,0,18,69,80,164,242,283,182,53,10,0,1083
POA2702,0,3,0,0,3,0,0,0,0,6,0,3,0,0,0,0,6,0,0,9,6,17,35,46,41,39,19,3,0,206
POA2703,3,3,0,0,3,0,0,0,0,9,0,0,3,3,8,0,3,0,0,17,32,18,47,55,67,55,13,0,0,287
POA2705,13,21,30,29,30,21,7,3,0,154,9,4,12,15,14,20,6,6,6,92,340,351,705,981,1114,644,165,32,6,4338
POA2706,0,6,3,6,0,0,3,0,0,18,3,0,3,0,8,3,0,0,0,17,28,54,85,107,135,90,16,3,0,518
POA2707,3,3,6,0,5,0,3,0,0,20,0,3,3,6,3,3,0,3,0,21,32,58,107,130,182,116,58,18,3,704
POA2710,5,22,15,30,31,31,6,0,0,140,11,7,12,21,26,22,11,0,0,110,285,274,609,924,1103,848,237,55,3,4338
POA2711,6,5,3,14,10,3,0,0,0,41,3,6,6,3,12,3,3,0,0,36,103,102,182,296,449,247,87,15,3,1484
POA2712,4,0,0,8,7,3,0,3,0,25,4,0,3,3,6,3,3,0,3,25,36,29,75,135,170,159,60,8,3,675
POA2713,7,7,5,17,9,10,3,0,0,58,0,6,3,3,3,3,7,3,0,28,79,96,176,261,336,284,120,30,0,1382
POA2714,0,0,13,6,6,0,0,0,0,25,0,0,4,7,6,7,4,0,3,31,44,29,131,161,193,208,68,6,6,846
POA2715,0,3,4,0,0,4,6,0,0,17,5,0,6,6,6,6,3,0,0,32,30,47,104,161,203,146,43,5,3,742
POA2716,0,0,0,8,3,0,0,0,0,11,0,0,0,0,0,6,4,0,0,10,16,30,57,88,125,112,25,7,0,460
POA2717,0,0,0,5,3,6,0,0,0,14,3,3,3,3,3,0,0,0,0,15,25,27,53,114,129,121,37,0,0,506
POA2720,8,11,22,19,23,20,0,0,0,103,7,6,12,25,17,19,6,3,0,95,268,270,596,770,868,570,121,24,3,3490
POA2721,0,0,0,0,0,0,0,0,0,0,0,0,0,4,0,0,0,0,0,4,0,6,20,30,42,22,21,3,0,144
POA2722,5,6,0,9,5,0,9,0,0,34,3,0,13,10,14,6,6,3,0,55,113,117,203,257,307,246,71,10,0,1324
POA2725,0,0,0,0,0,0,0,0,0,0,0,0,0,0,0,0,0,0,0,0,5,8,22,39,33,27,18,3,3,158
POA2726,0,0,0,0,0,0,0,0,0,0,0,0,0,0,0,0,0,0,0,0,0,6,20,30,51,39,10,0,0,156
POA2727,0,0,0,0,3,0,0,0,0,3,0,0,0,6,0,3,0,0,0,9,16,8,40,61,78,61,24,6,0,294
POA2729,3,0,3,3,5,4,0,0,0,18,3,3,0,6,4,8,6,0,4,34,37,30,124,186,203,138,56,17,4,795
POA2730,0,0,4,0,6,7,0,0,0,17,0,0,0,4,3,7,0,0,0,14,24,37,75,128,164,134,28,0,0,590
POA2731,6,16,15,13,14,14,3,0,0,81,7,0,6,7,8,12,8,6,0,54,161,190,381,544,571,431,120,21,3,2422
POA2732,0,3,0,5,7,4,3,0,0,22,3,0,3,0,5,11,3,3,3,31,47,40,96,156,212,185,49,18,3,806
POA2733,0,0,0,0,0,0,0,0,0,0,0,0,0,0,3,0,0,3,0,6,15,20,43,47,92,36,10,3,0,266
POA2735,3,3,3,0,3,0,0,0,0,12,0,0,0,0,0,0,3,0,0,3,31,19,39,47,95,68,19,3,0,321
POA2736,0,3,0,0,0,0,0,0,0,3,0,0,0,0,0,3,0,0,0,3,3,9,31,38,32,35,23,3,0,174
POA2737,0,4,0,0,0,0,0,0,0,4,0,0,11,4,0,5,0,0,0,20,21,34,60,77,80,64,13,3,0,352
POA2738,0,3,3,5,6,5,0,0,0,22,3,0,0,4,0,5,3,3,0,18,25,39,107,163,136,91,25,6,0,592
POA2739,3,3,6,7,0,3,3,0,0,25,6,0,0,9,6,3,0,0,0,24,44,42,119,155,172,116,31,7,0,686
POA2745,42,76,119,159,113,55,6,0,0,570,28,37,61,83,80,33,9,3,0,334,977,1387,2886,3698,3129,1663,259,12,3,14014
POA2747,61,95,183,145,107,78,17,0,0,686,35,66,106,104,90,57,16,0,4,478,1024,1800,4225,3619,3233,2362,310,20,4,16597
POA2748,6,7,0,8,16,3,0,0,0,40,4,8,6,6,13,3,3,0,0,43,96,103,115,222,248,134,30,0,0,948
POA2749,33,59,90,78,72,30,3,0,0,365,13,34,46,44,34,20,3,0,3,197,569,988,1751,1829,1808,882,111,6,6,7950
POA2750,53,114,207,138,127,112,25,0,0,776,30,55,105,104,83,63,23,3,0,466,1127,2129,4946,4430,3979,3241,575,31,7,20465
POA2752,19,22,17,36,24,18,0,0,0,136,9,7,9,20,13,6,0,0,0,64,188,242,403,589,643,331,43,3,0,2442
POA2753,38,36,71,78,83,58,7,0,0,371,23,27,29,47,45,43,3,3,0,220,554,1033,1578,1852,1834,1126,216,27,0,8220
POA2754,6,13,27,30,16,9,8,0,0,109,7,8,8,7,12,4,3,0,0,49,177,270,492,559,569,450,108,12,0,2637
POA2756,69,126,194,195,173,99,14,0,0,870,32,51,54,91,62,57,28,0,0,375,1145,1759,3230,3743,3868,2103,444,31,4,16327
POA2757,0,0,0,7,5,0,0,0,0,12,0,0,3,3,3,0,3,3,0,15,30,26,43,95,112,81,22,9,0,418
POA2758,16,18,24,59,44,26,9,0,0,196,11,6,20,27,22,13,6,3,0,108,322,370,452,1051,1227,772,168,14,4,4380
POA2759,52,104,128,127,136,74,12,0,0,633,37,57,94,72,82,47,3,0,0,392,1073,1756,2943,2828,3602,1941,157,9,3,14312
POA2760,18,64,94,105,72,52,7,0,0,412,32,44,88,90,70,41,9,0,0,374,597,1226,2842,2534,2346,1470,222,4,3,11244
POA2761,26,56,85,101,96,45,9,0,0,418,23,43,77,88,70,26,3,0,0,330,771,1382,2943,3355,3045,1282,131,6,0,12915
POA2762,6,16,26,10,21,11,3,0,0,93,5,10,19,7,9,7,0,0,0,57,135,206,436,455,433,259,44,0,0,1968
POA2763,47,68,139,133,120,59,9,0,0,575,22,30,79,76,76,35,8,0,0,326,850,1426,4073,3868,3259,1797,220,15,3,15511
POA2765,30,56,71,86,84,42,15,3,0,387,18,25,26,48,36,32,13,3,0,201,462,732,1286,1546,1530,1084,244,30,0,6914
POA2766,11,19,50,39,54,45,7,3,0,228,15,29,51,42,32,28,3,0,0,200,332,640,1403,1449,1477,842,105,3,0,6251
POA2767,22,37,64,70,85,34,5,4,0,321,21,40,60,56,46,34,10,3,0,270,454,933,1872,1944,2030,1216,140,13,0,8602
POA2768,21,29,124,137,84,53,8,0,0,456,12,38,89,78,56,29,10,0,0,312,555,1060,3167,4057,2774,1380,174,7,0,13174
POA2769,0,7,21,14,4,0,0,0,0,46,3,3,7,14,6,0,0,0,0,33,40,110,624,479,205,106,6,3,0,1573
POA2770,67,108,176,161,148,101,16,0,0,777,83,124,195,178,167,84,28,6,0,865,1262,2315,4564,4562,4322,2528,376,24,0,19953
POA2773,6,6,11,19,27,20,4,0,0,93,4,6,3,8,8,9,3,0,0,41,211,257,390,713,795,572,102,3,0,3043
POA2774,12,24,43,52,31,36,15,3,0,216,8,8,18,21,27,17,6,3,0,108,397,572,1127,1404,1568,1214,213,21,6,6522
POA2775,0,0,6,7,7,6,0,0,0,26,0,0,7,7,3,4,6,0,0,27,22,39,83,155,175,144,62,6,0,686
POA2776,4,9,12,9,25,10,4,0,0,73,0,3,4,10,6,3,0,0,0,26,111,162,313,448,567,367,64,6,0,2038
POA2777,33,48,44,72,97,38,14,0,0,346,10,13,20,40,33,27,10,11,3,167,576,724,1368,2017,2260,1608,275,24,9,8861
POA2778,3,3,6,17,11,6,0,0,0,46,0,0,0,6,6,4,4,3,0,23,68,58,151,308,355,245,41,3,0,1229
POA2779,3,6,21,13,17,11,0,0,0,71,3,0,3,12,8,8,0,3,0,37,89,131,382,550,552,402,42,6,0,2154
POA2780,6,17,21,41,35,36,5,0,0,161,6,12,26,14,26,32,0,6,0,122,247,345,721,1162,1320,1150,262,36,0,5243
POA2782,4,6,11,19,29,14,0,0,0,83,0,0,8,13,9,12,7,6,0,55,96,140,266,494,666,581,136,21,0,2400
POA2783,0,6,3,13,11,3,3,0,0,39,3,3,3,3,6,0,3,0,4,25,70,90,177,323,377,238,32,3,7,1317
POA2784,0,3,3,8,3,3,0,0,0,20,3,0,0,5,3,0,0,0,0,11,27,20,76,141,171,109,21,0,0,565
POA2785,6,3,11,9,14,12,3,0,0,58,3,0,3,3,11,10,4,0,0,34,83,84,208,375,507,402,94,12,0,1765
POA2786,0,0,6,4,3,4,0,0,0,17,0,0,0,3,0,3,0,0,0,6,10,26,49,103,114,89,27,3,0,421
POA2787,12,8,7,6,11,8,0,0,0,52,0,8,3,6,13,10,3,0,0,43,115,155,266,405,420,375,137,16,3,1892
POA2790,22,29,35,43,52,25,9,3,0,218,12,7,14,24,27,26,6,0,0,116,395,540,927,1258,1528,1032,202,22,0,5904
POA2791,3,0,0,3,3,0,0,0,0,9,0,0,0,3,4,4,0,0,0,11,19,14,34,85,80,64,18,3,0,317
POA2792,0,0,3,3,0,0,0,0,0,6,0,0,0,0,0,4,0,0,0,4,11,12,31,51,56,41,20,5,0,227
POA2793,0,3,0,0,3,0,0,0,0,6,3,0,0,0,0,0,0,0,0,3,28,28,45,69,117,136,44,7,0,474
POA2794,15,13,30,37,23,27,10,0,0,155,12,4,12,15,19,28,4,6,0,100,283,280,561,806,882,761,196,42,6,3817
POA2795,48,93,162,145,129,80,19,4,0,680,34,39,51,75,73,53,30,7,5,367,1262,2039,3175,3899,4148,2911,655,108,17,18214
POA2797,0,0,0,0,3,0,0,0,0,3,3,0,0,0,0,3,0,0,0,6,8,10,6,15,25,17,3,0,0,84
POA2798,0,12,15,12,4,9,0,0,0,52,0,0,3,3,6,6,6,0,0,24,50,65,163,297,264,210,68,16,0,1133
POA2799,13,12,15,21,21,6,3,0,0,91,0,9,7,4,9,8,0,0,0,37,96,157,279,335,425,274,92,11,0,1669
POA2800,65,133,189,161,156,115,19,0,0,838,34,43,67,67,61,55,20,12,0,359,1296,1823,3804,4243,4322,2877,622,94,3,19084
POA2803,0,0,0,0,0,0,0,0,0,0,0,0,0,0,0,0,4,0,0,4,0,0,10,26,38,39,14,5,0,132
POA2804,3,9,3,7,5,5,0,0,0,32,4,0,0,6,3,4,0,0,0,17,54,84,139,234,274,220,95,14,3,1117
POA2805,0,0,0,0,0,0,0,0,0,0,0,0,0,3,0,3,0,0,0,6,3,3,17,28,21,27,0,0,0,99
POA2806,4,0,0,3,4,3,0,0,0,14,0,4,5,0,0,0,3,0,0,12,19,22,43,85,119,83,22,5,3,401
POA2807,0,0,0,0,0,0,3,0,0,3,0,0,3,0,0,0,0,0,0,3,0,0,9,21,19,6,6,0,0,61
POA2808,0,0,0,0,3,0,0,0,0,3,0,0,3,0,0,0,0,0,0,3,3,3,6,12,37,31,4,0,0,96
POA2809,0,0,0,3,0,0,0,0,0,3,0,0,0,0,3,0,0,0,0,3,0,9,12,27,42,15,13,8,0,126
POA2810,3,3,8,5,10,7,6,0,0,42,3,5,7,3,4,3,7,0,0,32,46,57,184,221,293,257,90,12,9,1169
POA2820,0,13,13,21,22,13,6,0,0,88,7,0,10,10,21,18,9,8,0,83,173,178,398,547,688,520,201,49,3,2757
POA2821,9,9,13,19,14,6,3,0,0,73,3,7,6,13,12,7,7,3,0,58,111,141,332,477,497,401,113,29,0,2101
POA2823,3,0,0,3,3,0,6,0,0,15,0,0,6,3,3,3,0,0,0,15,22,42,96,114,146,110,48,11,0,589
POA2824,0,3,6,3,6,8,0,3,0,29,0,0,6,13,7,9,4,0,0,39,53,78,169,199,279,176,79,20,3,1056
POA2825,0,0,5,5,8,5,0,0,0,23,3,3,0,6,11,9,0,3,0,35,67,88,172,274,259,171,86,25,3,1145
POA2827,10,5,6,7,14,15,6,0,0,63,0,3,11,5,7,3,0,0,0,29,87,101,218,270,373,273,98,14,0,1434
POA2828,0,0,0,0,0,0,0,0,0,0,5,0,0,3,3,0,0,0,0,11,8,17,23,34,61,31,11,6,0,191
POA2829,6,3,7,11,12,9,0,0,0,48,4,0,17,12,5,5,6,3,0,52,64,97,220,255,310,223,88,27,7,1291
POA2830,64,117,169,159,164,125,43,3,0,844,35,29,38,49,59,45,26,6,0,287,1414,1683,3457,3869,4122,2699,611,80,8,17943
POA2831,3,13,9,14,4,16,3,0,0,62,0,0,4,6,8,9,4,0,0,31,77,108,240,383,449,384,138,48,7,1834
POA2832,0,5,13,4,8,6,4,0,0,40,0,3,0,9,9,6,0,3,0,30,29,85,218,225,234,189,59,9,0,1048
POA2833,0,0,3,0,0,0,0,0,0,3,0,0,4,0,0,0,0,0,0,4,7,32,71,55,70,72,20,9,4,340
POA2834,0,0,7,11,3,0,0,0,0,21,3,3,6,4,8,6,3,0,0,33,34,48,93,146,160,146,66,4,0,697
POA2835,7,6,18,15,11,6,4,0,0,67,3,4,5,8,8,12,0,0,0,40,138,205,427,434,490,277,60,12,0,2043
POA2836,0,0,0,0,3,3,0,0,0,6,0,4,0,0,0,0,0,0,0,4,14,31,73,84,86,73,17,3,0,381
POA2839,3,3,0,5,4,0,0,0,0,15,3,6,4,3,4,0,0,0,0,20,20,52,83,79,146,72,24,9,4,489
POA2840,8,0,8,11,7,3,0,0,0,37,0,0,7,10,7,8,3,3,4,42,44,92,252,270,282,183,58,15,4,1200
POA2842,0,0,0,0,3,0,0,0,0,3,0,0,0,0,0,3,0,0,0,3,6,6,18,15,39,27,9,0,3,123
POA2843,0,0,0,10,0,0,0,0,0,10,3,0,4,0,4,0,0,0,0,11,29,31,75,116,115,110,47,10,0,533
POA2844,0,0,0,3,9,4,0,0,0,16,0,0,0,0,4,7,4,4,0,19,32,28,53,108,139,113,50,17,0,540
POA2845,7,4,7,7,7,4,3,0,0,39,0,0,4,0,9,0,0,0,0,13,58,59,130,177,211,140,16,3,0,794
POA2846,0,0,0,0,0,0,0,0,0,0,0,0,3,3,0,0,0,0,0,6,6,15,18,33,40,37,10,0,0,159
POA2847,3,3,11,6,0,6,0,0,0,29,0,3,3,4,4,3,6,0,0,23,46,74,155,187,223,160,40,0,0,885
POA2848,0,5,0,3,6,3,3,0,0,20,0,0,6,7,3,4,6,0,0,26,12,38,66,124,141,79,37,3,0,500
POA2849,3,0,6,3,0,0,0,0,0,12,0,0,0,0,4,0,0,3,0,7,25,37,94,131,169,142,59,11,0,668
POA2850,20,35,65,56,69,44,6,0,0,295,11,14,21,19,26,27,8,6,0,132,478,533,1144,1625,1707,1038,335,59,6,6925
POA2852,4,4,10,3,7,4,6,0,0,38,7,0,5,7,3,9,9,0,0,40,86,111,218,299,313,286,65,16,0,1394
POA2864,0,6,5,3,3,4,0,0,0,21,0,0,5,4,0,0,0,0,0,9,27,32,83,121,152,108,56,14,0,593
POA2865,3,0,3,3,0,3,0,0,0,12,0,0,0,3,0,0,0,0,0,3,17,18,54,88,62,74,18,3,0,334
POA2866,5,5,10,6,7,4,3,0,0,40,3,6,6,6,7,7,3,0,0,38,66,85,215,253,308,232,61,16,3,1239
POA2867,3,0,0,0,3,3,0,0,0,9,0,0,0,0,3,3,0,0,0,6,12,13,35,35,74,56,35,4,3,267
POA2868,3,0,0,0,3,0,0,0,0,6,0,0,0,0,0,0,0,0,0,0,6,17,15,32,48,30,15,3,0,166
POA2869,3,0,3,0,3,6,3,0,0,18,0,0,0,0,0,0,0,0,0,0,19,36,62,108,160,135,56,11,0,587
POA2870,29,37,31,55,46,28,14,0,0,240,14,14,14,24,17,13,7,4,0,107,411,439,959,1131,1217,759,197,39,5,5157
POA2871,10,25,26,17,23,19,9,0,0,129,8,6,14,20,15,16,12,6,0,97,244,311,621,798,876,638,196,49,3,3736
POA2873,0,3,3,0,0,0,0,0,0,6,0,3,0,0,0,3,0,0,0,6,12,21,41,58,64,73,24,6,0,299
POA2874,0,0,4,0,4,0,0,0,0,8,0,0,0,3,0,0,0,0,0,3,0,6,29,25,42,32,20,0,0,154
POA2875,3,0,0,3,3,3,0,0,0,12,0,0,3,6,3,3,0,0,0,15,16,14,61,91,107,97,43,23,3,455
POA2876,0,0,0,0,0,0,0,0,0,0,0,0,0,3,0,3,0,0,0,6,7,0,12,31,33,31,3,5,0,122
POA2877,7,3,10,3,14,9,6,0,0,52,0,3,3,18,7,15,7,0,0,53,78,141,329,353,423,322,120,34,0,1800
POA2878,0,0,3,0,0,0,0,0,0,3,0,0,0,0,0,0,0,0,0,0,0,6,15,12,15,21,0,0,0,69
POA2879,3,0,0,0,0,0,0,0,0,3,0,0,6,3,3,3,0,0,0,15,18,21,61,66,81,67,19,7,0,340
POA2880,16,40,50,47,66,41,6,0,0,266,12,20,32,45,39,44,9,3,0,204,498,663,1291,1530,1981,1238,215,26,0,7442
POA2898,0,0,0,0,0,3,0,0,0,3,0,0,0,0,0,0,0,0,0,0,3,11,43,40,55,36,23,0,0,211
