region_id,M_15_19_CF_Own_CCO,M_15_19_CF_Oth_CCO,M_15_19_CF_Own_CC_Oth_CC,M_15_19_CF_Total,M_15_19_DNPCC,M_15_19_UCC_NS,M_15_19_Total,M_20_24_CF_Own_CCO,M_20_24_CF_Oth_CCO,M_20_24_CF_Own_CC_Oth_CC,M_20_24_CF_Total,M_20_24_DNPCC,M_20_24_UCC_NS,M_20_24_Total,M_25_34_CF_Own_CCO,M_25_34_CF_Oth_CCO,M_25_34_CF_Own_CC_Oth_CC,M_25_34_CF_Total,M_25_34_DNPCC,M_25_34_UCC_NS,M_25_34_Total,M_35_44_CF_Own_CCO,M_35_44_CF_Oth_CCO,M_35_44_CF_Own_CC_Oth_CC,M_35_44_CF_Total,M_35_44_DNPCC,M_35_44_UCC_NS,M_35_44_Total,M_45_54_CF_Own_CCO,M_45_54_CF_Oth_CCO,M_45_54_CF_Own_CC_Oth_CC,M_45_54_CF_Total,M_45_54_DNPCC,M_45_54_UCC_NS,M_45_54_Total,M_55_64_CF_Own_CCO,M_55_64_CF_Oth_CCO,M_55_64_CF_Own_CC_Oth_CC,M_55_64_CF_Total,M_55_64_DNPCC,M_55_64_UCC_NS,M_55_64_Total,M_65_74_CF_Own_CCO,M_65_74_CF_Oth_CCO,M_65_74_CF_Own_CC_Oth_CC,M_65_74_CF_Total,M_65_74_DNPCC,M_65_74_UCC_NS,M_65_74_Total,M_75_84_CF_Own_CCO,M_75_84_CF_Oth_CCO,M_75_84_CF_Own_CC_Oth_CC,M_75_84_CF_Total,M_75_84_DNPCC,M_75_84_UCC_NS,M_75_84_Total,M_85ov_CF_Own_CCO,M_85ov_CF_Oth_CCO,M_85ov_CF_Own_CC_Oth_CC,M_85ov_CF_Total,M_85ov_DNPCC,M_85ov_UCC_NS,M_85ov_Total,M_Tot_CF_Own_CCO,M_Tot_CF_Oth_CCO,M_Tot_CF_Own_CC_Oth_CC,M_Tot_CF_Total,M_Tot_DNPCC,M_Tot_UCC_NS,M_Tot_Total,F_15_19_CF_Own_CCO,F_15_19_CF_Oth_CCO,F_15_19_CF_Own_CC_Oth_CC,F_15_19_CF_Total,F_15_19_DNPCC,F_15_19_UCC_NS,F_15_19_Total,F_20_24_CF_Own_CCO,F_20_24_CF_Oth_CCO,F_20_24_CF_Own_CC_Oth_CC,F_20_24_CF_Total,F_20_24_DNPCC,F_20_24_UCC_NS,F_20_24_Total,F_25_34_CF_Own_CCO,F_25_34_CF_Oth_CCO,F_25_34_CF_Own_CC_Oth_CC,F_25_34_CF_Total,F_25_34_DNPCC,F_25_34_UCC_NS,F_25_34_Total,F_35_44_CF_Own_CCO,F_35_44_CF_Oth_CCO,F_35_44_CF_Own_CC_Oth_CC,F_35_44_CF_Total,F_35_44_DNPCC,F_35_44_UCC_NS,F_35_44_Total,F_45_54_CF_Own_CCO,F_45_54_CF_Oth_CCO,F_45_54_CF_Own_CC_Oth_CC,F_45_54_CF_Total,F_45_54_DNPCC,F_45_54_UCC_NS,F_45_54_Total,F_55_64_CF_Own_CCO,F_55_64_CF_Oth_CCO,F_55_64_CF_Own_CC_Oth_CC,F_55_64_CF_Total,F_55_64_DNPCC,F_55_64_UCC_NS,F_55_64_Total,F_65_74_CF_Own_CCO,F_65_74_CF_Oth_CCO,F_65_74_CF_Own_CC_Oth_CC,F_65_74_CF_Total,F_65_74_DNPCC,F_65_74_UCC_NS,F_65_74_Total,F_75_84_CF_Own_CCO,F_75_84_CF_Oth_CCO,F_75_84_CF_Own_CC_Oth_CC,F_75_84_CF_Total,F_75_84_DNPCC,F_75_84_UCC_NS,F_75_84_Total,F_85ov_CF_Own_CCO,F_85ov_CF_Oth_CCO,F_85ov_CF_Own_CC_Oth_CC,F_85ov_CF_Total,F_85ov_DNPCC,F_85ov_UCC_NS,F_85ov_Total,F_Tot_CF_Own_CCO,F_Tot_CF_Oth_CCO,F_Tot_CF_Own_CC_Oth_CC,F_Tot_CF_Total,F_Tot_DNPCC,F_Tot_UCC_NS,F_Tot_Total,P_15_19_CF_Own_CCO,P_15_19_CF_Oth_CCO,P_15_19_CF_Own_CC_Oth_CC,P_15_19_CF_Total,P_15_19_DNPCC,P_15_19_UCC_NS,P_15_19_Total,P_20_24_CF_Own_CCO,P_20_24_CF_Oth_CCO,P_20_24_CF_Own_CC_Oth_CC,P_20_24_CF_Total,P_20_24_DNPCC,P_20_24_UCC_NS,P_20_24_Total,P_25_34_CF_Own_CCO,P_25_34_CF_Oth_CCO,P_25_34_CF_Own_CC_Oth_CC,P_25_34_CF_Total,P_25_34_DNPCC,P_25_34_UCC_NS,P_25_34_Total,P_35_44_CF_Own_CCO,P_35_44_CF_Oth_CCO,P_35_44_CF_Own_CC_Oth_CC,P_35_44_CF_Total,P_35_44_DNPCC,P_35_44_UCC_NS,P_35_44_Total,P_45_54_CF_Own_CCO,P_45_54_CF_Oth_CCO,P_45_54_CF_Own_CC_Oth_CC,P_45_54_CF_Total,P_45_54_DNPCC,P_45_54_UCC_NS,P_45_54_Total,P_55_64_CF_Own_CCO,P_55_64_CF_Oth_CCO,P_55_64_CF_Own_CC_Oth_CC,P_55_64_CF_Total,P_55_64_DNPCC,P_55_64_UCC_NS,P_55_64_Total,P_65_74_CF_Own_CCO,P_65_74_CF_Oth_CCO,P_65_74_CF_Own_CC_Oth_CC,P_65_74_CF_Total,P_65_74_DNPCC,P_65_74_UCC_NS,P_65_74_Total,P_75_84_CF_Own_CCO,P_75_84_CF_Oth_CCO,P_75_84_CF_Own_CC_Oth_CC,P_75_84_CF_Total,P_75_84_DNPCC,P_75_84_UCC_NS,P_75_84_Total,P_85ov_CF_Own_CCO,P_85ov_CF_Oth_CCO,P_85ov_CF_Own_CC_Oth_CC,P_85ov_CF_Total
CED101,40,153,3,196,3995,553,4744,97,125,4,226,4741,378,5345,1998,254,29,2281,7598,661,10540,4679,153,66,4898,4159,497,9554,2977,186,50,3213,6337,583,10133,430,650,6,1086,6288,478,7852,109,784,3,896,3853,430,5179,17,276,0,293,2720,420,3433,3,18,0,21,1035,205,1261,10350,2599,161,13110,40726,4205,58041,29,245,3,277,3736,401,4414,284,301,4,589,4353,292,5234,3581,425,102,4108,6431,565,11104,6260,301,225,6786,3416,514,10716,2653,607,84,3344,6933,550,10827,239,1704,14,1957,5937,469,8363,94,1247,5,1346,3791,461,5598,26,288,6,320,3603,568,4491,5,15,3,23,2101,365,2489,13171,5133,446,18750,40301,4185,63236,69,398,6,473,7731,954,9158,381,426,8,815,9094,670,10579,5579,679,131,6389,14029,1226,21644,10939,454,291,11684,7575,1011,20270,5630,793,134,6557,13270,1133,20960,669,2354,20,3043,12225,947,16215,203,2031,8,2242,7644,891,10777,43,564,6,613,6323,988,7924,8,33,3,44
CED102,21,123,0,144,3269,441,3854,68,122,0,190,4070,444,4704,1983,249,18,2250,8339,969,11558,4661,159,63,4883,4989,763,10635,2494,188,35,2717,5696,623,9036,447,565,4,1016,5870,532,7418,88,744,9,841,3785,477,5103,31,289,0,320,2874,459,3653,4,23,0,27,1011,183,1221,9797,2462,129,12388,39903,4891,57182,11,222,0,233,3027,421,3681,259,230,9,498,3646,337,4481,3614,464,88,4166,6410,780,11356,5934,318,185,6437,3803,662,10902,2142,593,62,2797,6064,506,9367,187,1588,18,1793,5496,512,7801,97,1215,0,1312,3939,498,5749,39,292,0,331,3321,555,4207,5,14,0,19,1961,357,2337,12288,4936,362,17586,37667,4628,59881,32,345,0,377,6296,862,7535,327,352,9,688,7716,781,9185,5597,713,106,6416,14749,1749,22914,10595,477,248,11320,8792,1425,21537,4636,781,97,5514,11760,1129,18403,634,2153,22,2809,11366,1044,15219,185,1959,9,2153,7724,975,10852,70,581,0,651,6195,1014,7860,9,37,0,46
CED103,22,155,3,180,3968,395,4543,43,138,3,184,5486,425,6095,1881,228,25,2134,8374,627,11135,5107,153,108,5368,4362,479,10209,3404,165,86,3655,6034,442,10131,514,532,9,1055,6484,369,7908,98,824,4,926,3493,313,4732,12,302,0,314,2694,331,3339,0,15,0,15,995,170,1180,11081,2512,238,13831,41890,3551,59272,27,246,0,273,3733,318,4324,128,278,3,409,5524,388,6321,3026,383,94,3503,7187,523,11213,6650,332,343,7325,3461,422,11208,3085,434,127,3646,6693,400,10739,246,1477,15,1738,6212,356,8306,74,1363,8,1445,3672,337,5454,29,274,3,306,3566,487,4359,8,24,0,32,1893,352,2277,13273,4811,593,18677,41941,3583,64201,49,401,3,453,7701,713,8867,171,416,6,593,11010,813,12416,4907,611,119,5637,15561,1150,22348,11757,485,451,12693,7823,901,21417,6489,599,213,7301,12727,842,20870,760,2009,24,2793,12696,725,16214,172,2187,12,2371,7165,650,10186,41,576,3,620,6260,818,7698,8,39,0,47
CED104,20,186,0,206,4727,335,5268,44,145,3,192,4027,160,4379,1322,161,19,1502,3966,170,5638,5107,137,141,5385,2873,237,8495,3674,198,107,3979,5976,361,10316,548,834,12,1394,7048,281,8723,70,1081,4,1155,3913,238,5306,19,245,0,264,1994,172,2430,0,24,0,24,669,87,780,10804,3011,286,14101,35193,2041,51335,32,372,0,404,4200,304,4908,98,267,7,372,3534,104,4010,2229,281,120,2630,3025,143,5798,6583,247,499,7329,2195,236,9760,3445,541,157,4143,6708,287,11138,225,2016,17,2258,6320,260,8838,55,1646,0,1701,3298,214,5213,14,261,0,275,2255,259,2789,3,23,0,26,1257,169,1452,12684,5654,800,19138,32792,1976,53906,52,558,0,610,8927,639,10176,142,412,10,564,7561,264,8389,3551,442,139,4132,6991,313,11436,11690,384,640,12714,5068,473,18255,7119,739,264,8122,12684,648,21454,773,2850,29,3652,13368,541,17561,125,2727,4,2856,7211,452,10519,33,506,0,539,4249,431,5219,3,47,0,50
CED105,45,159,3,207,4774,818,5799,172,182,3,357,4760,607,5724,2739,274,35,3048,7205,1174,11427,3998,151,52,4201,5070,978,10249,2389,174,31,2594,6606,895,10095,452,518,9,979,6311,740,8030,81,545,4,630,3683,560,4873,19,151,0,170,2488,404,3062,5,8,0,13,864,179,1056,9900,2162,137,12199,41761,6355,60315,54,316,0,370,4325,638,5333,731,366,14,1111,4262,492,5865,5270,429,123,5822,5311,1010,12143,5483,291,117,5891,3844,861,10596,2032,692,71,2795,6529,730,10054,216,1435,16,1667,5542,587,7796,61,804,3,868,3374,540,4782,11,187,0,198,3207,549,3954,5,16,0,21,1674,299,1994,13863,4536,344,18743,38068,5706,62517,99,475,3,577,9099,1456,11132,903,548,17,1468,9022,1099,11589,8009,703,158,8870,12516,2184,23570,9481,442,169,10092,8914,1839,20845,4421,866,102,5389,13135,1625,20149,668,1953,25,2646,11853,1327,15826,142,1349,7,1498,7057,1100,9655,30,338,0,368,5695,953,7016,10,24,0,34
CED106,21,181,0,202,4596,454,5252,25,130,0,155,3813,224,4192,1243,144,18,1405,4721,369,6495,5456,118,138,5712,3109,390,9211,4281,124,110,4515,5441,414,10370,627,578,15,1220,6333,333,7886,90,1134,0,1224,3863,277,5364,19,408,3,430,2804,266,3500,5,21,0,26,1255,210,1491,11767,2838,284,14889,35935,2937,53761,31,328,0,359,4655,364,5378,71,243,3,317,3640,174,4131,2234,313,89,2636,4195,313,7144,7275,252,429,7956,2328,379,10663,4297,356,188,4841,6198,371,11410,284,1561,19,1864,6234,319,8417,74,1932,11,2017,3584,259,5860,26,413,3,442,3559,476,4477,5,24,0,29,2423,540,2992,14297,5422,742,20461,36816,3195,60472,52,509,0,561,9251,818,10630,96,373,3,472,7453,398,8323,3477,457,107,4041,8916,682,13639,12731,370,567,13668,5437,769,19874,8578,480,298,9356,11639,785,21780,911,2139,34,3084,12567,652,16303,164,3066,11,3241,7447,536,11224,45,821,6,872,6363,742,7977,10,45,0,55
CED107,50,240,3,293,4263,659,5215,356,199,8,563,3598,567,4728,2695,323,89,3107,3909,887,7903,4579,231,155,4965,3262,811,9038,2273,496,73,2842,6324,692,9858,344,875,17,1236,7235,661,9132,52,587,0,639,5044,637,6320,10,124,0,134,2852,509,3495,3,7,0,10,712,144,866,10362,3082,345,13789,37199,5567,56555,127,473,4,604,3852,555,5011,808,396,40,1244,2904,254,4402,4136,415,321,4872,2730,395,7997,5455,432,383,6270,2585,459,9314,1955,1213,104,3272,6147,443,9862,130,1907,20,2057,6278,508,8843,24,947,3,974,4757,584,6315,10,180,0,190,3371,683,4244,3,17,0,20,1664,280,1964,12648,5980,875,19503,34288,4161,57952,177,713,7,897,8115,1214,10226,1164,595,48,1807,6502,821,9130,6831,738,410,7979,6639,1282,15900,10034,663,538,11235,5847,1270,18352,4228,1709,177,6114,12471,1135,19720,474,2782,37,3293,13513,1169,17975,76,1534,3,1613,9801,1221,12635,20,304,0,324,6223,1192,7739,6,24,0,30
CED108,34,225,0,259,3958,494,4711,211,149,13,373,3459,191,4023,2409,265,82,2756,4016,299,7071,4595,236,180,5011,2905,381,8297,2105,449,77,2631,5718,377,8726,283,1178,17,1478,6343,374,8195,52,896,0,948,4322,393,5663,10,156,0,166,2662,407,3235,0,6,0,6,1003,166,1175,9699,3560,369,13628,34386,3082,51096,68,373,4,445,3545,349,4339,501,326,31,858,2855,154,3867,3682,484,258,4424,2838,255,7517,5437,379,380,6196,2285,278,8759,1807,1151,103,3061,5875,337,9273,131,2530,12,2673,5742,355,8770,40,1222,3,1265,4303,480,6048,9,173,0,182,3380,562,4124,3,8,0,11,1798,333,2142,11678,6646,791,19115,32621,3103,54839,102,598,4,704,7503,843,9050,712,475,44,1231,6314,345,7890,6091,749,340,7180,6854,554,14588,10032,615,560,11207,5190,659,17056,3912,1600,180,5692,11593,714,17999,414,3708,29,4151,12085,729,16965,92,2118,3,2213,8625,873,11711,19,329,0,348,6042,969,7359,3,14,0,17
CED109,85,249,3,337,5581,878,6796,325,259,14,598,4905,509,6012,3433,349,76,3858,6804,810,11472,4981,237,102,5320,5103,764,11187,2389,403,46,2838,7175,697,10710,426,754,18,1198,6310,606,8114,84,461,0,545,3437,475,4457,17,82,0,99,1555,303,1957,3,6,0,9,407,92,508,11743,2800,259,14802,41277,5134,61213,179,480,4,663,5057,756,6476,892,469,40,1401,4102,428,5931,6036,531,236,6803,4886,676,12365,6508,409,231,7148,4170,689,12007,2104,1108,92,3304,7115,658,11077,222,1764,25,2011,5885,625,8521,66,669,5,740,3545,534,4819,20,124,0,144,2121,395,2660,0,6,0,6,981,177,1164,16027,5560,633,22220,37862,4938,65020,264,729,7,1000,10638,1634,13272,1217,728,54,1999,9007,937,11943,9469,880,312,10661,11690,1486,23837,11489,646,333,12468,9273,1453,23194,4493,1511,138,6142,14290,1355,21787,648,2518,43,3209,12195,1231,16635,150,1130,5,1285,6982,1009,9276,37,206,0,243,3676,698,4617,3,12,0,15
CED110,17,135,0,152,3349,369,3870,71,134,3,208,3733,238,4179,1937,284,36,2257,6255,565,9077,5251,193,163,5607,3756,522,9885,2901,214,69,3184,5519,459,9162,361,912,15,1288,6146,411,7845,68,1220,4,1292,3599,343,5234,15,308,0,323,2802,388,3513,4,15,0,19,986,235,1240,10625,3415,290,14330,36145,3530,54005,28,252,0,280,3318,306,3904,179,279,5,463,3562,194,4219,2962,539,175,3676,5180,443,9299,6503,345,444,7292,2688,354,10334,2511,606,111,3228,5954,362,9544,167,2327,11,2505,5267,333,8105,54,1747,6,1807,3664,402,5873,21,352,3,376,3735,642,4753,3,15,0,18,1918,458,2394,12428,6462,755,19645,35286,3494,58425,45,387,0,432,6667,675,7774,250,413,8,671,7295,432,8398,4899,823,211,5933,11435,1008,18376,11754,538,607,12899,6444,876,20219,5412,820,180,6412,11473,821,18706,528,3239,26,3793,11413,744,15950,122,2967,10,3099,7263,745,11107,36,660,3,699,6537,1030,8266,7,30,0,37
CED111,41,180,3,224,3797,559,4580,259,127,8,394,2325,291,3010,1953,215,65,2233,2862,517,5612,3613,211,165,3989,2827,567,7383,2186,439,72,2697,6145,596,9438,421,833,22,1276,8352,584,10212,59,532,3,594,6009,598,7201,11,119,0,130,3346,558,4034,0,4,0,4,1073,250,1327,8543,2660,338,11541,36736,4520,52797,111,352,8,471,3380,461,4312,627,242,38,907,1911,188,3006,3159,345,225,3729,2007,286,6022,4857,349,354,5560,2384,377,8321,1977,1115,116,3208,6827,449,10484,165,1695,18,1878,7682,497,10057,31,831,6,868,5772,662,7302,10,139,0,149,3667,743,4559,0,8,0,8,1809,439,2256,10937,5076,765,16778,35439,4102,56319,152,532,11,695,7177,1020,8892,886,369,46,1301,4236,479,6016,5112,560,290,5962,4869,803,11634,8470,560,519,9549,5211,944,15704,4163,1554,188,5905,12972,1045,19922,586,2528,40,3154,16034,1081,20269,90,1363,9,1462,11781,1260,14503,21,258,0,279,7013,1301,8593,0,12,0,12
CED112,37,203,4,244,4289,485,5018,117,197,3,317,5377,387,6081,2232,326,61,2619,6192,566,9377,5120,216,195,5531,3584,494,9609,2769,342,95,3206,6161,500,9867,361,1058,13,1432,6159,459,8050,64,1024,0,1088,3907,419,5414,12,253,0,265,2685,475,3425,4,12,0,16,1022,178,1216,10716,3631,371,14718,39376,3963,58057,52,390,0,442,3914,378,4734,301,396,9,706,4564,299,5569,3421,549,225,4195,4452,368,9015,6115,418,533,7066,2573,366,10005,2385,876,150,3411,6234,395,10040,167,2418,18,2603,5416,371,8390,55,1472,6,1533,3882,434,5849,16,244,0,260,3540,683,4483,0,14,0,14,1904,313,2231,12512,6777,941,20230,36479,3607,60316,89,593,4,686,8203,863,9752,418,593,12,1023,9941,686,11650,5653,875,286,6814,10644,934,18392,11235,634,728,12597,6157,860,19614,5154,1218,245,6617,12395,895,19907,528,3476,31,4035,11575,830,16440,119,2496,6,2621,7789,853,11263,28,497,0,525,6225,1158,7908,4,26,0,30
CED113,48,210,0,258,4191,567,5016,238,194,8,440,3234,241,3915,2597,275,84,2956,3797,415,7168,4623,233,178,5034,3139,506,8679,2231,447,89,2767,5601,522,8890,331,935,11,1277,6098,519,7894,55,677,3,735,4357,531,5623,15,98,0,113,2891,558,3562,3,4,0,7,1032,279,1318,10141,3073,373,13587,34340,4138,52065,100,408,0,508,3816,481,4805,545,331,24,900,2674,213,3787,3962,454,291,4707,2727,346,7780,5832,401,459,6692,2448,445,9585,2032,1099,116,3247,5914,467,9628,164,2167,7,2338,5644,402,8384,40,992,6,1038,4572,660,6270,15,156,0,171,3659,844,4674,3,22,0,25,1954,526,2505,12693,6030,903,19626,33408,4384,57418,148,618,0,766,8007,1048,9821,783,525,32,1340,5908,454,7702,6559,729,375,7663,6524,761,14948,10455,634,637,11726,5587,951,18264,4263,1546,205,6014,11515,989,18518,495,3102,18,3615,11742,921,16278,95,1669,9,1773,8929,1191,11893,30,254,0,284,6550,1402,8236,6,26,0,32
CED114,32,180,3,215,3706,560,4481,148,151,5,304,2660,270,3234,1907,242,62,2211,3699,530,6440,4161,229,134,4524,3521,660,8705,2519,397,76,2992,6431,711,10134,438,770,17,1225,8110,685,10020,45,538,4,587,5742,638,6967,7,113,3,123,2922,534,3579,0,9,0,9,817,197,1023,9257,2629,304,12190,37608,4785,54583,68,360,6,434,3152,461,4047,464,245,27,736,2038,175,2949,3137,352,191,3680,2735,441,6856,5212,361,364,5937,2675,468,9080,2021,946,122,3089,6758,510,10357,134,1664,12,1810,7508,548,9866,38,839,0,877,5245,599,6721,14,150,0,164,3121,664,3949,5,18,0,23,1471,359,1853,11093,4935,722,16750,34703,4225,55678,100,540,9,649,6858,1021,8528,612,396,32,1040,4698,445,6183,5044,594,253,5891,6434,971,13296,9373,590,498,10461,6196,1128,17785,4540,1343,198,6081,13189,1221,20491,572,2434,29,3035,15618,1233,19886,83,1377,4,1464,10987,1237,13688,21,263,3,287,6043,1198,7528,5,27,0,32
CED115,45,191,3,239,3891,596,4726,218,170,4,392,2883,312,3587,2256,249,52,2557,3709,501,6767,4012,202,145,4359,3083,524,7966,2173,406,65,2644,6128,595,9367,349,879,7,1235,7576,653,9464,51,502,3,556,5427,718,6701,11,103,3,117,3164,668,3949,3,10,0,13,851,244,1108,9118,2712,282,12112,36712,4811,53635,82,390,6,478,3412,489,4379,573,355,33,961,2492,221,3674,3459,396,193,4048,2590,356,6994,4942,376,317,5635,2333,404,8372,1881,1095,109,3085,6139,479,9703,119,1831,11,1961,6570,523,9054,33,876,5,914,5087,754,6755,9,156,0,165,3535,851,4551,0,18,0,18,1580,462,2060,11098,5493,674,17265,33738,4539,55542,127,581,9,717,7303,1085,9105,791,525,37,1353,5375,533,7261,5715,645,245,6605,6299,857,13761,8954,578,462,9994,5416,928,16338,4054,1501,174,5729,12267,1074,19070,468,2710,18,3196,14146,1176,18518,84,1378,8,1470,10514,1472,13456,20,259,3,282,6699,1519,8500,3,28,0,31
CED116,38,186,0,224,5178,840,6242,124,161,0,285,4637,438,5360,1957,262,31,2250,6591,768,9609,3765,157,39,3961,4919,778,9658,2400,260,30,2690,7335,847,10872,460,517,9,986,6039,619,7644,89,442,3,534,3231,443,4208,14,105,0,119,1874,358,2351,5,6,0,11,456,121,588,8852,2096,112,11060,40260,5212,56532,53,322,4,379,4720,647,5746,527,364,12,903,4073,384,5360,4316,399,102,4817,4905,718,10440,5749,246,106,6101,4099,793,10993,2312,800,73,3185,7191,748,11124,261,1352,18,1631,5687,592,7910,57,600,6,663,3351,509,4523,20,110,3,133,2443,436,3012,5,9,0,14,840,181,1035,13300,4202,324,17826,37309,5008,60143,91,508,4,603,9898,1487,11988,651,525,12,1188,8710,822,10720,6273,661,133,7067,11496,1486,20049,9514,403,145,10062,9018,1571,20651,4712,1060,103,5875,14526,1595,21996,721,1869,27,2617,11726,1211,15554,146,1042,9,1197,6582,952,8731,34,215,3,252,4317,794,5363,10,15,0,25
CED117,47,165,3,215,3730,590,4535,193,128,4,325,2669,326,3320,1872,222,65,2159,3080,570,5809,4069,206,154,4429,2602,537,7568,2196,444,80,2720,5743,644,9107,306,992,12,1310,7367,550,9227,59,737,0,796,6188,654,7638,7,128,0,135,3686,666,4487,0,7,0,7,1021,244,1272,8749,3029,318,12096,36086,4781,52963,75,348,3,426,3307,468,4201,498,230,28,756,2055,187,2998,3032,316,237,3585,2029,296,5910,5045,303,382,5730,2092,359,8181,1971,1013,126,3110,6140,457,9707,131,2088,10,2229,7000,507,9736,35,1047,0,1082,6023,675,7780,7,179,3,189,4066,822,5077,0,16,0,16,1660,395,2071,10794,5540,789,17123,34372,4166,55661,122,513,6,641,7037,1058,8736,691,358,32,1081,4724,513,6318,4904,538,302,5744,5109,866,11719,9114,509,536,10159,4694,896,15749,4167,1457,206,5830,11883,1101,18814,437,3080,22,3539,14367,1057,18963,94,1784,0,1878,12211,1329,15418,14,307,3,324,7752,1488,9564,0,23,0,23
CED118,19,120,0,139,2543,387,3069,44,138,0,182,4361,546,5089,1775,331,21,2127,10757,1246,14130,5014,288,142,5444,6815,986,13245,2689,187,97,2973,6183,751,9907,508,348,8,864,5551,569,6984,87,472,6,565,3128,476,4169,13,201,3,217,2228,419,2864,0,15,0,15,682,161,858,10149,2100,277,12526,42248,5541,60315,20,188,4,212,2371,312,2895,126,262,5,393,4655,395,5443,2808,721,104,3633,10412,1032,15077,6275,587,417,7279,5671,848,13798,2439,504,150,3093,6366,603,10062,221,1031,15,1267,5576,500,7343,65,810,4,879,3195,447,4521,22,208,0,230,2629,465,3324,6,18,0,24,1415,334,1773,11982,4329,699,17010,42290,4936,64236,39,308,4,351,4914,699,5964,170,400,5,575,9016,941,10532,4583,1052,125,5760,21169,2278,29207,11289,875,559,12723,12486,1834,27043,5128,691,247,6066,12549,1354,19969,729,1379,23,2131,11127,1069,14327,152,1282,10,1444,6323,923,8690,35,409,3,447,4857,884,6188,6,33,0,39
CED119,35,176,0,211,4191,553,4955,133,188,0,321,4342,419,5082,3609,331,67,4007,7789,913,12709,6545,216,146,6907,4902,766,12575,2613,275,48,2936,6308,586,9830,355,717,13,1085,5858,433,7376,52,565,8,625,3089,371,4085,5,108,0,113,1607,299,2019,0,3,0,3,358,92,453,13347,2579,282,16208,38444,4432,59084,68,335,0,403,3878,419,4700,423,373,11,807,3697,242,4746,6107,574,257,6938,5827,590,13355,7496,379,375,8250,3610,462,12322,2134,758,83,2975,6367,417,9759,184,1841,15,2040,5218,387,7645,56,805,0,861,2833,358,4052,13,128,0,141,2025,408,2574,5,15,0,20,828,219,1067,16486,5208,741,22435,34283,3502,60220,103,511,0,614,8069,972,9655,556,561,11,1128,8039,661,9828,9716,905,324,10945,13616,1503,26064,14041,595,521,15157,8512,1228,24897,4747,1033,131,5911,12675,1003,19589,539,2558,28,3125,11076,820,15021,108,1370,8,1486,5922,729,8137,18,236,0,254,3632,707,4593,5,18,0,23
CED120,37,178,0,215,4639,458,5312,94,159,5,258,4539,270,5067,2444,232,54,2730,5613,557,8900,5459,179,144,5782,3638,471,9891,2903,263,74,3240,6291,494,10025,380,902,5,1287,6606,449,8342,41,848,4,893,3424,323,4640,9,155,3,167,1767,255,2189,0,7,0,7,565,81,653,11367,2923,289,14579,37082,3358,55019,42,324,4,370,4125,440,4935,275,299,13,587,3771,213,4571,4021,403,172,4596,4125,472,9193,6722,307,392,7421,2802,438,10661,2533,786,104,3423,6737,421,10581,160,2223,8,2391,5657,371,8419,36,1190,4,1230,3067,319,4616,16,156,3,175,2235,373,2783,4,10,0,14,1032,132,1178,13809,5698,700,20207,33551,3179,56937,79,502,4,585,8764,898,10247,369,458,18,845,8310,483,9638,6465,635,226,7326,9738,1029,18093,12181,486,536,13203,6440,909,20552,5436,1049,178,6663,13028,915,20606,540,3125,13,3678,12263,820,16761,77,2038,8,2123,6491,642,9256,25,311,6,342,4002,628,4972,4,17,0,21
CED121,27,190,0,217,4046,574,4837,245,140,5,390,2839,318,3547,2329,217,71,2617,3190,553,6360,4621,240,175,5036,3308,691,9035,2430,435,80,2945,6528,660,10133,390,875,20,1285,7712,632,9629,54,619,4,677,5478,616,6771,12,112,3,127,2674,513,3314,3,6,0,9,685,165,859,10111,2834,358,13303,36460,4722,54485,91,416,8,515,3471,513,4499,568,295,23,886,2244,176,3306,3544,347,229,4120,2265,329,6714,5869,397,395,6661,2595,431,9687,2086,1119,116,3321,6271,427,10019,147,1984,18,2149,6896,478,9523,31,994,6,1031,4874,588,6493,12,162,3,177,2998,679,3854,0,12,0,12,1404,288,1704,12348,5726,798,18872,33018,3909,55799,118,606,8,732,7517,1087,9336,813,435,28,1276,5083,494,6853,5873,564,300,6737,5455,882,13074,10490,637,570,11697,5903,1122,18722,4516,1554,196,6266,12799,1087,20152,537,2859,38,3434,14608,1110,19152,85,1613,10,1708,10352,1204,13264,24,274,6,304,5672,1192,7168,3,18,0,21
CED122,51,209,0,260,4025,592,4877,366,188,11,565,3466,385,4416,3309,324,101,3734,4464,781,8979,4892,267,165,5324,3362,805,9491,2090,556,78,2724,6036,681,9441,283,1008,15,1306,6434,623,8363,35,569,0,604,3934,506,5044,10,89,0,99,2051,385,2535,3,3,0,6,593,126,725,11039,3213,370,14622,34365,4884,53871,125,408,4,537,3650,514,4701,844,376,50,1270,2669,224,4163,4652,472,314,5438,2819,384,8641,5739,408,370,6517,2574,449,9540,1611,1380,81,3072,5785,427,9284,116,2155,10,2281,5369,487,8137,29,767,7,803,3722,492,5017,12,138,0,150,2662,624,3436,0,7,0,7,1336,198,1541,13128,6111,836,20075,30586,3799,54460,176,617,4,797,7675,1106,9578,1210,564,61,1835,6135,609,8579,7961,796,415,9172,7283,1165,17620,10631,675,535,11841,5936,1254,19031,3701,1936,159,5796,11821,1108,18725,399,3163,25,3587,11803,1110,16500,64,1336,7,1407,7656,998,10061,22,227,0,249,4713,1009,5971,3,10,0,13
CED123,15,123,0,138,3723,602,4463,67,166,0,233,6661,895,7789,1783,329,23,2135,10579,1648,14362,5014,219,113,5346,5325,1240,11911,2886,193,75,3154,5624,940,9718,457,496,11,964,5772,774,7510,74,665,6,745,3702,615,5062,17,268,0,285,2439,480,3204,0,15,0,15,839,184,1038,10313,2474,228,13015,44664,7378,65057,35,217,0,252,3542,455,4249,151,297,7,455,6388,635,7478,3056,619,93,3768,9646,1114,14528,6250,440,320,7010,4397,857,12264,2482,510,124,3116,5982,654,9752,210,1344,15,1569,5748,595,7912,77,1197,8,1282,3754,615,5651,32,287,3,322,3175,637,4134,5,13,3,21,1651,294,1966,12298,4924,573,17795,44283,5856,67934,50,340,0,390,7265,1057,8712,218,463,7,688,13049,1530,15267,4839,948,116,5903,20225,2762,28890,11264,659,433,12356,9722,2097,24175,5368,703,199,6270,11606,1594,19470,667,1840,26,2533,11520,1369,15422,151,1862,14,2027,7456,1230,10713,49,555,3,607,5614,1117,7338,5,28,3,36
CED124,54,198,0,252,4417,607,5276,331,218,8,557,4316,551,5424,3476,411,108,3995,6013,750,10758,5124,253,166,5543,4261,656,10460,2047,464,61,2572,6281,604,9457,309,1020,12,1341,6420,559,8320,41,612,3,656,3427,474,4557,9,101,0,110,1503,342,1955,3,4,0,7,395,124,526,11394,3281,358,15033,37033,4667,56733,114,426,0,540,4173,516,5229,776,452,39,1267,3802,329,5398,5422,641,346,6409,4402,648,11459,6158,417,408,6983,3273,595,10851,1743,1333,89,3165,6293,537,9995,142,2286,20,2448,5647,503,8598,31,829,9,869,3255,459,4583,6,127,0,133,1951,455,2539,4,10,0,14,914,264,1192,14396,6521,911,21828,33710,4306,59844,168,624,0,792,8590,1123,10505,1107,670,47,1824,8118,880,10822,8898,1052,454,10404,10415,1398,22217,11282,670,574,12526,7534,1251,21311,3790,1797,150,5737,12574,1141,19452,451,3306,32,3789,12067,1062,16918,72,1441,12,1525,6682,933,9140,15,228,0,243,3454,797,4494,7,14,0,21
CED125,41,154,0,195,3421,474,4090,205,127,3,335,2010,213,2558,1775,189,69,2033,2360,295,4688,3544,194,139,3877,2559,377,6813,1904,418,81,2403,5664,485,8552,366,791,21,1178,7566,549,9293,54,618,0,672,6563,629,7864,19,98,3,120,3930,665,4715,0,7,0,7,1155,272,1434,7908,2596,316,10820,35228,3959,50007,87,319,0,406,3006,400,3812,547,212,22,781,1589,109,2479,2749,259,217,3225,1749,191,5165,4636,324,327,5287,2105,319,7711,1793,967,109,2869,6238,363,9470,132,1669,11,1812,7393,454,9659,30,907,8,945,6635,670,8250,16,142,3,161,4363,898,5422,3,21,0,24,1976,461,2461,9993,4820,697,15510,35054,3865,54429,128,473,0,601,6427,874,7902,752,339,25,1116,3599,322,5037,4524,448,286,5258,4109,486,9853,8180,518,466,9164,4664,696,14524,3697,1385,190,5272,11902,848,18022,498,2460,32,2990,14959,1003,18952,84,1525,8,1617,13198,1299,16114,35,240,6,281,8293,1563,10137,3,28,0,31
CED126,39,210,0,249,4630,672,5551,238,204,5,447,4040,300,4787,2983,312,95,3390,5330,537,9257,5256,214,183,5653,3648,545,9846,2190,429,48,2667,5779,535,8981,313,901,15,1229,6105,459,7793,54,576,4,634,3087,386,4107,4,111,0,115,1400,246,1761,0,0,0,0,405,87,492,11077,2957,350,14384,34424,3767,52575,87,443,4,534,4130,542,5206,571,397,20,988,3536,299,4823,4733,522,278,5533,3823,487,9843,6440,415,372,7227,2848,471,10546,1894,1178,91,3163,6033,517,9713,142,2095,23,2260,5382,474,8116,30,875,0,905,2859,382,4146,8,106,3,117,1809,312,2238,4,14,0,18,879,128,1025,13909,6045,791,20745,31299,3612,55656,126,653,4,783,8760,1214,10757,809,601,25,1435,7576,599,9610,7716,834,373,8923,9153,1024,19100,11696,629,555,12880,6496,1016,20392,4084,1607,139,5830,11812,1052,18694,455,2996,38,3489,11487,933,15909,84,1451,4,1539,5946,768,8253,12,217,3,232,3209,558,3999,4,14,0,18
CED127,21,146,0,167,3683,457,4307,52,107,0,159,3302,211,3672,1560,227,32,1819,4973,406,7198,5717,197,154,6068,3559,484,10111,3797,223,119,4139,5273,479,9891,573,771,14,1358,6473,416,8247,69,1217,3,1289,4309,382,5980,11,287,0,298,2573,323,3194,0,16,0,16,1217,196,1429,11800,3191,322,15313,35362,3354,54029,22,247,0,269,3271,338,3878,120,248,7,375,2836,167,3378,2528,424,127,3079,4004,329,7412,7149,368,555,8072,2594,438,11104,3366,514,197,4077,5917,375,10369,205,2058,12,2275,5996,383,8654,57,1937,10,2004,3869,407,6280,15,350,0,365,3355,503,4223,4,28,0,32,2168,453,2653,13466,6174,908,20548,34010,3393,57951,43,393,0,436,6954,795,8185,172,355,7,534,6138,378,7050,4088,651,159,4898,8977,735,14610,12866,565,709,14140,6153,922,21215,7163,737,316,8216,11190,854,20260,778,2829,26,3633,12469,799,16901,126,3154,13,3293,8178,789,12260,26,637,0,663,5928,826,7417,4,44,0,48
CED128,28,282,3,313,4233,478,5024,196,190,3,389,3595,256,4240,2398,252,60,2710,4017,399,7126,4886,231,201,5318,3362,540,9220,2700,405,108,3213,6203,591,10007,491,993,22,1506,7050,550,9106,50,753,0,803,4062,461,5326,6,111,0,117,2067,295,2479,0,9,0,9,621,138,768,10755,3226,397,14378,35210,3708,53296,64,430,3,497,3740,450,4687,423,379,26,828,2911,203,3942,3431,438,285,4154,2756,293,7203,6144,375,543,7062,2565,457,10084,2507,1104,162,3773,6524,520,10817,177,2172,15,2364,6645,464,9473,35,1173,5,1213,4086,448,5747,16,168,3,187,2526,444,3157,4,18,0,22,1318,312,1652,12801,6257,1042,20100,33071,3591,56762,92,712,6,810,7973,928,9711,619,569,29,1217,6506,459,8182,5829,690,345,6864,6773,692,14329,11030,606,744,12380,5927,997,19304,5207,1509,270,6986,12727,1111,20824,668,3165,37,3870,13695,1014,18579,85,1926,5,2016,8148,909,11073,22,279,3,304,4593,739,5636,4,27,0,31
CED129,25,157,0,182,4875,614,5671,123,167,5,295,4792,300,5387,2238,298,41,2577,6627,514,9718,4119,175,72,4366,4573,511,9450,2234,274,42,2550,6768,532,9850,401,768,12,1181,6727,466,8374,68,578,4,650,3732,418,4800,13,151,0,164,1867,316,2347,3,9,0,12,446,83,541,9224,2577,176,11977,40407,3754,56138,61,294,0,355,4459,487,5301,427,352,9,788,4206,247,5241,4289,433,142,4864,4668,462,9994,5477,278,188,5943,3506,481,9930,2046,895,59,3000,7127,457,10584,213,1877,22,2112,6065,429,8606,56,823,4,883,3507,449,4839,8,145,0,153,2273,378,2804,3,5,0,8,732,184,924,12580,5102,424,18106,36543,3574,58223,86,451,0,537,9334,1101,10972,550,519,14,1083,8998,547,10628,6527,731,183,7441,11295,976,19712,9596,453,260,10309,8079,992,19380,4280,1169,101,5550,13895,989,20434,614,2645,34,3293,12792,895,16980,124,1401,8,1533,7239,867,9639,21,296,0,317,4140,694,5151,6,14,0,20
CED130,20,170,0,190,4391,441,5022,43,133,0,176,3893,163,4232,1916,191,22,2129,4839,316,7284,6246,179,133,6558,3560,367,10485,3273,198,68,3539,5788,330,9657,395,871,8,1274,6226,267,7767,82,1028,6,1116,3540,238,4894,18,195,0,213,1598,223,2034,0,13,0,13,545,128,686,11993,2978,237,15208,34380,2473,52061,22,290,0,312,3995,306,4613,116,314,8,438,3571,139,4148,3327,366,149,3842,3869,270,7981,7832,276,455,8563,2699,321,11583,2743,555,115,3413,6258,286,9957,187,2177,12,2376,5657,301,8334,73,1475,7,1555,3050,265,4870,12,168,3,183,2040,334,2557,4,15,0,19,1231,351,1601,14316,5636,749,20701,32370,2573,55644,42,460,0,502,8386,747,9635,159,447,8,614,7464,302,8380,5243,557,171,5971,8708,586,15265,14078,455,588,15121,6259,688,22068,6016,753,183,6952,12046,616,19614,582,3048,20,3650,11883,568,16101,155,2503,13,2671,6590,503,9764,30,363,3,396,3638,557,4591,4,28,0,32
CED131,47,228,0,275,4261,657,5193,308,189,6,503,3409,329,4241,2498,234,75,2807,3817,574,7198,4134,227,150,4511,3173,603,8287,2204,474,73,2751,6334,661,9746,359,791,19,1169,7802,650,9621,68,550,8,626,5623,664,6913,6,111,0,117,2996,612,3725,0,10,0,10,817,193,1020,9624,2814,331,12769,38232,4943,55944,121,460,11,592,3920,574,5086,819,357,46,1222,2843,245,4310,3826,433,270,4529,2642,402,7573,5192,406,346,5944,2623,478,9045,1880,1194,114,3188,6561,486,10235,147,1764,9,1920,7025,501,9446,39,923,0,962,5516,704,7182,11,165,0,176,3543,801,4520,4,13,0,17,1609,443,2069,12039,5715,796,18550,36282,4634,59466,168,688,11,867,8181,1231,10279,1127,546,52,1725,6252,574,8551,6324,667,345,7336,6459,976,14771,9326,633,496,10455,5796,1081,17332,4084,1668,187,5939,12895,1147,19981,506,2555,28,3089,14827,1151,19067,107,1473,8,1588,11139,1368,14095,17,276,0,293,6539,1413,8245,4,23,0,27
CED132,28,179,0,207,3420,388,4015,165,217,3,385,5147,425,5957,2214,366,57,2637,6958,697,10292,4229,216,169,4614,3646,530,8790,2019,374,81,2474,5804,574,8852,326,825,18,1169,5772,473,7414,40,726,4,770,3545,456,4771,7,194,0,201,2330,455,2986,3,13,0,16,871,214,1101,9031,3110,332,12473,37493,4212,54178,52,337,3,392,3170,308,3870,382,437,29,848,4806,296,5950,3152,596,217,3965,5250,487,9702,4954,372,408,5734,2682,398,8814,1743,891,127,2761,5577,428,8766,124,1829,12,1965,5002,382,7349,29,1085,3,1117,3552,474,5143,8,223,0,231,3337,673,4241,3,27,0,30,1858,369,2257,10447,5797,799,17043,35234,3815,56092,80,516,3,599,6590,696,7885,547,654,32,1233,9953,721,11907,5366,962,274,6602,12208,1184,19994,9183,588,577,10348,6328,928,17604,3762,1265,208,5235,11381,1002,17618,450,2654,30,3134,10774,855,14763,69,1811,7,1887,7097,930,9914,15,417,0,432,5667,1128,7227,6,40,0,46
CED133,17,168,0,185,3288,393,3866,30,112,0,142,3797,360,4299,1581,297,28,1906,10354,984,13244,5438,208,116,5762,5505,791,12058,3349,135,91,3575,5204,532,9311,607,459,12,1078,6043,452,7573,90,786,0,876,3529,329,4734,15,260,0,275,2080,282,2637,5,17,0,22,889,149,1060,11132,2442,247,13821,40689,4272,58782,19,190,0,209,2861,289,3359,68,221,0,289,4025,330,4644,2605,585,96,3286,10075,895,14256,6697,393,377,7467,4631,646,12744,3137,367,153,3657,5879,485,10021,271,1358,12,1641,6449,432,8522,73,1425,12,1510,3346,382,5238,20,307,0,327,2771,429,3527,3,28,0,31,1989,328,2348,12893,4874,650,18417,42026,4216,64659,36,358,0,394,6149,682,7225,98,333,0,431,7822,690,8943,4186,882,124,5192,20429,1879,27500,12135,601,493,13229,10136,1437,24802,6486,502,244,7232,11083,1017,19332,878,1817,24,2719,12492,884,16095,163,2211,12,2386,6875,711,9972,35,567,0,602,4851,711,6164,8,45,0,53
CED134,49,190,3,242,3659,537,4438,262,169,3,434,2732,262,3428,2051,235,85,2371,2989,448,5808,3585,204,120,3909,2918,482,7309,1995,488,86,2569,6138,566,9273,403,843,23,1269,7807,534,9610,44,541,6,591,5506,527,6624,9,92,0,101,3448,596,4145,3,7,0,10,1090,244,1344,8401,2769,326,11496,36287,4196,51979,91,384,7,482,3320,429,4231,610,318,40,968,2132,171,3271,3295,336,243,3874,2025,290,6189,4598,350,368,5316,2419,367,8102,1811,1141,121,3073,6367,383,9823,130,1920,20,2070,7218,451,9739,35,820,0,855,5594,592,7041,8,153,0,161,4167,756,5084,3,16,0,19,2072,401,2492,10581,5438,799,16818,35314,3840,55972,140,574,10,724,6979,966,8669,872,487,43,1402,4864,433,6699,5346,571,328,6245,5014,738,11997,8183,554,488,9225,5337,849,15411,3806,1629,207,5642,12505,949,19096,533,2763,43,3339,15025,985,19349,79,1361,6,1446,11100,1119,13665,17,245,0,262,7615,1352,9229,6,23,0,29
CED135,51,220,3,274,4104,800,5178,389,209,8,606,3029,413,4048,2799,274,90,3163,3961,794,7918,4520,300,153,4973,3620,823,9416,2168,528,61,2757,6954,820,10531,352,797,15,1164,7787,822,9773,63,492,3,558,5778,808,7144,13,102,3,118,2948,650,3716,3,4,0,7,794,152,953,10358,2926,336,13620,38975,6082,58677,175,441,11,627,3407,652,4686,892,393,56,1341,2430,291,4062,4351,477,335,5163,2851,483,8497,5385,503,381,6269,2878,625,9772,1809,1287,102,3198,6643,578,10419,146,1772,14,1932,6574,583,9089,45,844,0,889,5128,744,6761,11,151,3,165,3374,661,4200,4,16,0,20,1514,283,1817,12818,5884,902,19604,34799,4900,59303,226,661,14,901,7511,1452,9864,1281,602,64,1947,5459,704,8110,7150,751,425,8326,6812,1277,16415,9905,803,534,11242,6498,1448,19188,3977,1815,163,5955,13597,1398,20950,498,2569,29,3096,14361,1405,18862,108,1336,3,1447,10906,1552,13905,24,253,6,283,6322,1311,7916,7,20,0,27
CED136,32,155,3,190,4022,650,4862,108,188,7,303,5369,783,6455,3209,363,35,3607,12421,1808,17836,5218,179,77,5474,5815,1066,12355,2485,180,43,2708,6387,818,9913,442,493,11,946,5774,559,7279,77,581,5,663,3403,467,4533,23,166,0,189,2136,410,2735,3,9,0,12,652,193,857,11597,2314,181,14092,45979,6754,66825,33,251,3,287,3529,515,4331,474,348,15,837,4847,581,6265,5840,583,114,6537,9229,1252,17018,6029,357,219,6605,4460,786,11851,2170,576,82,2828,6450,689,9967,230,1292,16,1538,5404,517,7459,94,925,6,1025,3346,463,4834,18,180,3,201,2726,557,3484,3,13,0,16,1317,454,1787,14891,4525,458,19874,41308,5814,66996,65,406,6,477,7551,1165,9193,582,536,22,1140,10216,1364,12720,9049,946,149,10144,21650,3060,34854,11247,536,296,12079,10275,1852,24206,4655,756,125,5536,12837,1507,19880,672,1785,27,2484,11178,1076,14738,171,1506,11,1688,6749,930,9367,41,346,3,390,4862,967,6219,6,22,0,28
CED137,41,186,0,227,3404,476,4107,228,135,8,371,2533,221,3125,2070,224,83,2377,2931,343,5651,3827,224,144,4195,2657,430,7282,2094,442,74,2610,5434,494,8538,261,930,12,1203,6879,564,8646,61,713,3,777,6144,678,7599,5,99,3,107,3427,621,4155,0,3,0,3,917,257,1177,8587,2956,327,11870,34326,4084,50280,74,345,8,427,3232,407,4066,538,252,31,821,1988,174,2983,3121,318,247,3686,2031,293,6010,4911,360,347,5618,2176,353,8147,1729,1092,97,2918,5657,406,8981,136,2039,22,2197,6592,484,9273,33,963,5,1001,5911,631,7543,10,116,0,126,3615,809,4550,3,10,0,13,1497,514,2024,10555,5495,757,16807,32699,4071,53577,115,531,8,654,6636,883,8173,766,387,39,1192,4521,395,6108,5191,542,330,6063,4962,636,11661,8738,584,491,9813,4833,783,15429,3823,1534,171,5528,11091,900,17519,397,2969,34,3400,13471,1048,17919,94,1676,8,1778,12055,1309,15142,15,215,3,233,7042,1430,8705,3,13,0,16
CED138,20,111,3,134,3870,678,4682,99,163,3,265,6203,1033,7501,2525,310,18,2853,12586,2256,17695,5137,181,71,5389,5669,1335,12393,2761,177,58,2996,6508,1011,10515,501,467,15,983,6076,607,7666,80,665,5,750,3452,446,4648,21,239,0,260,2251,365,2876,0,13,0,13,780,149,942,11144,2326,173,13643,47395,7880,68918,33,197,0,230,3771,512,4513,330,287,6,623,5445,614,6682,4195,552,86,4833,9896,1418,16147,6541,346,239,7126,4528,939,12593,2493,499,95,3087,6883,745,10715,246,1452,18,1716,5890,500,8106,93,992,6,1091,3363,406,4860,22,243,6,271,2756,455,3482,3,11,0,14,1505,329,1848,13956,4579,456,18991,44037,5918,68946,53,308,3,364,7641,1190,9195,429,450,9,888,11648,1647,14183,6720,862,104,7686,22482,3674,33842,11678,527,310,12515,10197,2274,24986,5254,676,153,6083,13391,1756,21230,747,1919,33,2699,11966,1107,15772,173,1657,11,1841,6815,852,9508,43,482,6,531,5007,820,6358,3,24,0,27
CED139,32,152,0,184,3570,554,4308,124,134,4,262,2316,270,2848,1734,217,58,2009,3254,413,5676,4138,228,153,4519,3114,537,8170,2576,424,119,3119,6149,647,9915,567,838,34,1439,7702,596,9737,60,561,5,626,5180,536,6342,10,110,0,120,3382,621,4123,5,5,0,10,1099,293,1402,9246,2669,373,12288,35766,4467,52521,51,311,0,362,3161,410,3933,340,225,27,592,1948,155,2695,2881,364,253,3498,2455,332,6285,5521,380,447,6348,2601,434,9383,2511,1002,177,3690,6753,526,10969,192,1815,24,2031,7142,534,9707,27,850,6,883,5124,621,6628,12,152,3,167,3846,891,4904,4,18,0,22,1778,465,2265,11539,5117,937,17593,34808,4368,56769,83,463,0,546,6731,964,8241,464,359,31,854,4264,425,5543,4615,581,311,5507,5709,745,11961,9659,608,600,10867,5715,971,17553,5087,1426,296,6809,12902,1173,20884,759,2653,58,3470,14844,1130,19444,87,1411,11,1509,10304,1157,12970,22,262,3,287,7228,1512,9027,9,23,0,32
CED140,36,202,3,241,4447,700,5388,276,194,17,487,3938,455,4880,2767,275,75,3117,4410,826,8353,4503,217,147,4867,3430,793,9090,2287,428,61,2776,6442,695,9913,320,835,6,1161,6896,589,8646,48,508,0,556,4655,600,5811,5,126,0,131,2802,495,3428,5,10,0,15,799,176,990,10247,2795,309,13351,37819,5329,56499,109,443,6,558,3912,609,5079,656,376,47,1079,3332,263,4674,4237,480,256,4973,3013,405,8391,5455,400,353,6208,2583,399,9190,1848,1157,102,3107,6156,440,9703,125,1937,10,2072,5778,477,8327,43,884,5,932,4390,598,5920,9,194,0,203,3323,657,4183,3,26,0,29,1582,380,1991,12485,5897,779,19161,34069,4228,57458,145,645,9,799,8359,1309,10467,932,570,64,1566,7270,718,9554,7004,755,331,8090,7423,1231,16744,9958,617,500,11075,6013,1192,18280,4135,1585,163,5883,12598,1135,19616,445,2772,16,3233,12674,1066,16973,91,1392,5,1488,9045,1198,11731,14,320,0,334,6125,1152,7611,8,36,0,44
CED141,22,213,3,238,3721,556,4515,151,169,4,324,3208,271,3803,2009,245,69,2323,3835,474,6632,4381,235,169,4785,3025,519,8329,2432,354,84,2870,5710,640,9220,365,904,16,1285,6453,543,8281,46,809,3,858,4777,597,6232,9,158,0,167,3207,604,3978,4,10,3,17,1149,328,1494,9419,3097,351,12867,35085,4532,52484,50,331,3,384,3330,375,4089,380,295,14,689,2747,189,3625,3131,384,237,3752,2823,357,6932,5489,359,418,6266,2357,440,9063,2220,903,132,3255,6275,525,10055,133,2156,9,2298,6150,505,8953,41,1209,7,1257,5064,640,6961,20,177,0,197,4232,905,5334,0,12,0,12,2034,742,2788,11464,5826,820,18110,35012,4678,57800,72,544,6,622,7051,931,8604,531,464,18,1013,5955,460,7428,5140,629,306,6075,6658,831,13564,9870,594,587,11051,5382,959,17392,4652,1257,216,6125,11985,1165,19275,498,3060,25,3583,12603,1048,17234,87,2018,10,2115,9841,1237,13193,29,335,0,364,7439,1509,9312,4,22,3,29
CED142,28,168,0,196,3811,508,4515,203,162,4,369,2925,179,3473,2048,231,50,2329,3575,279,6183,4198,199,188,4585,2863,419,7867,2095,422,70,2587,5509,430,8526,278,1079,5,1362,6120,405,7887,43,954,4,1001,4821,517,6339,7,182,3,192,3231,591,4014,0,9,0,9,898,223,1130,8900,3406,324,12630,33753,3551,49934,82,337,0,419,3429,382,4230,451,291,30,772,2504,166,3442,3268,374,196,3838,2425,224,6487,5206,363,401,5970,2164,305,8439,1840,1109,95,3044,5610,365,9019,115,2335,15,2465,5753,363,8581,55,1298,7,1360,5128,580,7068,12,172,3,187,3883,794,4864,0,18,0,18,1466,360,1844,11029,6297,747,18073,32362,3539,53974,110,505,0,615,7240,890,8745,654,453,34,1141,5429,345,6915,5316,605,246,6167,6000,503,12670,9404,562,589,10555,5027,724,16306,3935,1531,165,5631,11119,795,17545,393,3414,20,3827,11873,768,16468,98,2252,11,2361,9949,1097,13407,19,354,6,379,7114,1385,8878,0,27,0,27
CED143,10,61,0,71,2302,599,2972,27,147,0,174,7697,1706,9577,1474,500,19,1993,20928,3674,26595,3686,367,91,4144,10418,1902,16464,1740,191,67,1998,7098,1284,10380,404,309,5,718,5944,985,7647,68,360,5,433,3010,697,4140,21,94,0,115,1439,406,1960,0,6,3,9,306,115,430,7430,2035,190,9655,59142,11368,80165,12,154,3,169,2558,462,3189,117,350,3,470,8723,1464,10657,2267,865,77,3209,19109,2856,25174,4288,554,221,5063,6980,1291,13334,1602,392,79,2073,5651,922,8646,163,910,9,1082,5312,765,7159,48,636,3,687,2658,567,3912,9,119,0,128,1610,398,2136,0,9,0,9,668,193,870,8506,3989,395,12890,53269,8918,75077,22,215,3,240,4860,1061,6161,144,497,3,644,16420,3170,20234,3741,1365,96,5202,40037,6530,51769,7974,921,312,9207,17398,3193,29798,3342,583,146,4071,12749,2206,19026,567,1219,14,1800,11256,1750,14806,116,996,8,1120,5668,1264,8052,30,213,0,243,3049,804,4096,0,15,3,18
CED144,32,194,3,229,3950,508,4687,202,164,7,373,3122,208,3703,2452,275,80,2807,3654,343,6804,4135,202,164,4501,3180,452,8133,2097,463,67,2627,6046,471,9144,296,1067,12,1375,6180,508,8063,56,799,3,858,4873,538,6269,14,177,0,191,3147,564,3902,3,3,0,6,798,186,990,9287,3344,336,12967,34950,3778,51695,71,387,8,466,3595,424,4485,521,319,33,873,2587,196,3656,3710,417,242,4369,2467,309,7145,5230,377,363,5970,2439,349,8758,1846,1256,117,3219,5908,373,9500,148,2182,9,2339,5736,450,8525,43,1229,6,1278,5182,591,7051,20,196,0,216,3606,721,4543,4,7,0,11,1531,337,1879,11593,6370,778,18741,33051,3750,55542,103,581,11,695,7545,932,9172,723,483,40,1246,5709,404,7359,6162,692,322,7176,6121,652,13949,9365,579,527,10471,5619,801,16891,3943,1719,184,5846,11954,844,18644,444,3249,21,3714,11916,958,16588,99,2028,9,2136,10055,1129,13320,34,373,0,407,6753,1285,8445,7,10,0,17
CED145,23,116,0,139,3018,351,3508,35,97,3,135,3259,327,3721,1476,278,21,1775,8578,1016,11369,5926,268,152,6346,5174,835,12355,3709,168,102,3979,5236,641,9856,588,546,17,1151,5629,495,7275,73,855,3,931,3631,384,4946,12,253,0,265,2201,329,2795,0,19,0,19,922,185,1126,11842,2600,298,14740,37648,4563,56951,14,212,0,226,2804,306,3336,70,199,7,276,3248,267,3791,2429,598,122,3149,8142,872,12163,7356,458,481,8295,4200,733,13228,3519,432,170,4121,5734,543,10398,210,1482,14,1706,5825,497,8028,45,1611,8,1664,3517,451,5632,18,337,3,358,2871,479,3708,7,17,0,24,1881,424,2329,13668,5346,805,19819,38222,4572,62613,37,328,0,365,5822,657,6844,105,296,10,411,6507,594,7512,3905,876,143,4924,16720,1888,23532,13282,726,633,14641,9374,1568,25583,7228,600,272,8100,10970,1184,20254,798,2028,31,2857,11454,992,15303,118,2466,11,2595,7148,835,10578,30,590,3,623,5072,808,6503,7,36,0,43
CED146,25,154,0,179,4649,746,5574,107,175,3,285,5242,662,6189,2458,281,24,2763,9236,1235,13234,4571,139,58,4768,5167,879,10814,2763,158,35,2956,6648,896,10500,556,436,9,1001,6187,628,7816,104,635,5,744,3978,517,5239,29,234,3,266,2539,458,3263,0,14,0,14,771,235,1020,10613,2226,137,12976,44417,6256,63649,57,273,0,330,4152,578,5060,500,331,15,846,4625,502,5973,4915,431,88,5434,6454,1058,12946,6025,298,137,6460,4017,856,11333,2445,620,75,3140,6785,756,10681,276,1354,13,1643,5618,572,7833,90,988,5,1083,3680,512,5275,30,220,0,250,3066,621,3937,4,13,0,17,1256,455,1728,14342,4528,333,19203,39653,5910,64766,82,427,0,509,8801,1324,10634,607,506,18,1131,9867,1164,12162,7373,712,112,8197,15690,2293,26180,10596,437,195,11228,9184,1735,22147,5208,778,110,6096,13433,1652,21181,832,1790,22,2644,11805,1200,15649,194,1623,10,1827,7658,1029,10514,59,454,3,516,5605,1079,7200,4,27,0,31
CED147,20,105,0,125,2392,461,2978,35,100,0,135,3752,721,4608,1245,403,11,1659,13452,2614,17725,4489,297,95,4881,7600,1707,14188,2846,169,91,3106,5636,1162,9904,571,458,20,1049,5923,890,7862,106,722,3,831,3550,718,5099,11,232,0,243,2103,477,2823,3,13,0,16,952,285,1253,9326,2499,220,12045,45360,9035,66440,18,179,0,197,2354,417,2968,62,266,4,332,4204,696,5232,2101,856,72,3029,13227,2206,18462,5692,544,307,6543,5297,1410,13250,2648,437,141,3226,5204,999,9429,231,1313,6,1550,5658,830,8038,59,1319,9,1387,3297,692,5376,20,297,0,317,2585,669,3571,4,29,0,33,1919,586,2538,10835,5240,539,16614,43745,8505,68864,38,284,0,322,4746,878,5946,97,366,4,467,7956,1417,9840,3346,1259,83,4688,26679,4820,36187,10181,841,402,11424,12897,3117,27438,5494,606,232,6332,10840,2161,19333,802,1771,26,2599,11581,1720,15900,165,2041,12,2218,6847,1410,10475,31,529,0,560,4688,1146,6394,7,42,0,49
CED148,53,185,3,241,4946,766,5953,226,208,4,438,4328,447,5213,2801,282,48,3131,6181,713,10025,4895,180,78,5153,4481,632,10266,2479,337,46,2862,6741,680,10283,345,718,14,1077,6009,564,7650,66,414,3,483,2897,409,3789,13,79,0,92,1282,290,1664,0,7,0,7,328,118,453,10878,2410,196,13484,37193,4619,55296,82,368,6,456,4485,664,5605,672,399,20,1091,3809,389,5289,5166,454,182,5802,4624,706,11132,6297,324,206,6827,3692,648,11167,1938,1026,73,3037,6853,653,10543,160,1676,18,1854,5320,539,7713,45,610,8,663,2747,429,3839,13,112,0,125,1698,449,2272,3,3,0,6,615,332,953,14376,4972,513,19861,33843,4809,58513,135,553,9,697,9431,1430,11558,898,607,24,1529,8137,836,10502,7967,736,230,8933,10805,1419,21157,11192,504,284,11980,8173,1280,21433,4417,1363,119,5899,13594,1333,20826,505,2394,32,2931,11329,1103,15363,111,1024,11,1146,5644,838,7628,26,191,0,217,2980,739,3936,3,10,0,13
CED194,6,10,0,16,295,76,387,30,23,0,53,513,138,704,177,47,10,234,879,384,1497,240,30,8,278,662,431,1371,92,32,0,124,641,454,1219,10,42,0,52,617,292,961,5,34,0,39,439,145,623,0,4,0,4,98,43,145,0,0,0,0,26,24,50,560,222,18,800,4170,1987,6957,16,24,0,40,266,67,373,69,38,5,112,412,85,609,229,67,5,301,679,181,1161,180,33,11,224,349,159,732,51,53,3,107,448,119,674,9,78,0,87,540,91,718,0,36,0,36,245,65,346,0,0,0,0,57,39,96,0,0,0,0,44,28,72,554,329,24,907,3040,834,4781,22,34,0,56,561,143,760,99,61,5,165,925,223,1313,406,114,15,535,1558,565,2658,420,63,19,502,1011,590,2103,143,85,3,231,1089,573,1893,19,120,0,139,1157,383,1679,5,70,0,75,684,210,969,0,4,0,4,155,82,241,0,0,0,0
CED197,0,0,0,0,0,0,0,0,0,0,0,3,0,3,0,0,0,0,3,0,3,3,0,0,3,4,0,7,0,0,0,0,6,3,9,0,0,0,0,9,0,9,0,0,0,0,8,5,13,0,0,0,0,8,3,11,0,0,0,0,0,0,0,3,0,0,3,41,11,55,0,0,0,0,0,0,0,0,0,0,0,0,0,0,0,0,0,0,0,0,0,3,0,0,3,0,0,3,0,0,0,0,3,0,3,0,0,0,0,18,0,18,0,0,0,0,15,0,15,0,0,0,0,12,4,16,0,0,0,0,0,0,0,3,0,0,3,48,4,55,0,0,0,0,0,0,0,0,0,0,0,3,0,3,0,0,0,0,3,0,3,6,0,0,6,4,0,10,0,0,0,0,9,3,12,0,0,0,0,27,0,27,0,0,0,0,23,5,28,0,0,0,0,20,7,27,0,0,0,0
