UCL_CODE_2021,P_FoodHospPersServ_Occ_Mng,P_FoodHospPersServ_Occ_Pro,P_FoodHospPersServ_Occ_TTW,P_FoodHospPersServ_Occ_CPS,P_FoodHospPersServ_Occ_CA,P_FoodHospPersServ_Occ_Sal,P_FoodHospPersServ_Occ_MOD,P_FoodHospPersServ_Occ_Lab,P_FoodHospPersServ_Occ_IDNS,P_FoodHospPersServ_Total,P_MixFieldProg_Occ_Mng,P_MixFieldProg_Occ_Pro,P_MixFieldProg_Occ_TTW,P_MixFieldProg_Occ_CPS,P_MixFieldProg_Occ_CA,P_MixFieldProg_Occ_Sal,P_MixFieldProg_Occ_MOD,P_MixFieldProg_Occ_Lab,P_MixFieldProg_Occ_IDNS,P_MixFieldProg_Total,P_FS_ID_Occ_Mng,P_FS_ID_Occ_Pro,P_FS_ID_Occ_TTW,P_FS_ID_Occ_CPS,P_FS_ID_Occ_CA,P_FS_ID_Occ_Sal,P_FS_ID_Occ_MOD,P_FS_ID_Occ_Lab,P_FS_ID_Occ_IDNS,P_FS_ID_Total,P_FS_NS_Occ_Mng,P_FS_NS_Occ_Pro,P_FS_NS_Occ_TTW,P_FS_NS_Occ_CPS,P_FS_NS_Occ_CA,P_FS_NS_Occ_Sal,P_FS_NS_Occ_MOD,P_FS_NS_Occ_Lab,P_FS_NS_Occ_IDNS,P_FS_NS_Total,P_Tot_Occ_Mng,P_Tot_Occ_Pro,P_Tot_Occ_TTW,P_Tot_Occ_CPS,P_Tot_Occ_CA,P_Tot_Occ_Sal,P_Tot_Occ_MOD,P_Tot_Occ_Lab,P_Tot_Occ_IDNS,P_Total_Total
UCL101001,8056,2587,16482,8506,8384,5449,3658,5063,754,58936,142,193,171,176,237,174,169,313,47,1618,4598,6509,2096,2351,3932,1755,1941,1492,824,25495,3690,4593,3823,2881,4139,2265,2645,2972,7761,34776,283106,621105,166911,142456,215057,90950,57598,64800,29552,1671544
UCL102001,80,37,216,92,154,53,29,61,7,738,3,0,0,0,4,0,0,0,0,13,66,74,20,39,37,13,17,12,12,297,37,43,49,37,51,12,14,21,63,331,2615,3917,1996,1570,2228,627,491,640,302,14383
UCL102002,630,212,1581,947,714,555,301,545,54,5546,15,14,10,17,12,10,5,17,4,97,158,254,171,142,180,74,96,110,45,1247,229,228,352,289,289,186,208,242,374,2377,12912,26656,15631,13510,12299,5356,3680,5318,1410,96767
UCL102003,158,39,442,244,143,130,41,158,16,1371,0,0,3,7,3,0,0,3,0,17,22,48,25,30,24,16,8,21,10,196,60,51,97,69,56,38,42,82,86,582,2329,4865,3110,2710,2002,1077,591,1234,320,18240
UCL102004,597,210,1999,1096,770,547,279,533,56,6088,4,10,8,13,21,15,5,13,0,90,189,318,182,173,204,81,129,108,42,1425,237,251,414,309,247,189,206,272,407,2522,15120,40908,18411,14964,14431,5520,4593,5161,1507,120609
UCL102005,499,136,1300,808,587,383,261,441,46,4467,6,4,0,12,6,9,6,5,3,66,155,237,137,135,156,49,109,97,38,1121,158,163,286,230,203,125,185,234,321,1894,11164,27145,14682,12242,11044,4319,4321,4638,1309,90862
UCL111001,129,26,392,220,126,94,80,107,8,1188,5,4,0,8,4,9,4,6,0,33,31,37,30,36,18,10,28,32,6,225,41,31,78,51,29,25,38,72,65,424,2145,4675,2833,2527,1993,916,818,987,243,17133
UCL111002,123,25,353,218,119,121,34,131,13,1139,0,0,3,0,0,3,0,6,0,23,21,34,19,23,19,11,12,31,9,178,45,36,64,57,44,33,17,74,65,439,1740,4178,2128,2307,1855,959,424,1014,200,14811
UCL111003,160,52,555,371,222,194,145,183,19,1903,0,7,0,3,0,7,6,7,0,28,37,35,52,41,40,17,58,29,9,339,53,44,95,88,64,35,97,112,115,712,3168,6635,5477,4227,3552,1475,1920,1580,400,28431
UCL112001,33,8,135,44,22,37,6,37,0,328,0,0,0,0,0,0,0,0,0,9,12,26,3,13,12,3,3,7,0,86,12,20,25,17,17,3,10,15,21,133,813,2247,798,883,723,299,168,474,80,6490
UCL112002,62,15,239,136,68,48,47,72,13,700,0,0,6,12,3,3,0,0,0,32,15,11,10,14,20,9,11,12,6,111,24,17,45,46,24,27,22,35,40,271,1322,3045,1854,1848,1332,618,484,696,165,11366
UCL112003,59,11,147,96,57,42,18,47,0,478,0,0,0,0,0,0,0,4,0,11,23,72,20,18,24,10,8,14,10,201,11,38,22,17,37,15,10,14,32,205,1443,3757,1292,1322,1098,467,281,474,141,10275
UCL112004,60,10,131,69,56,35,16,42,3,424,0,3,0,0,0,0,0,0,0,5,31,37,15,12,19,9,5,14,3,144,25,21,24,15,27,21,13,19,22,180,1320,2435,1099,796,780,460,205,391,95,7579
UCL112005,47,15,163,112,43,37,47,63,4,538,0,0,0,0,0,6,0,0,0,10,3,4,13,10,4,0,12,16,8,63,11,17,23,20,16,12,25,25,23,166,498,802,1134,940,536,330,512,429,72,5265
UCL112006,83,30,215,151,98,75,26,84,10,764,0,5,8,8,0,5,0,4,0,26,11,16,18,23,24,4,12,23,3,144,22,44,47,56,36,29,33,51,72,385,1395,3353,1893,2111,1521,744,501,782,206,12498
UCL112007,12,6,50,23,20,8,4,13,3,140,0,0,0,0,0,0,0,0,0,0,6,3,4,0,6,0,0,0,0,26,6,0,13,5,6,3,12,7,6,53,267,471,353,253,195,84,61,121,26,1830
UCL112008,42,7,147,86,25,40,6,47,7,402,0,0,0,0,0,0,0,4,0,4,3,8,6,8,4,3,0,10,0,45,20,19,22,39,18,25,5,27,29,203,478,1134,729,849,495,302,111,316,73,4486
UCL112009,45,17,151,101,38,49,27,53,3,481,0,0,0,0,4,5,0,7,0,20,18,17,15,9,10,4,13,5,0,91,16,20,33,27,6,11,21,42,37,212,775,1496,1153,1269,750,366,373,476,124,6786
UCL112010,32,7,116,63,36,20,15,61,6,364,0,0,0,0,0,0,4,10,0,11,9,7,16,13,7,3,13,49,3,121,16,16,35,25,24,15,19,71,55,269,784,1369,1046,711,661,329,280,787,136,6091
UCL112011,42,11,130,78,36,37,31,42,3,402,0,0,0,0,0,0,0,0,0,3,4,0,11,6,10,0,9,5,0,57,15,7,31,27,21,11,32,26,26,189,412,829,1265,902,711,314,510,399,78,5425
UCL112012,45,5,161,91,45,51,23,79,4,505,0,4,0,0,0,0,0,0,0,11,11,15,13,16,17,4,9,16,0,99,22,23,34,30,20,19,15,35,35,226,772,2335,1175,1382,987,468,287,660,112,8182
UCL112013,8,0,10,9,9,8,5,4,0,50,0,0,0,0,0,0,0,0,0,0,0,3,7,4,4,0,0,3,0,17,0,0,8,3,4,8,3,9,3,34,120,181,124,117,91,43,30,51,10,763
UCL112014,34,9,115,68,43,38,31,43,8,386,0,0,0,0,0,0,0,0,0,6,8,18,5,14,9,6,6,11,4,76,9,8,26,21,14,8,22,12,28,148,721,1604,1155,901,730,315,315,380,113,6243
UCL112015,74,19,210,139,47,69,36,81,4,682,0,0,3,3,0,3,0,0,0,11,18,17,15,27,12,5,12,16,7,133,24,21,43,50,29,36,27,32,38,296,921,1958,1644,1689,929,571,348,680,124,8879
UCL112016,91,29,276,144,95,70,52,91,12,861,3,0,4,5,4,0,0,5,0,19,23,31,25,24,19,10,12,9,4,150,22,41,35,28,38,34,36,55,46,341,1497,4000,2125,1780,1571,596,618,707,162,13055
UCL112017,119,35,319,166,111,89,34,106,14,1005,3,3,0,8,6,0,0,6,0,15,23,31,25,25,21,15,16,10,9,180,35,33,41,48,43,44,18,35,64,355,1738,4452,2046,2167,1734,812,339,753,199,14239
UCL112018,72,19,201,132,68,64,39,104,12,709,0,4,0,5,0,5,0,8,0,20,9,22,16,13,12,3,12,23,0,109,22,15,33,38,35,35,29,81,38,324,979,2567,1500,1496,1075,555,435,971,122,9705
UCL112019,112,25,288,202,101,96,41,121,8,999,5,4,6,5,4,9,0,14,0,43,32,31,24,27,27,16,10,22,6,207,27,28,57,52,35,28,39,61,65,392,1891,4637,2555,2252,1841,836,563,957,220,15753
UCL113001,52,4,139,83,24,40,10,37,0,408,0,0,0,0,0,0,0,0,0,8,3,8,9,6,12,8,4,6,0,59,7,13,27,19,19,16,10,25,23,158,580,1393,802,839,551,323,142,344,53,5035
UCL113002,28,10,80,46,28,21,14,35,6,264,0,0,0,0,0,0,0,0,0,3,3,4,9,0,3,4,4,0,3,32,13,10,10,19,15,15,5,20,11,117,339,514,486,468,335,224,99,248,45,2759
UCL113003,24,10,103,61,26,22,7,19,0,271,0,0,0,0,0,0,3,0,0,7,9,9,7,4,4,6,8,3,0,51,17,9,28,20,10,10,18,28,27,166,454,1073,859,791,452,172,300,214,78,4402
UCL113004,41,7,141,40,17,21,9,22,5,307,0,0,0,0,0,0,0,0,0,0,16,11,5,8,10,3,4,9,0,68,17,15,22,14,0,9,0,18,32,128,722,1202,566,548,275,248,73,283,104,4024
UCL113005,20,10,90,69,27,29,17,30,0,285,0,0,0,0,0,0,0,0,0,0,5,8,5,5,4,6,7,6,0,48,15,5,16,33,11,7,13,32,24,147,372,914,568,874,507,254,177,332,55,4039
UCL113006,16,4,35,36,10,15,7,17,0,143,0,0,0,0,0,0,0,0,0,3,0,0,4,5,0,5,3,7,0,26,3,9,8,28,4,15,11,24,18,121,181,404,249,503,203,138,87,175,41,1965
UCL113007,26,14,71,41,28,17,10,21,3,237,0,0,0,0,0,0,0,3,0,5,12,29,6,7,6,0,6,3,0,62,5,18,20,6,12,12,10,11,11,102,784,1747,759,553,529,202,158,162,72,4972
UCL113008,20,3,58,33,39,14,19,32,3,226,0,0,0,0,0,0,0,0,0,9,5,3,4,4,4,0,4,0,0,33,5,0,10,16,11,11,16,6,16,87,264,509,526,430,337,137,242,198,39,2672
UCL113009,27,5,48,38,31,17,15,11,6,192,0,0,0,0,0,0,0,0,0,0,10,3,13,5,3,0,7,6,4,53,11,5,20,6,9,3,8,3,19,85,415,723,742,496,456,165,168,155,74,3389
UCL113010,30,4,79,50,21,21,34,29,3,272,0,0,0,0,0,0,0,0,0,0,8,4,9,0,0,3,10,7,3,48,6,0,15,14,7,15,17,14,17,101,380,808,789,463,349,196,398,249,46,3673
UCL113011,9,0,51,31,18,21,33,19,0,186,0,0,0,0,0,0,0,0,0,3,5,0,20,3,0,0,9,3,4,53,0,10,18,8,4,9,25,15,24,112,209,457,798,348,309,142,440,220,50,2971
UCL113012,47,8,119,64,17,31,13,38,6,337,0,0,0,0,0,0,0,0,0,3,10,7,8,4,8,0,7,3,4,50,13,19,23,18,10,10,9,11,15,123,598,968,703,571,447,220,132,237,65,3936
UCL113013,19,6,91,57,31,25,18,34,3,288,0,0,0,0,0,0,0,0,0,0,4,3,3,6,11,4,12,9,3,53,6,9,16,12,9,14,23,30,20,133,331,558,694,602,470,207,248,272,51,3442
UCL113014,28,6,82,58,15,30,47,30,0,297,0,0,0,0,0,0,0,0,0,0,4,3,8,4,3,5,16,9,9,63,12,3,16,10,12,9,34,16,19,142,427,769,1003,558,512,200,643,239,63,4412
UCL113015,24,6,74,47,17,24,5,26,4,225,0,0,0,0,0,0,0,0,0,0,4,11,3,7,6,0,4,3,0,39,10,4,15,14,4,12,7,15,16,101,285,465,522,497,280,158,95,207,45,2556
UCL113016,30,6,96,63,16,22,6,47,3,285,0,0,0,0,0,0,0,3,0,7,6,9,7,15,4,0,4,3,5,41,13,10,17,29,17,22,20,28,21,168,346,884,571,805,367,264,147,342,58,3775
UCL113017,43,0,117,58,24,28,8,38,7,317,0,0,0,0,0,3,0,0,0,5,6,5,4,9,0,0,0,9,0,38,13,5,18,16,12,14,4,19,11,121,517,874,722,534,370,271,89,272,58,3703
UCL113018,12,0,16,6,12,3,0,8,0,54,0,0,0,0,0,0,0,0,0,0,0,0,0,0,0,0,0,0,0,3,4,3,5,6,3,0,3,4,7,37,79,113,149,74,64,33,30,39,14,588
UCL114001,15,0,31,25,6,10,0,10,0,92,0,0,0,0,0,0,0,0,0,0,0,3,3,7,3,6,0,3,0,24,3,4,4,0,7,4,3,3,8,41,173,432,234,248,181,69,42,96,18,1492
UCL114002,11,4,59,18,9,6,9,17,0,132,0,0,0,0,0,0,0,0,0,0,3,0,0,3,0,0,0,0,0,13,7,4,11,7,4,7,5,14,8,70,162,334,287,271,126,93,64,116,26,1481
UCL114003,13,6,51,35,14,15,4,31,0,166,0,0,0,0,0,0,0,4,0,4,0,0,7,3,4,3,3,10,0,28,4,5,8,15,3,13,10,31,8,96,179,294,315,376,233,129,102,287,18,1947
UCL114004,14,3,34,14,15,12,8,9,0,117,0,0,0,0,0,0,0,0,0,3,12,4,4,4,4,0,0,0,0,32,9,0,12,4,6,4,8,11,7,66,267,508,313,280,229,111,100,98,36,1938
UCL114005,14,6,31,10,6,7,3,3,4,83,0,0,0,0,0,0,0,0,0,0,3,0,0,0,0,0,8,0,0,17,0,5,9,8,3,9,8,15,10,69,125,259,205,231,131,70,92,103,23,1232
UCL114006,12,0,30,21,12,10,4,21,0,118,0,0,0,0,0,0,0,0,0,0,3,0,3,0,0,0,0,7,0,17,0,4,11,6,3,0,7,13,4,46,167,259,261,198,131,78,81,178,18,1378
UCL114007,23,3,40,33,12,12,3,19,0,148,0,0,0,0,0,0,0,0,0,3,3,0,3,0,6,0,0,4,0,10,9,7,17,10,9,12,10,22,19,113,252,378,309,342,219,123,79,165,32,1890
UCL114008,13,5,35,21,7,8,9,12,0,106,0,0,0,0,0,0,0,0,0,8,8,6,0,0,4,0,0,0,0,24,9,3,21,12,6,7,9,8,9,76,213,391,289,287,190,89,91,112,37,1697
UCL114009,10,9,32,33,11,15,7,8,0,121,0,0,0,0,0,6,0,0,0,10,0,9,6,8,0,0,0,0,0,30,5,9,8,10,8,0,5,8,7,70,266,923,398,445,258,151,79,115,19,2654
UCL114010,15,0,35,24,15,17,11,14,3,129,0,0,0,0,0,0,0,0,0,0,0,0,5,6,3,0,0,4,0,24,14,4,15,18,7,3,6,11,11,90,239,432,321,257,179,89,107,127,29,1794
UCL114011,4,3,27,7,5,10,0,15,0,78,0,0,0,0,0,0,0,0,0,3,4,3,0,0,0,3,0,0,0,10,3,0,6,5,3,8,6,14,4,53,112,220,168,190,134,84,48,113,22,1093
UCL114012,20,8,37,17,28,6,0,3,0,126,0,0,0,0,0,0,0,0,0,0,19,29,4,3,7,0,3,3,0,64,3,0,7,10,6,7,7,3,9,54,630,900,333,254,427,96,47,45,54,2789
UCL114013,11,0,35,29,14,17,24,21,3,163,0,0,0,0,0,0,0,0,0,0,3,0,3,3,0,0,0,8,0,21,4,6,12,7,5,3,13,14,14,80,250,467,404,316,214,102,259,157,41,2210
UCL114014,11,3,31,16,13,12,5,10,0,108,0,0,0,0,0,0,0,0,0,0,0,7,0,3,0,0,0,0,0,20,3,9,9,6,5,4,3,0,10,55,348,741,458,314,307,127,102,96,36,2529
UCL114015,3,4,43,31,7,21,7,20,0,133,0,0,0,0,0,0,0,0,0,7,3,5,0,0,0,0,8,12,0,27,9,0,8,11,11,13,5,31,4,91,215,472,361,411,199,159,87,258,33,2198
UCL114016,11,0,32,30,11,11,11,20,0,119,4,0,0,0,0,0,0,0,0,0,3,3,6,0,0,0,3,6,0,29,7,3,9,4,6,3,8,18,10,70,243,430,369,264,224,82,120,194,40,1963
UCL114017,30,4,60,19,15,15,0,5,0,154,0,0,0,0,0,0,0,0,0,0,5,7,3,4,4,3,0,10,0,35,14,6,18,7,7,8,4,5,10,78,513,1121,418,299,279,163,58,107,38,2990
UCL114018,26,9,74,38,22,21,5,15,0,218,0,0,0,0,0,0,0,0,0,0,12,0,5,6,4,0,0,0,0,34,9,4,9,6,4,9,8,6,0,61,332,633,402,323,256,188,69,145,25,2380
UCL114019,13,6,26,21,13,9,7,10,0,101,0,0,0,0,0,0,0,3,0,4,3,4,0,3,0,0,5,0,6,19,7,11,9,7,14,12,15,18,7,98,205,438,269,247,200,87,101,122,31,1690
UCL114020,17,7,87,32,19,11,13,26,8,208,0,0,0,0,0,0,0,0,0,0,6,3,0,3,9,10,0,6,0,41,4,0,5,3,9,9,16,7,4,59,382,733,556,313,306,163,136,196,34,2817
UCL114021,20,3,68,34,16,20,9,20,0,191,0,0,0,0,0,0,0,0,0,3,6,4,9,3,3,0,0,3,0,36,8,4,11,11,4,6,6,9,15,73,264,608,467,449,274,154,135,219,33,2600
UCL114022,5,3,35,25,12,10,4,18,0,111,0,0,0,0,0,0,0,0,0,0,0,0,0,0,3,0,0,3,0,13,7,3,6,11,5,0,5,11,13,70,123,287,201,237,131,76,46,118,21,1240
UCL114023,8,0,29,8,8,7,11,14,0,89,0,0,0,0,0,0,0,0,0,0,5,3,5,5,0,0,0,6,0,16,5,4,14,8,6,6,13,8,8,79,168,372,271,194,162,81,149,97,21,1508
UCL114024,24,5,51,21,20,12,8,23,0,169,0,0,0,0,0,0,0,0,0,5,5,9,5,4,3,0,9,3,0,37,5,10,17,10,8,3,10,12,3,85,312,626,456,353,319,126,240,157,24,2611
UCL114025,25,4,52,31,14,8,3,7,0,137,0,0,0,0,0,0,0,0,0,0,7,7,10,3,0,0,0,5,0,39,0,8,7,12,4,4,6,6,6,54,298,673,391,313,240,82,43,116,34,2187
UCL114026,7,0,33,17,15,12,0,8,0,97,0,0,0,0,0,0,0,0,0,0,6,9,5,3,7,0,0,3,5,39,0,0,6,3,5,4,0,3,10,43,197,426,332,243,224,95,77,92,38,1728
UCL114027,12,3,45,21,7,12,9,7,6,115,0,0,0,0,0,0,0,0,0,0,4,0,4,0,4,0,0,0,0,14,7,4,9,4,0,8,0,3,3,41,195,298,270,193,168,102,53,83,26,1380
UCL114028,7,4,27,17,11,9,12,12,0,98,0,0,0,0,0,0,0,8,0,8,4,3,0,4,5,0,4,3,0,16,4,3,8,0,0,0,9,12,6,44,149,325,314,165,150,72,164,175,16,1521
UCL114029,11,4,16,13,20,8,5,6,0,84,0,0,0,0,0,0,0,0,0,0,0,3,5,4,8,0,0,3,0,31,4,0,11,8,6,0,5,3,11,47,258,342,407,206,289,85,136,90,25,1836
UCL114030,18,0,31,22,7,10,3,22,0,113,0,0,0,0,0,0,0,0,0,0,0,4,0,0,0,0,0,5,0,10,8,0,7,0,0,3,3,9,7,50,160,280,196,212,133,81,39,112,19,1238
UCL114031,14,3,28,20,22,14,9,16,3,133,0,0,0,0,0,0,0,0,0,0,0,0,4,4,0,4,11,5,0,25,3,3,5,5,8,4,11,6,3,52,197,298,392,306,223,109,104,131,30,1794
UCL114032,9,5,22,13,22,3,9,12,0,95,0,0,0,0,0,0,0,0,0,3,0,0,3,0,0,0,4,0,0,14,4,8,0,0,4,3,4,4,5,32,155,279,320,201,206,80,110,118,23,1487
UCL114033,15,0,26,19,10,12,10,20,0,126,0,0,0,0,0,0,0,4,0,3,0,3,5,0,0,0,5,0,0,14,4,4,12,0,3,3,7,7,11,57,200,377,340,251,161,80,121,156,29,1718
UCL114034,13,11,53,43,27,22,0,25,0,187,0,0,0,3,0,0,0,0,0,3,4,0,0,0,0,0,0,0,0,10,0,7,9,14,8,4,14,16,12,81,180,337,393,404,266,135,104,158,30,2007
UCL114035,12,6,29,30,12,12,0,21,0,124,0,0,0,0,0,0,0,0,0,0,7,3,3,0,4,0,0,8,0,27,8,5,6,13,3,3,6,19,10,64,234,340,212,230,145,74,54,207,14,1508
UCL114036,9,4,49,28,15,8,0,16,0,132,0,0,0,0,0,0,0,0,0,0,3,0,0,4,5,0,3,0,0,16,8,5,9,3,6,4,3,6,12,57,209,416,237,215,162,88,35,131,23,1517
UCL114037,8,6,35,18,15,8,0,11,0,110,0,0,0,0,0,0,0,0,0,0,3,4,3,8,4,3,0,0,0,30,5,10,7,4,5,6,6,7,11,68,241,454,342,298,258,81,59,98,34,1872
UCL114038,10,5,45,36,14,17,8,16,0,147,0,0,0,0,0,0,0,0,0,0,3,0,0,7,0,0,0,4,0,13,4,7,9,9,9,6,4,11,8,64,200,390,330,313,198,127,61,167,30,1809
UCL115001,5,0,10,5,0,4,4,4,0,34,0,0,0,0,0,0,0,0,0,0,0,0,0,0,0,0,6,4,0,13,0,0,6,0,0,0,5,0,0,9,32,62,143,57,47,15,73,49,4,472
UCL115002,3,4,26,20,12,7,6,11,0,93,0,0,0,0,0,0,0,0,0,0,4,6,3,0,3,0,0,0,3,29,5,4,5,0,0,0,4,0,12,28,177,320,302,196,158,85,55,91,25,1418
UCL115003,6,0,19,6,4,4,6,3,0,57,0,0,0,0,0,0,0,0,0,0,0,3,0,0,0,0,3,0,0,8,0,0,4,4,6,0,0,5,9,25,124,202,202,107,134,41,60,50,18,941
UCL115004,4,0,9,6,0,0,0,3,0,27,0,0,0,0,0,0,0,0,0,0,0,0,0,4,3,0,0,0,0,5,0,0,0,0,0,0,0,25,0,19,73,128,62,71,47,22,14,78,4,514
UCL115005,8,0,6,0,3,5,0,5,0,29,0,0,0,0,0,0,0,0,0,0,0,0,0,0,0,0,0,0,0,0,3,0,3,0,0,0,0,0,0,9,31,46,38,39,20,7,13,23,0,233
UCL115006,9,0,10,7,4,0,0,3,0,37,0,0,0,0,0,0,0,0,0,0,7,4,0,0,0,4,0,4,0,15,3,6,4,0,0,0,0,0,4,20,139,327,84,63,70,46,10,38,10,800
UCL115007,6,0,9,4,4,7,8,12,3,59,0,0,0,0,0,0,0,0,0,0,3,0,0,0,0,0,3,0,0,13,0,4,4,0,6,0,4,6,9,31,121,183,217,119,120,52,93,67,26,999
UCL115008,0,0,5,0,0,0,0,5,0,14,0,0,0,0,0,0,0,0,0,0,0,0,0,0,0,0,0,3,0,5,0,0,6,3,0,0,0,3,0,8,28,62,44,29,24,10,17,28,6,238
UCL115009,8,0,13,7,3,4,4,8,0,51,0,0,0,0,0,0,0,3,0,3,0,0,0,0,0,0,0,0,0,7,5,0,3,5,0,0,0,5,0,20,81,89,85,68,54,20,21,52,8,475
UCL115010,4,0,6,4,0,0,0,5,0,16,0,0,0,0,0,0,0,0,0,0,0,0,0,0,0,0,0,0,0,4,3,0,0,0,0,0,0,3,0,6,23,35,25,29,8,13,11,16,0,168
UCL115011,0,0,13,0,6,0,5,8,0,31,0,0,0,0,0,0,0,0,0,0,0,0,0,8,0,0,3,0,0,9,3,0,0,0,0,0,0,0,4,5,51,96,83,74,50,31,28,33,4,439
UCL115012,0,0,4,0,0,0,0,5,0,15,0,0,0,0,0,0,0,0,0,0,0,0,0,0,0,0,0,0,0,3,0,0,0,0,0,0,0,9,0,15,27,25,18,42,23,9,20,46,0,199
UCL115013,9,0,28,9,8,8,8,20,0,79,0,0,0,0,0,0,0,0,0,3,0,3,0,6,0,0,0,0,0,14,0,5,9,8,5,4,3,7,5,35,78,279,176,185,101,57,40,125,8,1062
UCL115014,5,0,18,12,3,13,0,5,0,64,0,0,0,0,0,0,0,0,0,0,0,3,0,5,0,0,0,0,0,16,0,7,0,0,3,0,0,4,0,19,109,372,107,161,101,44,20,54,13,984
UCL115015,0,0,12,3,3,4,0,6,0,31,0,0,0,0,0,0,0,0,0,0,6,0,0,0,0,0,0,0,0,9,0,0,4,4,0,0,0,4,6,19,70,84,94,73,35,33,10,44,16,450
UCL115016,4,0,3,5,0,0,0,0,0,18,0,0,0,0,0,0,0,0,0,0,0,0,0,0,0,0,3,0,0,6,0,0,0,4,0,0,0,0,0,11,37,68,65,44,47,21,15,30,11,346
UCL115017,11,4,11,4,4,3,0,0,0,34,0,0,0,0,0,0,0,0,0,0,0,4,0,0,0,0,0,0,0,6,3,3,6,0,3,0,0,0,0,19,129,260,92,62,67,37,12,21,8,682
UCL115018,3,0,3,3,0,0,0,0,0,7,0,0,0,0,0,0,0,0,0,0,0,0,0,0,0,0,0,3,0,4,0,0,0,3,0,0,0,0,0,11,24,28,24,40,21,12,12,18,0,162
UCL115019,8,5,19,13,7,0,5,4,0,66,0,0,0,0,0,0,0,0,0,0,0,9,3,0,0,0,0,0,0,21,3,4,0,0,4,3,0,0,7,26,204,574,192,172,153,62,41,73,22,1489
UCL115020,3,0,19,17,5,3,6,7,0,66,0,0,0,0,0,0,0,0,0,0,0,0,0,0,0,0,0,0,0,4,0,0,9,5,0,5,5,5,6,28,62,128,158,135,89,42,84,80,13,788
UCL115021,4,0,3,4,4,0,0,4,0,22,0,0,0,0,0,0,0,0,0,0,0,0,0,0,0,0,0,0,0,0,0,0,0,0,0,0,6,0,0,11,44,55,35,39,34,11,37,27,5,280
UCL115022,9,4,16,12,12,8,0,5,0,70,0,0,0,0,3,0,0,0,0,4,0,0,0,0,0,0,0,0,0,6,0,0,6,4,4,0,6,10,4,29,110,254,132,149,98,55,24,51,9,895
UCL115023,0,0,3,6,0,3,0,3,0,18,0,0,0,0,0,0,0,0,0,0,0,0,0,0,0,0,0,0,0,4,0,0,3,0,3,3,6,0,3,23,47,62,59,48,38,17,17,28,3,322
UCL115024,3,0,10,0,4,0,0,0,0,15,0,0,0,0,0,0,0,0,0,5,5,0,0,0,0,0,0,0,0,8,0,9,0,0,0,0,0,0,6,21,42,112,51,86,34,12,11,19,12,378
UCL115025,5,0,11,8,6,0,0,0,0,27,0,0,0,0,0,0,0,0,0,0,0,0,0,0,0,0,0,6,0,10,0,0,5,0,9,3,3,0,3,23,78,160,131,76,63,28,29,24,7,588
UCL115026,0,0,15,0,0,0,3,3,0,29,0,0,0,0,0,0,0,0,0,0,3,0,0,4,0,5,0,0,0,14,0,0,3,0,0,0,0,0,0,5,63,115,77,39,48,15,27,29,6,415
UCL115027,14,5,17,7,7,7,10,4,0,69,0,0,0,0,0,0,0,0,0,0,0,0,0,0,0,0,4,0,0,10,0,0,5,0,6,0,0,4,3,19,94,154,255,114,111,36,126,49,18,956
UCL115028,5,0,10,4,8,10,0,3,6,42,0,0,0,0,0,0,0,0,0,0,0,3,0,7,0,0,0,0,0,14,8,4,5,5,0,4,0,4,0,24,119,271,121,101,83,30,17,43,14,805
UCL115029,3,0,15,3,0,5,4,4,0,35,0,0,0,0,0,0,0,0,0,0,0,0,5,3,0,0,0,0,0,6,0,4,4,5,0,0,0,0,0,18,82,157,83,77,47,44,12,36,11,543
UCL115030,0,0,9,4,0,0,5,4,0,20,0,0,0,0,0,0,0,0,0,0,0,0,0,0,0,0,0,0,0,4,0,0,0,0,0,3,0,3,0,10,9,33,34,31,21,13,20,25,3,199
UCL115031,8,3,15,7,6,3,0,3,0,46,0,0,0,0,0,0,0,0,0,0,0,7,3,3,0,0,0,0,0,15,8,0,0,3,0,3,0,0,4,28,112,218,140,85,90,36,23,35,19,761
UCL115032,6,0,11,0,4,3,0,3,0,27,0,0,0,0,0,0,0,0,0,0,0,0,0,0,0,0,0,0,0,9,5,3,0,0,4,0,0,0,0,11,130,252,101,72,81,31,13,35,9,717
UCL115033,10,0,26,13,26,4,0,6,0,80,0,0,0,0,0,0,0,0,0,0,11,4,0,6,8,0,0,0,0,31,0,3,3,3,0,0,6,0,8,29,347,499,250,147,223,45,41,38,30,1621
UCL115034,0,0,12,3,4,9,4,4,0,43,0,0,0,0,0,0,0,0,0,0,0,0,0,0,0,0,0,0,0,0,3,4,0,0,0,0,0,0,6,22,62,95,136,66,69,30,44,40,9,553
UCL115035,13,3,30,14,6,5,4,6,0,90,0,0,0,0,0,0,0,0,0,0,6,4,3,0,0,0,4,0,0,15,3,0,6,0,5,0,0,3,0,26,181,389,241,202,179,67,63,68,12,1399
UCL115036,0,0,15,6,5,4,0,8,0,42,0,0,0,0,0,0,0,0,0,0,6,7,0,0,0,0,0,0,0,13,4,0,3,0,0,3,0,0,3,20,133,234,143,126,90,49,26,59,8,864
UCL115037,0,0,6,4,3,3,0,4,0,20,0,0,0,0,0,0,0,0,0,0,0,6,0,0,3,0,0,0,0,4,0,0,0,0,0,0,0,0,0,9,72,156,56,60,59,25,13,18,5,458
UCL115038,3,0,3,5,0,0,5,6,0,17,0,0,0,0,0,0,0,0,0,0,0,0,0,0,5,0,0,0,0,8,0,0,3,0,0,0,0,8,4,16,37,75,59,55,30,18,19,32,3,326
UCL115039,4,0,11,5,9,0,13,6,0,55,0,0,0,0,0,0,0,0,0,0,0,3,0,0,0,0,4,0,0,8,6,5,14,0,3,0,14,0,0,46,98,180,239,85,97,32,114,52,14,909
UCL115040,0,0,11,4,3,4,0,10,0,29,0,0,0,0,0,0,0,0,0,0,4,0,0,4,0,0,4,3,0,11,0,6,0,0,0,0,6,0,0,8,73,92,119,93,67,30,34,48,9,555
UCL115041,4,0,9,6,0,0,0,5,0,32,0,0,0,0,0,0,0,0,0,0,0,0,0,0,0,0,3,0,0,10,4,4,4,6,6,4,6,7,5,43,77,110,101,101,54,32,66,25,6,566
UCL115042,4,4,6,9,3,0,3,0,0,28,0,0,0,0,0,0,0,0,0,0,0,0,0,0,0,0,0,0,0,0,6,0,3,0,4,0,0,0,3,18,76,124,66,93,62,23,27,25,8,494
UCL115043,8,0,9,4,3,6,0,7,0,34,0,0,0,0,0,0,0,0,0,0,0,0,0,0,0,0,0,0,0,7,0,0,0,3,0,4,4,4,0,23,54,114,49,90,53,35,28,58,8,480
UCL115044,0,0,5,0,0,0,0,7,0,16,0,0,0,0,0,0,0,0,0,0,0,0,0,4,0,0,0,0,0,6,4,0,4,5,0,3,3,4,8,27,53,109,58,79,61,16,16,41,15,448
UCL115045,0,0,6,3,0,4,0,0,0,16,0,0,0,0,0,0,0,0,0,0,0,0,0,0,0,0,0,0,0,3,0,0,3,0,0,0,0,0,4,10,17,33,43,49,22,6,10,30,8,228
UCL115046,6,0,3,6,5,3,0,5,0,26,0,0,0,0,0,0,0,0,0,0,3,0,0,0,0,0,0,0,0,7,0,7,3,3,3,4,0,5,7,32,70,136,84,87,58,32,8,47,8,528
UCL115047,0,0,14,6,3,3,0,4,0,37,0,0,0,0,0,0,0,0,0,0,0,0,0,0,0,0,0,0,0,5,4,0,0,0,0,4,4,0,5,21,48,102,94,80,46,34,19,41,6,481
UCL115048,10,0,14,12,3,0,4,5,0,54,0,0,0,0,0,0,0,0,0,0,0,0,0,0,3,0,0,0,0,9,0,3,3,3,0,0,0,0,0,16,114,266,170,155,110,57,32,49,9,960
UCL115049,0,0,7,0,0,0,0,0,0,13,0,0,0,0,0,0,0,0,0,0,0,0,0,0,0,0,0,0,0,0,0,0,0,0,0,0,0,4,0,9,23,60,51,38,23,12,21,22,5,249
UCL115050,12,0,26,8,9,8,0,11,0,61,0,0,0,0,0,0,0,0,0,0,0,0,0,0,0,0,0,0,3,6,0,3,4,0,4,0,0,4,0,16,96,204,127,99,111,50,24,38,8,763
UCL115051,4,0,18,3,4,3,0,0,0,37,0,0,0,0,0,0,0,0,0,0,0,3,0,0,0,0,0,0,0,5,0,0,0,3,0,0,0,4,0,13,52,125,93,85,52,28,16,34,6,480
UCL115052,0,0,10,3,0,4,6,3,0,31,0,0,0,0,0,0,0,0,0,0,0,0,0,0,0,0,3,3,0,9,0,0,0,5,3,0,5,6,0,20,40,57,124,66,28,27,74,24,3,445
UCL115053,0,0,4,0,3,4,0,4,0,17,0,0,0,0,0,0,0,0,0,0,0,3,0,0,0,0,0,0,0,3,0,0,0,0,0,0,0,0,5,8,25,56,38,34,32,16,10,24,5,233
UCL115054,0,0,5,0,4,4,4,0,0,18,0,0,0,0,0,0,0,0,0,0,0,0,0,0,0,0,0,0,0,0,0,0,0,0,4,0,4,0,0,9,53,79,84,45,50,15,21,12,7,363
UCL115055,4,0,17,7,6,3,4,8,0,42,0,0,0,0,0,0,0,0,0,0,0,0,0,0,0,0,0,0,0,8,8,0,3,9,3,0,5,3,0,32,59,97,113,92,47,34,36,51,3,533
UCL115056,13,0,25,11,7,6,4,8,0,78,0,0,0,0,0,0,0,0,0,0,0,0,0,0,0,0,0,5,0,10,0,5,4,9,3,0,3,8,3,33,77,111,130,132,70,35,42,83,11,689
UCL115057,8,4,21,8,9,10,0,6,0,62,0,0,0,0,0,0,0,0,0,0,0,0,0,0,0,0,0,0,0,5,4,0,0,0,0,3,0,3,6,24,96,199,96,124,83,39,29,62,12,746
UCL115058,3,0,8,3,0,0,0,0,0,22,0,0,0,0,0,0,0,0,0,0,0,0,0,0,0,0,0,0,0,9,0,0,4,3,0,0,0,4,3,15,44,82,58,59,27,18,14,14,6,323
UCL115059,6,0,15,3,3,0,0,4,0,26,0,0,0,0,0,0,0,0,0,0,0,0,0,0,0,0,0,0,0,3,3,0,0,0,0,0,0,0,0,15,40,81,69,87,50,11,27,33,0,402
UCL115060,3,0,22,15,4,6,0,9,0,57,0,0,0,0,0,0,0,0,0,0,4,0,5,0,0,0,0,0,0,9,0,0,7,0,0,0,7,0,12,30,70,154,236,227,80,42,43,38,30,921
UCL115061,0,0,7,4,3,0,0,5,0,22,0,0,0,0,0,0,0,0,0,0,0,0,0,0,0,6,0,0,0,6,0,0,4,0,0,0,0,0,0,11,25,55,38,51,27,14,7,15,0,235
UCL115062,4,0,3,3,8,6,0,0,0,24,0,0,0,0,0,0,0,0,0,0,0,4,4,0,0,0,0,6,0,8,0,0,0,0,3,0,0,0,0,9,78,111,101,58,54,24,23,26,8,481
UCL115063,0,0,0,0,0,3,0,0,0,10,0,0,0,0,0,0,0,0,0,0,0,0,0,0,0,0,0,3,0,6,0,0,0,0,0,0,0,0,0,3,84,147,67,41,57,21,10,23,4,450
UCL115064,11,3,20,12,5,0,0,9,0,66,0,0,0,0,0,0,0,0,0,0,3,7,0,0,6,0,0,0,0,18,0,3,3,0,0,4,0,0,4,25,277,592,246,177,177,57,34,65,21,1639
UCL115065,4,0,12,5,0,0,6,3,0,29,0,0,0,0,0,0,0,0,0,0,0,0,0,0,0,0,0,0,0,3,0,0,9,7,3,10,0,8,4,46,59,99,88,111,47,37,24,44,15,518
UCL115066,3,3,9,18,11,0,3,7,0,63,0,0,0,0,0,0,0,0,0,0,0,3,3,0,0,0,0,0,0,14,3,0,5,0,3,0,4,7,0,22,108,131,259,127,125,36,53,51,9,884
UCL115067,6,0,10,10,3,0,0,6,0,40,0,0,0,0,0,0,0,0,0,0,0,5,0,0,0,0,0,0,0,11,0,0,0,4,4,0,5,0,3,19,45,87,101,92,35,30,42,61,8,507
UCL115068,3,0,0,0,3,0,0,0,0,16,0,0,0,0,0,0,0,0,0,0,0,0,0,0,0,0,0,0,0,5,7,0,4,0,0,0,0,0,0,8,42,60,54,33,41,18,20,25,4,289
UCL115069,0,0,5,8,0,7,3,3,0,23,0,0,0,0,0,0,0,0,0,0,0,0,0,0,0,0,0,0,0,9,0,0,3,0,3,0,0,3,0,17,48,88,71,68,34,18,32,51,4,423
UCL115070,7,0,22,14,4,9,8,12,0,79,0,0,0,0,0,0,0,0,0,0,5,0,6,0,0,0,7,0,0,20,9,0,5,0,0,0,6,4,10,35,96,157,272,155,90,55,131,56,17,1026
UCL115071,8,0,8,4,0,0,5,6,0,35,0,0,0,0,0,0,0,0,0,0,0,0,0,0,0,0,6,0,0,10,3,0,8,0,0,0,5,0,0,12,51,81,127,79,55,24,86,32,5,544
UCL115072,3,0,13,6,0,3,4,4,0,36,0,0,0,0,0,0,0,0,0,0,0,0,0,0,3,0,0,0,0,8,3,0,0,0,0,0,0,0,0,10,42,128,81,90,51,23,28,42,4,488
UCL115073,10,0,21,0,7,5,5,11,0,48,0,0,0,0,0,0,0,0,0,0,0,0,0,0,0,0,0,3,0,4,0,3,6,0,0,3,0,4,0,19,61,93,84,53,50,23,24,48,4,444
UCL115074,0,0,4,0,0,3,0,11,0,23,0,0,0,0,0,0,0,0,0,0,4,0,0,0,0,0,0,0,0,5,3,0,0,0,3,0,0,13,0,26,58,65,68,68,39,21,29,74,5,435
UCL115075,3,0,0,0,6,0,0,0,0,13,0,0,0,0,0,0,0,0,0,0,0,0,0,0,0,0,0,0,0,0,0,0,0,0,0,4,0,0,3,4,34,71,44,35,38,13,7,8,4,247
UCL115076,5,0,12,11,0,0,3,5,4,27,0,0,0,0,0,0,0,0,0,0,0,0,0,0,0,0,0,0,0,0,3,5,9,4,0,0,4,0,0,25,44,88,84,80,36,17,34,20,10,413
UCL115077,6,0,19,6,0,3,0,11,0,61,0,0,0,0,0,0,0,0,0,0,0,0,0,0,0,0,0,0,0,5,0,0,6,3,4,0,0,10,0,25,65,147,83,84,59,40,29,48,4,558
UCL115078,4,0,9,0,0,3,0,3,0,22,0,0,0,0,0,0,0,0,0,0,0,0,0,0,0,0,0,0,0,4,0,0,3,4,4,0,0,4,3,18,41,74,65,40,39,27,10,22,5,317
UCL115079,3,0,15,6,4,0,0,9,0,42,0,0,0,0,0,0,0,0,0,0,0,0,0,0,0,0,0,0,0,3,7,3,5,0,0,3,4,8,6,40,68,91,104,63,49,24,29,48,9,498
UCL115080,0,0,20,11,0,5,6,8,0,53,0,0,0,0,0,0,0,0,0,0,0,0,0,0,0,0,0,0,0,9,0,0,6,0,0,4,3,3,7,31,61,122,180,95,76,61,65,51,22,730
UCL115081,4,0,4,3,4,0,3,6,0,26,0,0,0,0,0,0,0,0,0,0,5,0,0,0,4,0,0,0,0,9,6,0,4,0,0,0,4,5,4,24,47,39,55,43,31,9,35,61,3,331
UCL115082,0,0,11,5,4,0,0,0,0,23,0,0,0,0,0,0,0,0,0,0,0,0,0,0,0,0,0,0,0,9,0,0,0,5,0,0,0,6,5,7,23,39,55,45,32,12,25,19,3,253
UCL115083,5,0,15,9,4,4,4,8,0,45,0,0,0,0,0,0,0,0,0,3,0,0,3,3,0,0,5,0,0,8,0,0,10,4,5,0,5,12,7,39,80,109,136,87,73,36,55,70,16,663
UCL115084,0,0,9,4,0,5,3,9,0,19,0,0,0,0,0,0,0,0,0,0,0,3,3,0,0,0,0,0,0,6,0,0,0,5,0,5,0,6,0,20,22,64,63,46,27,19,17,39,0,294
UCL115085,0,0,5,6,0,0,0,0,0,13,0,0,0,0,0,0,0,0,0,0,0,0,0,0,0,0,0,0,0,5,0,0,0,0,0,0,3,3,0,7,81,130,78,45,53,22,19,18,0,441
UCL115086,21,0,19,19,5,7,0,13,5,89,0,0,0,0,0,0,0,0,0,0,0,0,0,3,0,0,0,4,0,9,7,0,7,0,3,3,0,0,8,36,144,180,163,187,89,64,36,85,26,987
UCL115087,0,0,14,6,0,6,0,0,0,24,0,0,0,0,0,0,0,0,0,0,0,0,0,0,0,0,0,0,0,3,5,0,3,0,0,0,0,4,3,15,47,89,91,50,59,22,21,20,15,420
UCL115088,0,0,5,5,6,5,0,0,0,22,0,0,0,0,0,0,0,0,0,0,0,0,0,0,0,0,0,0,0,3,0,0,0,4,4,0,0,0,0,13,44,107,52,68,69,21,10,27,6,412
UCL115089,6,0,13,18,11,8,6,10,0,69,0,0,0,0,0,0,0,3,0,3,4,0,0,0,0,0,6,6,0,10,4,0,7,3,7,0,9,11,3,38,114,173,157,194,109,43,94,101,9,995
UCL115090,0,0,3,5,0,0,0,0,0,9,0,0,0,0,0,0,0,0,0,0,5,0,0,0,0,0,0,0,0,9,0,0,0,6,0,0,0,0,0,6,16,34,35,32,16,14,15,13,4,173
UCL115091,0,0,3,0,0,0,0,4,0,16,0,0,0,0,0,0,0,0,0,0,0,0,3,0,0,0,0,0,0,12,0,0,7,3,0,0,0,0,0,13,24,32,65,46,30,16,20,24,3,271
UCL115092,0,4,10,10,3,3,0,0,0,39,0,0,0,0,0,0,0,0,0,0,0,0,0,3,0,3,0,0,0,8,3,0,6,0,3,0,3,0,0,21,32,102,107,105,55,37,24,47,6,505
UCL115093,3,0,6,0,0,0,0,0,0,13,0,0,0,0,0,0,0,0,0,0,7,3,0,0,0,0,0,0,0,5,0,0,0,0,4,0,0,3,0,7,65,129,74,31,62,28,18,24,3,422
UCL115094,3,0,13,9,0,4,0,14,0,45,0,0,0,0,0,0,0,0,0,0,0,0,0,0,0,0,0,0,0,4,0,3,0,3,5,0,0,6,4,16,43,125,85,109,55,23,26,53,14,540
UCL115095,5,0,8,0,5,0,0,0,0,18,0,0,0,0,0,0,0,0,0,0,0,0,0,0,0,0,0,0,0,0,4,0,0,0,0,0,0,0,0,10,35,49,35,32,24,8,14,15,0,220
UCL115096,5,0,25,22,12,6,0,10,0,78,0,0,0,0,0,0,0,0,0,0,0,3,0,0,0,0,0,4,0,13,0,6,3,0,4,0,0,3,8,23,121,296,171,164,145,55,42,81,15,1103
UCL115097,0,4,14,11,0,3,5,0,0,35,0,0,0,0,0,0,0,0,0,0,0,6,3,3,0,0,0,0,0,11,0,6,3,3,0,0,8,0,5,22,64,109,145,98,69,30,31,37,15,594
UCL115098,9,0,4,5,5,0,0,0,0,19,0,0,0,0,0,0,0,0,0,0,0,0,0,0,0,0,0,0,0,0,0,0,0,0,0,0,0,3,0,9,24,69,21,47,37,10,11,12,7,241
UCL115099,9,0,19,9,11,4,0,3,0,49,0,0,0,0,0,0,0,0,0,3,0,0,0,0,0,0,0,3,0,16,3,0,5,7,4,4,0,4,3,40,72,105,89,143,75,23,25,66,16,614
UCL115100,7,0,12,9,7,3,3,6,6,41,0,0,0,0,0,0,0,0,0,0,0,3,0,0,0,0,0,5,0,10,0,3,0,5,0,0,0,5,0,19,62,151,63,100,60,25,23,61,14,547
UCL115101,3,3,8,3,3,3,4,10,0,42,0,0,0,0,0,0,0,0,0,0,0,0,0,6,0,4,0,0,0,9,3,7,3,0,3,0,0,5,0,22,90,175,94,94,70,39,21,45,12,638
UCL115102,0,0,7,0,0,7,6,8,0,22,0,0,0,0,0,0,0,0,0,0,3,0,0,0,0,0,0,0,0,12,0,0,8,4,0,0,5,4,0,27,35,71,77,75,38,24,46,38,7,406
UCL115103,0,0,3,6,0,0,0,4,0,19,0,0,0,0,0,0,0,0,0,0,0,0,0,0,0,0,0,0,0,0,6,5,3,3,0,0,5,8,3,23,22,34,42,42,23,6,26,15,6,210
UCL115104,3,3,8,4,5,0,0,0,0,24,0,0,0,0,0,0,0,0,0,0,0,0,0,0,0,0,0,0,0,0,3,0,0,3,0,0,0,4,0,18,52,149,71,50,36,12,3,23,0,408
UCL115105,0,0,3,3,4,3,0,4,0,22,0,0,0,0,0,0,0,0,0,0,0,0,0,0,0,6,0,0,0,5,0,3,10,0,0,0,0,5,4,16,57,81,82,70,47,25,24,29,8,425
UCL115106,3,0,15,3,14,4,5,11,0,54,0,0,0,0,0,0,0,0,0,0,0,0,0,0,0,0,0,0,0,3,0,0,0,7,0,7,8,6,3,31,42,121,117,90,87,51,38,53,11,618
UCL115107,6,4,20,6,0,6,3,8,0,52,0,0,0,0,0,0,0,0,0,0,3,4,3,0,4,0,0,3,0,20,5,3,3,6,0,6,0,0,3,20,139,390,154,155,92,70,20,70,19,1113
UCL115108,3,5,9,8,3,0,0,0,0,28,0,0,0,0,0,0,0,0,0,0,10,4,0,3,3,0,0,0,0,20,0,0,0,0,0,0,0,0,3,12,210,286,109,77,131,25,17,19,13,891
UCL115109,12,6,23,8,3,3,0,5,0,68,0,0,0,0,0,0,0,0,0,0,0,0,0,0,0,0,0,3,0,7,3,3,7,3,4,0,0,9,0,28,114,155,150,116,97,46,19,61,6,766
UCL115110,7,0,17,3,4,4,0,14,0,53,0,0,0,0,0,0,0,0,0,0,0,0,0,6,0,0,0,4,0,8,0,0,9,5,5,4,4,9,6,41,93,154,159,141,80,37,40,79,17,801
UCL115111,6,0,10,7,6,3,3,5,0,35,0,0,0,0,0,0,0,0,0,0,0,0,4,0,0,0,4,5,0,10,4,7,0,4,10,3,5,4,3,30,81,164,143,121,99,34,70,63,11,792
UCL115112,6,0,22,9,10,6,10,12,0,66,0,0,0,0,0,0,0,0,0,0,3,0,0,3,0,3,4,0,0,11,0,0,0,0,4,0,6,5,7,28,100,177,170,108,91,46,128,48,15,882
UCL115113,5,0,4,4,3,0,0,3,0,22,0,0,0,0,0,0,0,0,0,0,0,0,0,0,0,0,0,3,0,7,0,4,3,0,5,0,9,12,5,40,50,122,70,80,39,10,47,37,7,475
UCL115114,0,0,13,12,3,6,3,13,0,46,0,0,0,0,0,0,0,0,0,4,0,0,0,0,0,0,0,0,0,8,3,3,4,6,0,0,6,5,10,41,55,101,126,75,52,25,59,49,21,567
UCL115115,16,3,44,26,10,4,4,10,3,119,0,0,0,0,0,0,0,0,0,0,8,9,3,5,0,0,0,0,0,25,0,0,7,4,7,4,0,6,14,42,208,500,255,238,153,93,38,96,34,1600
UCL115116,10,4,22,10,8,11,0,15,0,73,0,0,0,0,0,0,0,0,0,0,0,0,4,4,0,0,3,0,0,18,0,0,0,6,3,0,6,3,7,32,130,379,182,210,112,73,40,58,23,1205
UCL115117,0,0,10,0,5,0,0,0,0,18,0,0,0,0,0,0,0,0,0,0,0,0,0,0,0,0,0,0,0,8,0,0,0,0,0,0,0,4,0,6,22,66,62,49,35,20,14,29,3,287
UCL115118,5,4,12,6,3,4,0,4,0,30,0,0,0,0,0,0,0,0,0,0,0,0,0,0,0,0,0,0,0,0,0,0,0,0,0,0,0,0,0,10,68,110,76,72,37,18,11,43,4,441
UCL115119,6,0,19,5,14,3,0,9,3,58,0,0,0,0,0,0,0,0,0,0,6,5,0,4,4,0,0,3,0,17,3,0,6,0,11,3,5,5,8,36,210,339,273,171,156,55,71,77,29,1382
UCL115120,6,0,9,11,22,7,4,8,0,73,0,0,0,0,0,0,0,0,0,0,6,0,5,0,6,0,0,0,4,16,5,0,0,0,4,0,0,4,3,17,250,249,258,113,183,62,39,51,23,1224
UCL115121,3,0,8,8,0,0,5,0,0,30,0,0,0,0,0,0,0,0,0,0,0,0,0,0,0,0,0,0,3,9,0,0,0,0,0,6,3,4,0,19,26,51,86,76,38,25,47,31,11,389
UCL115122,3,4,10,13,3,0,3,4,0,44,0,0,0,0,0,0,0,0,0,0,0,0,0,0,0,0,0,4,0,6,3,0,4,4,4,4,8,5,0,32,49,124,95,106,50,32,72,52,6,587
UCL115123,0,0,13,4,0,5,0,6,0,29,0,0,0,0,0,0,0,0,0,0,0,8,0,0,0,0,0,0,0,11,4,3,5,0,0,3,3,0,0,15,83,151,107,63,48,32,32,32,6,547
UCL115124,12,5,37,22,14,7,5,9,0,99,0,0,0,0,0,0,0,4,0,5,9,0,4,4,3,4,3,0,0,26,4,8,10,3,3,8,3,12,9,55,174,447,238,242,198,79,40,95,29,1542
UCL115125,7,5,17,15,3,5,0,7,0,53,0,0,0,0,0,0,0,0,0,0,0,0,0,0,4,0,3,0,0,13,13,0,8,5,0,3,0,3,0,34,117,242,178,123,88,30,40,49,17,874
UCL115126,0,0,8,3,3,0,5,3,0,27,0,0,0,0,0,0,0,0,0,0,0,0,0,0,0,0,0,0,0,4,0,0,0,3,0,0,0,4,0,9,70,115,46,56,39,24,7,16,0,382
UCL115127,5,0,16,4,3,0,0,8,0,45,0,0,0,0,0,0,0,0,0,5,0,0,0,0,0,0,0,0,0,0,0,0,0,0,0,6,0,0,0,15,45,95,80,55,27,18,15,30,9,376
UCL115128,4,5,16,3,3,0,0,4,0,46,0,0,0,0,0,0,0,0,0,0,3,4,5,0,0,0,0,0,0,19,0,0,3,0,0,3,0,4,7,23,116,281,130,95,64,38,12,42,25,791
UCL115129,7,0,3,0,0,0,0,0,0,10,0,0,0,0,0,0,0,0,0,0,0,4,0,3,0,0,0,0,0,8,4,3,0,0,3,0,0,0,5,16,112,301,97,55,60,27,8,19,16,699
UCL115130,4,0,19,11,6,3,5,5,0,47,0,0,0,0,0,0,0,0,0,0,0,0,0,0,0,0,4,0,0,3,0,4,4,3,4,4,9,6,0,28,68,110,147,109,78,44,39,70,14,683
UCL115131,6,0,32,18,9,9,0,9,0,87,0,0,0,0,0,0,0,0,0,0,0,0,0,5,0,0,0,0,0,12,0,3,3,6,0,0,3,5,9,29,81,161,217,189,96,68,58,79,25,968
UCL115132,5,0,15,6,4,3,0,4,0,31,0,0,0,0,0,0,0,0,0,0,0,0,0,0,0,0,0,0,0,9,0,0,5,4,0,0,0,3,0,13,77,171,76,52,41,25,9,26,0,484
UCL115133,4,0,9,5,4,0,0,3,0,32,0,0,0,0,0,0,0,0,0,0,0,0,0,0,0,5,0,0,0,4,0,0,4,0,0,3,0,0,0,9,60,72,71,73,42,30,24,23,7,404
UCL115134,9,0,25,19,3,3,0,6,0,73,0,0,0,0,0,0,0,0,0,0,0,0,0,0,0,0,0,0,0,5,6,0,0,6,6,3,3,4,5,42,137,237,183,165,112,63,46,88,18,1049
UCL115135,9,0,12,10,3,0,0,6,6,47,0,0,0,0,0,0,0,0,0,0,4,0,0,3,5,4,0,0,0,6,3,0,8,3,6,0,6,9,13,43,77,117,87,89,85,35,37,46,18,587
UCL115136,7,0,4,0,7,0,5,7,0,31,0,0,0,0,0,0,0,0,0,3,0,4,0,0,0,0,5,0,0,13,3,6,6,6,8,6,5,0,0,28,97,160,177,98,97,33,52,45,7,765
UCL115137,3,3,21,22,12,6,6,3,0,83,0,0,0,0,0,0,0,0,0,0,0,6,0,3,4,0,3,0,0,15,4,0,15,5,4,4,0,0,6,36,156,247,301,190,160,76,75,69,16,1293
UCL115138,13,0,15,12,7,8,0,7,0,53,0,0,0,0,0,0,0,0,0,0,4,4,0,0,5,4,0,0,0,11,0,4,4,4,0,0,0,0,6,17,92,227,115,113,101,54,14,31,15,763
UCL115139,5,0,22,9,0,3,0,4,0,44,0,0,0,0,0,0,0,0,0,0,3,0,0,5,0,0,0,0,0,10,0,0,5,0,3,3,0,10,0,22,78,99,118,71,60,25,35,55,4,548
UCL115140,5,0,10,5,0,0,0,0,0,22,0,0,0,0,0,0,0,0,0,0,0,0,0,0,0,0,0,0,0,3,0,5,4,0,0,0,0,0,4,11,40,82,59,43,39,18,10,25,6,319
UCL115141,0,0,8,5,0,6,3,6,0,35,0,0,0,0,0,0,0,0,0,0,0,0,0,0,0,0,3,0,0,6,0,0,0,3,0,0,3,5,7,17,45,72,66,62,35,12,42,36,11,382
UCL115142,3,0,20,0,4,0,3,4,0,41,0,0,0,0,0,0,0,0,0,0,0,0,0,0,5,0,4,4,0,9,3,0,4,0,0,0,0,0,4,7,81,127,109,79,52,19,24,38,9,535
UCL115143,3,0,18,12,8,5,0,6,0,45,0,0,0,5,0,0,0,0,0,5,0,0,0,0,3,0,0,0,0,4,0,0,0,0,4,0,0,3,3,14,80,143,119,97,95,22,36,51,12,670
UCL115144,11,0,9,11,0,5,0,6,0,49,0,0,0,0,0,0,0,0,0,0,0,3,0,0,0,0,0,0,0,8,0,0,0,7,0,0,4,0,0,22,80,156,119,103,66,31,32,48,4,647
UCL115145,0,0,0,5,0,4,5,0,0,23,0,0,0,0,0,0,0,0,0,0,0,0,0,5,0,0,0,0,4,10,0,7,3,0,0,0,0,5,0,9,60,140,49,74,47,10,10,17,9,410
UCL115146,5,0,16,11,6,3,0,3,0,49,0,0,0,0,0,0,0,0,0,0,0,5,3,3,0,0,0,0,0,16,0,0,4,3,0,0,3,0,0,19,136,312,133,111,99,28,10,38,10,877
UCL115147,5,3,10,0,0,5,0,4,0,20,0,0,0,0,0,0,0,0,0,0,4,3,0,3,0,0,0,0,0,9,0,0,0,0,3,0,0,0,0,3,66,132,61,52,29,12,12,12,5,384
UCL115148,0,0,6,5,0,0,0,0,0,16,0,0,0,0,0,0,0,0,0,0,0,0,0,0,0,0,0,0,0,0,0,0,4,0,0,0,0,6,0,20,47,53,65,45,40,19,27,32,4,326
UCL115149,0,0,7,3,0,3,0,0,0,15,0,0,0,0,0,0,0,0,0,0,0,0,0,0,0,0,0,0,0,5,0,0,0,8,0,5,0,0,3,15,29,60,34,80,27,8,8,7,8,258
UCL115150,4,0,5,4,6,0,4,0,0,26,0,0,0,0,0,0,0,0,0,0,3,0,6,0,0,0,0,0,0,7,0,3,3,0,0,0,0,0,0,11,50,60,72,38,50,14,15,20,4,331
UCL115151,4,0,7,5,7,6,3,4,0,41,0,0,0,0,0,0,0,0,0,0,0,0,0,0,0,0,0,0,0,7,0,0,4,3,0,3,0,0,0,17,63,65,131,102,76,20,63,29,5,539
UCL115152,0,3,0,0,0,0,0,4,0,16,0,0,0,0,0,0,0,0,0,0,0,0,0,0,0,0,0,0,0,5,0,0,0,0,3,0,0,0,3,11,21,49,47,34,25,15,17,19,8,227
UCL115153,5,0,4,0,0,0,0,3,0,13,0,0,0,0,0,0,0,0,0,0,0,0,0,0,5,0,0,4,0,9,0,0,0,0,0,0,0,7,0,13,41,45,49,31,26,16,24,24,3,259
UCL115154,0,0,10,4,0,3,6,0,0,20,0,0,0,0,0,0,0,0,0,0,0,0,0,0,0,0,0,0,0,3,0,0,4,0,0,0,0,0,8,16,27,78,60,59,25,17,41,23,9,347
UCL115155,7,0,19,21,4,8,4,12,3,79,0,0,0,0,0,0,0,0,0,5,0,4,4,0,4,0,5,0,0,15,7,3,0,11,0,8,3,10,5,47,81,165,136,209,97,44,59,110,19,918
UCL115156,0,0,4,3,0,0,0,0,0,12,0,0,0,0,0,0,0,0,0,0,0,0,0,0,0,0,0,0,0,0,0,0,0,0,0,0,5,0,0,8,25,62,38,43,24,7,14,18,4,250
UCL115157,0,0,5,5,0,0,0,4,0,15,0,0,0,0,0,0,0,0,0,0,0,0,0,0,0,0,0,0,0,0,0,0,0,0,0,0,3,3,0,10,4,26,41,41,22,11,32,25,3,219
UCL115158,4,0,18,4,0,0,9,4,0,49,0,0,0,0,0,0,0,0,0,0,0,0,0,6,0,0,0,0,0,3,0,0,4,3,0,3,8,0,5,37,83,158,168,93,90,38,79,38,14,757
UCL115159,5,0,13,9,7,3,0,4,0,45,0,0,0,0,0,0,0,0,0,0,0,3,0,0,4,0,0,0,0,8,6,0,6,0,3,3,3,0,4,27,96,131,150,67,95,31,37,34,13,659
UCL115160,9,6,12,4,6,0,0,0,0,48,0,0,0,0,0,0,0,0,0,0,0,0,4,0,0,0,0,0,0,7,0,4,7,0,3,3,0,0,3,22,211,265,209,121,146,47,54,40,12,1106
UCL115161,3,0,30,8,5,6,3,12,0,65,0,0,0,0,0,0,0,0,0,0,0,4,3,0,0,0,0,0,0,10,3,0,8,17,0,4,7,7,3,54,76,213,174,244,97,62,58,85,14,1022
UCL115162,8,0,18,10,12,7,5,10,0,75,0,0,0,0,0,0,0,0,0,0,0,4,0,0,0,0,0,0,0,10,0,4,5,3,0,0,6,0,4,22,113,309,163,150,125,53,41,60,4,1007
UCL115163,0,0,9,12,6,4,5,6,0,41,0,0,0,0,0,0,0,0,0,0,4,0,0,4,0,0,0,0,0,10,8,0,5,0,0,3,0,3,4,23,72,91,126,88,63,26,45,42,8,557
UCL115164,7,0,7,0,0,0,3,0,0,17,0,0,0,0,0,0,0,0,0,0,0,0,6,0,0,0,0,0,0,6,0,0,0,0,0,0,0,0,3,4,35,56,72,39,35,16,13,21,11,294
UCL115165,0,0,3,3,3,0,4,7,0,23,0,0,0,0,0,0,0,0,0,0,0,0,0,0,0,0,0,3,0,4,4,0,0,3,3,3,0,3,0,20,32,47,73,36,38,21,24,34,12,313
UCL121001,0,0,0,0,3,3,0,5,0,14,0,0,0,0,0,0,0,0,0,0,0,0,0,0,0,0,0,0,0,4,0,0,0,0,0,0,0,3,0,10,27,42,42,27,30,9,19,23,4,225
UCL121002,0,0,0,0,0,0,0,0,0,7,0,0,0,0,0,0,0,0,0,0,0,0,0,0,0,0,0,0,0,0,3,0,0,0,0,0,0,3,0,10,13,30,9,13,6,0,6,13,6,100
UCL121003,3,0,0,0,3,0,0,0,0,7,0,0,0,0,0,0,0,0,0,0,0,0,0,0,0,0,0,0,0,0,0,0,3,0,0,0,0,0,0,4,36,70,41,10,18,16,3,14,0,205
UCL121004,0,0,3,0,0,0,0,0,0,12,0,0,0,0,0,0,0,0,0,0,0,0,0,0,0,0,0,0,0,6,4,0,5,0,0,0,0,0,0,7,26,59,66,54,34,13,3,16,4,279
UCL121005,0,0,0,0,0,0,0,0,0,12,0,0,0,0,0,0,0,0,0,0,0,0,0,0,0,0,0,0,0,5,0,0,4,0,0,0,0,0,3,10,20,40,50,15,27,4,7,10,10,186
UCL121006,0,0,3,0,0,0,0,0,0,6,0,0,0,0,0,0,0,0,0,0,0,0,0,0,0,0,0,0,0,6,0,0,0,0,0,0,0,3,0,6,29,51,45,17,21,4,3,16,0,189
UCL121007,6,0,3,0,0,3,0,0,0,8,0,0,0,0,0,0,0,0,0,0,0,0,0,0,0,0,0,0,0,0,0,0,4,0,0,0,6,5,4,18,20,26,27,23,20,5,21,28,8,168
UCL121008,0,0,0,0,0,0,0,0,0,0,0,0,0,0,0,0,0,0,0,0,0,0,0,0,0,0,0,0,0,0,0,0,0,3,0,0,0,0,0,4,0,5,9,7,0,3,0,4,0,37
UCL121009,0,0,0,0,0,0,10,0,0,17,0,0,0,0,0,0,0,0,0,0,0,0,0,0,0,0,0,0,0,0,0,0,0,0,0,0,3,0,0,9,14,17,32,20,16,5,47,20,3,176
UCL121010,0,0,0,8,0,0,0,0,0,6,0,0,0,0,0,0,0,0,0,0,0,0,0,0,0,0,0,0,0,4,0,0,0,0,0,0,0,0,4,3,41,51,39,27,18,9,4,11,7,211
UCL121011,4,0,4,0,0,0,0,5,0,11,0,0,0,0,0,0,0,0,0,0,0,0,0,0,0,0,0,0,0,3,0,0,0,0,0,0,0,0,0,6,14,22,25,42,9,16,4,23,0,151
UCL121012,4,0,0,3,4,0,3,0,3,13,0,0,0,0,0,0,0,0,0,0,0,0,0,0,0,0,0,4,0,4,0,0,0,0,0,0,3,0,0,6,38,86,57,32,42,13,19,11,9,306
UCL121013,0,0,3,0,0,0,0,0,0,3,0,0,0,0,0,0,0,0,0,0,0,0,0,0,0,0,0,0,0,0,0,5,0,0,0,0,0,0,0,5,22,44,13,31,13,4,6,3,3,146
UCL121014,0,0,3,0,0,0,0,0,0,3,0,0,0,0,0,0,0,0,0,0,0,0,0,0,0,0,0,0,0,0,0,0,0,0,0,0,0,0,0,6,16,30,25,26,8,7,8,18,3,143
UCL121015,0,0,6,8,0,0,0,0,0,18,0,0,0,0,0,0,0,0,0,0,0,0,4,0,0,0,0,0,0,4,0,0,0,0,0,0,0,0,0,4,71,84,49,23,37,11,4,20,3,305
UCL121016,0,0,5,5,0,0,0,5,0,12,0,0,0,0,0,0,0,0,0,0,0,0,0,0,0,0,0,0,0,0,0,0,0,0,0,0,0,0,3,6,13,43,39,18,19,8,6,13,5,171
UCL121017,0,0,4,3,0,4,0,0,0,12,0,0,0,0,0,0,0,0,0,0,0,0,0,0,0,0,0,0,0,3,0,0,0,0,0,0,0,0,0,5,59,98,52,44,40,16,12,12,6,327
UCL121018,0,0,6,4,0,0,0,0,0,10,0,0,0,0,0,0,0,0,0,0,0,0,0,0,0,0,0,0,0,3,0,0,0,0,0,0,4,0,3,10,18,36,72,31,30,11,14,18,10,247
UCL121019,0,0,5,3,0,0,0,0,0,8,0,0,0,0,0,0,0,0,0,0,0,0,0,0,0,0,0,0,0,0,0,0,0,0,0,0,0,0,0,0,41,103,32,30,29,8,15,11,0,267
UCL121020,0,0,5,0,0,0,0,0,0,7,0,0,0,0,0,0,0,0,0,0,0,0,0,0,0,0,0,0,0,0,0,0,0,0,0,0,0,0,0,0,29,85,32,23,32,5,3,7,6,222
UCL121021,3,0,0,0,0,0,0,0,0,10,0,0,0,0,0,0,0,0,0,0,0,0,0,0,0,0,0,0,0,0,0,0,0,0,0,0,0,0,0,9,31,43,22,24,15,4,15,16,0,167
UCL121022,0,0,4,0,0,0,0,4,0,10,0,0,0,0,0,0,0,0,0,0,0,0,0,0,0,0,0,0,0,0,0,3,0,0,0,0,0,0,6,13,8,33,23,17,18,3,6,14,9,133
UCL121023,0,0,3,0,0,0,0,0,0,5,0,0,0,0,0,0,0,0,0,0,0,0,0,0,0,0,0,0,0,0,0,0,0,0,0,0,0,0,0,0,5,14,12,10,14,5,7,9,7,87
UCL121024,4,0,0,0,0,0,0,7,0,7,0,0,0,0,0,0,0,0,0,0,0,0,0,0,0,0,0,0,0,0,0,0,0,3,0,0,3,0,0,6,7,15,18,20,23,10,15,12,0,116
UCL121025,5,0,5,0,0,0,0,0,0,10,0,0,0,0,0,0,0,0,0,0,0,0,0,0,0,0,0,0,0,0,0,0,0,0,0,0,0,0,0,0,35,84,42,29,27,10,6,12,3,243
UCL121026,3,0,7,4,0,0,0,0,0,15,0,0,0,0,0,0,0,0,0,0,0,0,0,0,0,0,0,0,0,5,0,4,0,0,0,0,0,0,0,8,38,111,52,39,28,10,5,20,5,314
UCL121027,0,0,3,3,5,4,0,3,0,18,0,0,0,0,0,0,0,0,0,0,0,0,0,0,0,0,0,0,0,5,0,4,0,0,0,0,0,0,0,3,19,74,36,26,25,10,17,25,5,231
UCL121028,0,0,5,4,0,0,0,0,0,11,0,0,0,0,0,0,0,0,0,0,0,0,3,0,0,0,0,0,0,5,0,0,0,0,0,0,0,0,0,3,23,69,43,39,18,8,3,12,6,226
UCL121029,0,0,0,0,0,0,4,0,0,8,0,0,0,0,0,0,0,0,0,0,0,0,0,0,0,0,0,0,0,0,0,0,0,0,0,0,6,3,0,12,7,20,23,17,9,10,21,9,6,124
UCL121030,0,0,5,5,0,0,0,3,0,13,0,0,0,0,0,0,0,0,0,0,0,0,0,0,0,0,0,0,0,3,0,0,0,0,0,0,4,0,4,14,22,16,34,17,19,6,24,15,7,160
UCL121031,5,0,5,0,5,0,0,0,0,21,0,0,0,0,0,0,0,0,0,0,0,0,0,0,0,0,0,0,0,3,0,5,0,5,3,0,0,0,0,17,54,89,63,47,38,15,4,19,0,326
UCL121032,4,0,3,0,0,0,0,0,0,11,0,0,0,0,0,0,0,0,0,0,0,0,0,0,0,0,0,0,0,0,3,0,0,0,0,0,0,0,0,9,20,34,16,21,20,9,13,13,0,139
UCL121033,0,0,0,0,0,0,0,0,0,9,0,0,0,0,0,0,0,0,0,0,0,0,0,0,0,0,0,0,0,0,0,0,0,0,0,4,0,0,0,4,14,64,29,25,10,6,4,16,0,166
UCL121034,6,0,3,3,6,0,0,0,0,20,0,0,0,0,0,0,0,0,0,0,0,4,0,0,0,0,0,0,0,8,0,0,4,0,5,0,0,0,0,16,77,91,72,48,38,30,13,24,7,400
UCL121035,0,0,5,9,5,0,5,0,0,27,0,0,0,0,0,0,0,0,0,0,0,0,0,0,0,0,0,0,0,7,0,0,0,7,0,0,0,3,0,9,30,43,64,70,37,15,27,26,4,310
UCL121036,7,0,11,6,4,10,0,3,0,28,0,0,0,0,0,0,0,0,0,0,0,6,0,0,0,0,0,0,0,3,0,0,0,0,0,0,0,0,0,0,70,115,75,75,57,17,16,23,4,440
UCL121037,0,0,8,3,0,0,0,0,0,14,0,0,0,0,0,0,0,0,0,0,0,0,0,0,0,0,0,0,0,0,0,0,0,0,0,0,0,0,0,0,27,72,52,39,24,7,0,18,0,240
UCL121038,0,0,9,0,0,0,0,4,0,13,0,0,0,0,0,0,0,0,0,0,0,0,0,0,0,0,0,0,0,4,0,0,0,0,0,0,0,0,0,5,13,15,28,19,10,4,9,18,0,119
UCL121039,0,0,7,9,3,0,0,0,0,16,0,0,0,0,0,0,0,0,0,0,0,0,0,0,0,0,0,0,0,4,3,4,0,0,0,0,0,0,0,7,63,76,34,29,31,12,9,12,6,263
UCL121040,4,0,0,0,0,3,0,0,0,12,0,0,0,0,0,0,0,0,0,0,0,0,0,0,0,0,0,0,0,3,5,0,0,0,5,0,0,0,0,8,28,71,44,23,27,9,13,9,0,220
UCL121041,0,0,0,0,0,0,0,0,0,4,0,0,0,0,0,0,0,0,0,0,0,0,0,0,0,0,0,0,0,0,0,0,0,3,0,0,0,0,0,9,14,20,23,37,13,6,8,5,0,138
UCL121042,4,0,0,0,3,0,0,0,0,5,0,0,0,0,0,0,0,0,0,0,0,0,0,0,0,0,0,0,0,3,0,0,0,0,0,0,0,0,0,0,42,82,20,15,14,8,0,9,0,184
UCL121043,4,0,0,3,5,0,0,0,0,15,0,0,0,0,0,0,0,0,0,0,0,0,0,0,0,0,0,0,0,4,0,0,0,0,0,0,0,0,0,5,48,70,51,13,37,10,3,12,5,252
UCL121044,0,0,5,3,0,4,0,3,0,10,0,0,0,0,0,0,0,0,0,0,0,0,0,0,0,0,0,0,0,0,0,0,0,0,0,0,0,0,3,3,7,21,23,24,15,10,9,14,3,112
UCL121045,0,0,4,0,0,6,0,0,0,12,0,0,0,0,0,0,0,0,0,0,5,0,0,0,0,0,0,3,0,4,0,0,3,0,0,0,0,0,0,4,9,34,32,19,12,14,4,25,0,150
UCL121046,0,0,3,0,0,0,0,0,0,0,0,0,0,0,0,0,0,0,0,0,0,0,0,0,0,0,0,0,0,0,0,0,0,0,0,0,0,0,0,3,67,84,24,21,29,3,0,8,3,247
UCL121047,0,3,3,0,0,0,0,0,0,6,0,0,0,0,0,0,0,0,0,0,0,0,0,0,0,0,0,0,0,3,0,0,0,0,0,0,0,0,0,0,40,56,35,22,26,7,9,8,7,201
UCL121048,0,0,0,5,0,0,0,0,0,13,0,0,0,0,0,0,0,0,0,0,0,0,0,0,0,0,0,0,0,0,0,0,3,0,0,0,0,0,0,3,14,42,28,18,24,5,5,9,3,151
UCL121049,0,0,5,6,5,6,3,3,0,23,0,0,0,0,0,0,0,0,0,0,0,0,0,0,0,0,0,0,0,4,0,0,0,0,0,0,0,4,0,3,24,34,46,17,29,8,19,19,5,200
UCL121050,0,0,0,0,0,0,0,0,0,5,0,0,0,0,0,0,0,0,0,0,0,0,0,0,0,0,0,0,0,0,0,0,0,0,0,0,0,0,0,4,13,25,13,12,14,5,9,10,0,98
UCL121051,0,0,5,3,0,0,0,0,0,6,0,0,0,0,0,0,0,0,0,0,0,0,0,0,0,0,0,0,0,4,0,0,0,0,0,0,0,0,0,3,24,49,28,33,16,11,3,15,4,184
UCL121052,0,0,10,0,5,0,0,0,0,25,0,0,0,0,0,0,0,0,0,0,0,3,0,3,0,0,0,0,0,6,0,4,0,0,0,0,0,0,0,4,45,72,47,27,27,16,3,10,5,255
UCL121053,0,0,3,0,3,4,0,0,0,13,0,0,0,0,0,0,0,0,0,0,0,0,0,0,0,0,0,0,0,3,0,0,0,0,0,0,0,0,0,4,22,23,31,18,21,9,16,14,3,164
UCL121054,0,0,0,0,3,0,0,4,0,7,0,0,0,0,0,0,0,0,0,0,0,0,0,0,0,0,0,0,0,0,0,3,0,0,0,0,0,0,0,3,50,76,67,29,42,14,8,8,7,305
UCL121055,3,0,0,0,0,0,0,0,0,13,0,0,0,0,0,0,0,0,0,0,0,0,0,0,0,0,0,0,0,0,0,0,0,0,0,0,0,0,0,4,20,64,45,36,22,9,5,14,3,223
UCL121056,0,0,14,4,3,5,0,5,0,26,0,0,0,0,0,0,0,0,0,0,0,0,0,0,0,0,0,0,0,4,0,0,5,0,0,0,0,0,0,12,18,43,67,43,42,20,6,20,4,267
UCL121057,0,0,3,0,0,0,0,0,0,11,0,0,0,0,0,0,0,0,0,0,0,0,0,0,0,0,0,0,0,0,0,0,0,0,4,0,0,0,3,8,24,37,73,27,32,12,23,10,3,244
UCL121058,6,0,11,9,3,3,0,4,0,34,0,0,0,0,0,0,0,0,0,0,0,4,0,0,0,0,0,0,0,6,0,3,0,0,0,0,0,5,0,13,96,195,114,84,83,34,20,25,6,650
UCL121059,0,0,3,0,0,0,0,3,0,9,0,0,0,0,0,0,0,0,0,0,0,0,0,0,0,0,0,0,0,0,0,0,6,0,0,0,0,0,0,6,25,43,52,27,20,12,6,17,3,192
UCL121060,9,5,3,0,0,3,0,0,0,19,0,0,0,0,0,0,0,0,0,0,0,0,0,0,0,0,0,0,0,3,0,0,5,0,0,0,0,0,4,10,54,84,71,46,40,12,21,4,6,337
UCL121061,0,0,3,0,0,0,4,0,0,15,0,0,0,0,0,0,0,0,0,0,0,0,0,0,0,0,0,0,0,4,0,0,0,0,0,0,0,3,0,8,11,17,41,18,19,5,19,9,0,146
UCL121062,3,0,4,3,5,0,3,0,0,14,0,0,0,0,0,0,0,0,0,0,0,0,0,0,4,0,0,0,0,5,0,0,0,0,0,0,0,0,4,9,77,121,63,44,45,12,16,18,8,398
UCL121063,0,0,4,0,0,0,0,5,0,9,0,0,0,0,0,0,0,0,0,0,0,0,0,0,0,0,0,0,0,0,0,0,0,0,0,0,0,0,0,5,12,20,24,20,15,8,3,12,0,117
UCL121064,5,0,0,3,0,3,0,0,0,13,0,0,0,0,0,0,0,0,0,0,0,0,0,0,0,0,0,0,0,4,0,0,0,0,3,0,0,3,0,11,19,35,45,27,23,9,15,19,0,197
UCL121065,0,0,5,9,0,0,0,0,0,21,0,0,0,0,0,0,0,0,0,0,0,0,0,0,4,0,0,3,0,4,0,0,0,0,0,0,0,0,0,3,16,50,41,34,19,9,10,20,7,206
UCL121066,0,0,0,4,0,0,0,0,0,13,0,0,0,0,0,0,0,0,0,0,0,0,0,0,0,0,0,0,0,0,0,0,0,0,0,0,0,0,0,6,11,27,38,19,15,4,17,11,0,145
UCL121067,0,0,4,0,3,0,0,3,0,11,0,0,0,0,0,0,0,0,0,0,0,0,0,0,0,0,0,0,0,0,0,0,3,3,0,0,0,0,0,10,25,39,32,39,20,18,12,14,5,210
UCL121068,4,0,18,9,3,0,0,3,0,45,0,0,0,0,0,0,0,0,0,0,0,6,0,0,3,0,0,0,0,16,0,0,6,0,0,0,0,0,5,14,81,120,107,101,62,50,18,38,9,579
UCL121069,0,0,8,6,5,0,0,0,0,14,0,0,0,0,0,0,0,0,0,0,0,0,0,0,0,0,0,0,0,5,0,0,0,0,0,0,0,0,0,4,67,89,62,23,54,11,16,3,0,319
UCL121070,0,0,0,0,0,0,0,0,0,0,0,0,0,0,0,0,0,0,0,0,3,0,0,0,0,0,0,0,0,3,0,0,0,0,0,0,0,0,0,0,52,73,34,30,22,5,0,0,0,223
UCL121071,0,0,0,0,6,0,0,0,0,14,0,0,0,0,0,0,0,0,0,0,0,0,0,0,0,0,0,0,0,0,0,0,3,3,0,0,0,3,0,14,19,21,22,16,20,9,13,20,3,138
UCL121072,6,0,3,0,0,3,0,0,0,20,0,0,0,0,0,0,0,0,0,0,0,0,0,0,0,0,0,0,0,0,0,0,0,0,3,0,0,0,3,12,16,27,71,21,20,14,22,16,6,210
UCL121073,0,0,7,0,0,0,0,3,0,14,0,0,0,0,0,0,0,0,0,0,0,0,0,0,0,0,0,0,0,4,3,0,0,0,0,0,4,0,0,7,11,18,33,20,12,4,10,15,0,129
UCL121074,3,0,0,4,0,0,0,0,0,11,0,0,0,0,0,0,0,0,0,0,0,0,0,0,0,0,0,0,0,0,0,0,0,0,0,0,0,0,0,0,25,64,30,25,24,4,6,13,5,205
UCL121075,0,0,0,0,0,0,0,0,0,3,0,0,0,0,0,0,0,0,0,0,0,0,0,0,0,0,0,0,0,0,0,0,0,0,0,0,0,0,4,4,18,40,22,6,14,3,9,8,6,129
UCL121076,0,0,11,11,0,0,0,0,0,31,0,0,0,0,0,0,0,0,0,0,0,0,0,0,0,0,0,0,0,4,0,0,0,0,0,0,9,0,4,18,30,55,67,52,29,17,26,10,10,298
UCL121077,3,0,3,0,0,0,0,0,0,13,0,0,0,0,0,0,0,0,0,0,0,3,0,0,0,0,0,0,0,0,0,0,0,0,0,0,0,0,0,0,38,72,34,39,20,13,10,16,6,244
UCL121078,0,0,13,8,0,0,0,0,0,16,0,0,0,0,0,0,0,0,0,0,0,0,0,0,0,0,0,0,0,3,0,0,0,0,0,0,0,0,0,3,23,47,56,35,28,8,16,6,0,224
UCL121079,3,0,6,0,0,0,0,0,0,10,0,0,0,0,0,0,0,0,0,0,0,0,0,0,0,0,0,0,0,0,0,0,0,0,0,0,0,0,0,5,22,42,28,23,32,13,8,15,0,184
UCL121080,0,0,6,3,5,0,3,3,0,20,0,0,0,0,0,0,0,0,0,0,0,5,0,0,0,0,0,0,0,5,0,4,3,5,0,0,0,0,0,12,45,100,64,51,55,13,13,28,0,369
UCL121081,0,0,5,0,4,0,0,0,0,9,0,0,0,0,0,0,0,0,0,0,0,0,0,0,0,0,0,0,0,0,0,0,0,0,0,0,0,0,0,3,36,64,35,26,29,16,10,9,8,220
UCL121082,0,0,5,0,0,0,0,0,0,7,0,0,0,0,0,0,0,0,0,0,0,0,0,0,0,0,0,0,0,3,0,0,0,0,0,0,0,0,0,11,43,98,58,53,39,10,6,18,4,337
UCL121083,0,0,11,0,0,0,0,0,0,17,0,0,0,0,0,0,0,0,0,0,0,3,0,0,0,0,0,0,0,10,0,0,0,0,0,3,0,0,0,8,49,103,44,44,30,14,6,16,4,301
UCL121084,3,6,5,0,7,0,0,0,0,14,0,0,0,0,0,0,0,0,0,0,0,0,0,0,0,0,3,0,0,7,0,0,0,0,0,0,0,0,0,5,56,68,60,24,42,17,19,11,7,296
UCL121085,0,0,0,3,3,5,0,0,0,9,0,0,0,0,0,0,0,0,0,0,0,0,0,0,0,0,0,0,0,9,0,5,0,0,0,0,0,0,0,3,59,133,51,46,52,16,12,10,4,381
UCL121086,0,0,5,0,0,0,0,4,0,10,0,0,0,0,0,0,0,0,0,0,0,0,0,0,0,0,0,0,0,4,0,0,0,0,0,0,3,0,0,11,24,38,39,29,15,9,29,19,0,206
UCL121087,0,0,0,0,5,3,0,4,0,13,0,0,0,0,0,0,0,0,0,0,0,0,0,0,0,0,0,0,0,0,0,0,3,0,0,0,3,0,0,7,13,24,32,32,22,11,8,10,3,165
UCL121088,0,0,12,8,0,3,0,0,0,28,0,0,0,0,0,0,0,0,0,0,0,0,0,0,0,0,0,3,0,4,0,0,3,0,0,0,0,3,0,10,22,25,50,18,22,19,10,27,3,203
UCL121089,4,0,7,0,5,0,0,0,0,10,0,0,0,0,0,0,0,0,0,0,0,0,0,0,0,0,0,0,0,3,0,0,0,0,0,0,0,5,0,3,43,80,60,41,38,7,12,20,0,307
UCL121090,0,0,5,3,0,0,0,0,0,18,0,0,0,0,0,0,0,0,0,0,0,0,0,0,0,0,0,0,0,3,0,0,3,0,0,0,0,0,4,8,44,54,56,21,35,14,12,21,3,264
UCL121091,0,0,3,8,5,0,0,0,0,18,0,0,0,0,0,0,0,0,0,0,0,0,0,0,0,0,0,0,0,0,0,0,4,0,0,0,0,0,3,9,26,73,38,39,25,16,14,13,3,243
UCL121092,0,0,9,4,8,3,0,4,0,22,0,0,0,0,0,0,0,0,0,0,0,0,0,0,0,0,0,0,0,8,5,0,0,0,0,0,0,4,4,11,44,64,94,46,47,31,24,21,3,380
UCL121093,3,0,11,8,0,0,0,10,0,38,0,0,0,0,0,0,0,0,0,0,0,0,5,0,0,0,0,0,0,10,0,0,0,4,0,0,0,0,0,11,24,42,84,50,36,11,32,33,0,312
UCL121094,0,0,0,3,0,0,0,0,0,3,0,0,0,0,0,0,0,0,0,0,0,0,0,0,0,0,0,0,0,0,0,0,0,0,0,0,4,0,3,9,21,25,17,35,12,0,8,16,3,130
UCL121095,0,0,3,4,0,0,0,0,0,10,0,0,0,0,0,0,0,0,0,0,0,0,0,0,0,0,0,0,0,5,0,0,0,0,3,0,5,0,0,8,56,72,35,26,31,8,20,13,14,277
UCL121096,3,4,6,0,0,0,0,0,0,16,0,0,0,0,0,0,0,0,0,0,0,0,0,0,0,0,0,0,0,0,0,0,0,0,0,3,0,0,0,0,38,83,36,30,18,15,4,15,7,242
UCL121097,0,0,0,0,0,4,0,0,0,6,0,0,0,0,0,0,0,0,0,0,0,0,0,0,0,0,0,0,0,3,0,0,0,0,0,0,0,0,0,4,23,88,35,28,22,13,13,11,0,223
UCL121098,0,0,7,0,0,0,0,0,0,14,0,0,0,0,0,0,0,0,0,0,0,4,0,0,0,0,0,0,0,5,4,4,3,0,0,0,0,0,0,8,54,111,53,35,54,12,5,15,0,341
UCL121099,0,0,0,0,0,0,0,0,0,6,0,0,0,0,0,0,0,0,0,0,0,0,0,0,0,0,0,0,0,5,0,0,3,0,0,0,0,0,0,6,22,28,24,25,20,3,16,9,0,154
UCL121100,0,0,7,4,3,0,0,0,0,18,0,0,0,0,0,0,0,0,0,0,0,0,0,0,0,0,0,0,0,0,4,0,0,0,0,0,0,0,0,6,39,109,60,45,40,18,7,19,5,354
UCL121101,3,0,11,3,3,3,0,0,0,28,0,0,0,0,0,0,0,0,0,0,0,0,0,0,3,0,0,0,0,3,0,0,3,0,0,3,0,0,5,18,32,47,85,39,39,21,24,26,9,325
UCL121102,0,0,3,5,0,0,0,6,0,19,0,0,0,0,0,0,0,0,0,0,0,0,0,0,0,0,0,0,0,3,0,0,0,0,0,0,0,0,5,10,40,78,38,39,20,13,6,20,8,264
UCL121103,5,0,4,10,0,0,0,4,0,15,0,0,0,0,0,0,0,0,0,0,0,0,0,0,0,0,0,0,0,0,0,0,5,0,0,4,0,0,0,19,15,59,50,45,22,14,22,28,3,262
UCL121104,0,0,4,8,0,5,0,0,0,14,0,0,0,0,0,0,0,0,0,0,0,0,0,0,0,0,0,0,0,4,0,0,0,0,0,0,0,0,3,12,24,34,49,34,13,13,11,18,4,198
UCL121105,0,0,0,3,0,0,3,3,0,10,0,0,0,0,0,0,0,0,0,0,0,0,0,0,0,0,6,0,0,6,0,0,0,3,0,0,0,0,0,8,16,25,6,19,16,0,14,20,0,120
UCL121106,3,0,4,0,6,5,0,0,0,21,0,0,0,0,0,0,0,0,0,0,0,0,0,0,6,0,0,0,0,0,0,5,0,0,0,0,0,0,0,10,25,82,43,41,43,16,6,19,0,279
UCL121107,0,0,5,3,0,0,0,4,0,10,0,0,0,0,0,0,0,0,0,0,0,0,6,0,4,0,0,0,0,4,0,0,7,0,0,0,0,0,0,8,26,38,58,37,26,15,15,13,11,239
UCL121108,0,0,3,3,3,0,0,0,0,14,0,0,0,0,0,0,0,0,0,0,0,0,0,0,0,0,0,0,0,0,0,0,0,0,0,0,0,3,0,11,20,64,38,49,18,6,10,13,6,225
UCL121109,4,0,5,0,0,0,0,0,0,15,0,0,0,0,0,0,0,0,0,0,0,0,0,0,0,0,0,0,0,0,0,0,0,0,0,0,0,0,0,4,31,60,22,20,15,14,3,10,8,170
UCL121110,0,0,11,8,0,0,3,0,0,21,0,0,0,0,0,0,0,0,0,0,0,0,0,0,0,0,0,0,0,0,0,6,0,0,0,0,0,0,0,10,22,47,36,46,20,12,14,29,7,240
UCL121111,3,3,0,0,0,0,4,3,0,12,0,0,0,0,0,0,0,0,0,0,0,0,0,0,0,0,0,0,0,0,5,0,4,0,0,0,4,0,0,10,17,34,24,16,11,9,16,3,3,128
UCL121112,5,0,5,0,0,0,5,0,0,18,0,0,0,0,0,0,0,0,0,0,0,0,0,4,0,0,0,0,0,4,0,0,0,5,0,0,0,0,0,14,22,51,62,38,29,15,20,15,0,256
UCL121113,0,0,0,0,0,0,0,3,0,15,0,0,0,0,0,0,0,0,0,0,0,0,0,0,0,0,4,0,0,4,0,0,4,0,0,0,0,0,0,7,17,20,31,17,12,11,15,12,3,140
UCL121114,0,0,6,6,3,3,0,6,0,17,0,0,0,0,0,0,0,0,0,0,0,0,0,0,0,0,0,0,0,5,0,0,0,0,0,0,0,0,0,6,39,99,43,34,28,21,3,15,4,287
UCL121115,8,0,8,3,0,0,0,0,0,20,0,0,0,0,0,0,0,0,0,0,0,0,0,0,0,0,0,0,0,0,0,0,0,0,0,0,0,0,0,4,15,42,30,24,13,11,4,14,3,151
UCL121116,0,0,6,0,0,4,0,3,0,13,0,0,0,0,0,0,0,0,0,0,0,0,0,0,0,0,0,0,0,3,0,0,3,0,6,0,0,0,0,12,56,94,88,33,39,11,35,11,3,371
UCL121117,0,0,4,3,0,0,0,0,0,16,0,0,0,0,0,0,0,0,0,0,0,0,0,0,0,0,0,0,0,0,0,0,0,0,6,6,0,7,0,15,23,30,44,32,20,14,4,25,0,199
UCL121118,0,0,0,3,5,0,0,0,0,9,0,0,0,0,0,0,0,0,0,0,0,0,4,0,0,0,0,0,0,3,0,0,0,0,0,0,0,0,0,3,27,46,30,29,21,4,16,7,3,180
UCL121119,0,0,5,7,0,0,0,0,0,19,0,0,0,0,0,0,0,0,0,0,0,0,3,0,0,0,0,0,0,4,0,0,0,0,0,0,0,0,0,6,30,40,40,45,40,11,18,18,6,250
UCL121120,0,0,0,0,0,0,0,0,0,4,0,0,0,0,0,0,0,0,0,0,0,0,0,0,0,0,0,0,0,0,0,0,0,0,3,0,0,0,0,9,10,19,4,16,8,0,3,0,0,65
UCL121121,0,0,7,0,0,0,0,0,0,6,0,0,0,0,0,0,0,0,0,0,0,0,0,0,0,0,0,0,0,0,0,0,0,0,0,0,0,0,0,4,14,44,41,19,27,10,10,12,0,185
UCL121122,0,0,7,0,0,0,0,0,0,7,0,0,0,0,0,0,0,0,0,0,0,0,0,0,0,0,0,0,0,3,0,0,0,0,0,4,0,0,0,4,19,56,46,27,26,6,5,9,0,202
UCL121123,0,0,4,0,0,0,0,5,0,13,0,0,0,0,0,0,0,0,0,0,0,0,0,0,0,0,0,0,0,4,0,0,0,0,0,0,0,7,6,16,17,28,39,29,21,11,10,21,3,174
UCL121124,4,0,7,0,0,0,0,0,0,13,0,0,0,0,0,0,0,0,0,0,0,0,0,0,0,0,0,0,0,0,0,0,0,0,0,0,0,0,4,5,22,21,12,14,11,5,5,13,5,107
UCL121125,0,0,4,0,3,0,0,0,0,14,0,0,0,0,0,0,0,0,0,0,0,0,0,0,0,0,0,0,0,0,0,0,0,0,0,0,0,4,0,5,20,35,31,36,19,16,10,26,5,191
UCL121126,0,0,0,7,0,3,0,0,0,12,0,0,0,0,0,0,0,0,0,0,0,0,0,0,0,0,0,0,0,0,0,0,0,0,0,0,0,6,0,3,26,25,26,36,24,11,11,17,0,176
UCL121127,3,0,0,4,0,0,0,3,0,15,0,0,0,0,0,0,0,0,0,0,0,0,0,0,0,0,0,0,0,4,0,0,0,3,0,0,0,0,0,3,17,36,51,30,31,7,15,20,3,212
UCL121128,6,0,3,7,0,0,3,0,0,17,0,0,0,0,0,0,0,0,0,0,3,0,0,0,0,0,0,0,0,5,0,0,0,0,0,0,0,0,3,6,40,65,83,49,50,18,30,31,5,366
UCL122001,0,0,0,0,0,0,0,0,0,3,0,0,0,0,0,0,0,0,0,0,0,0,0,0,0,0,0,0,0,0,0,0,0,0,0,0,0,0,0,3,8,9,19,16,5,9,9,4,0,81
UCL122002,0,0,4,0,0,0,0,0,0,4,0,0,0,0,0,0,0,0,0,0,0,0,0,0,0,0,0,0,0,0,0,0,0,0,0,0,0,0,0,3,17,9,12,11,9,0,7,0,0,53
UCL122003,0,0,0,0,0,0,0,0,0,0,0,0,0,0,0,0,0,0,0,0,0,0,0,0,0,0,0,0,0,4,0,0,0,0,0,0,0,0,0,4,22,36,28,18,20,11,12,8,3,155
UCL122004,0,0,4,4,0,0,0,0,0,9,0,0,0,0,0,0,0,0,0,0,0,0,0,0,0,0,0,0,0,0,0,0,0,0,0,0,0,0,0,0,12,23,8,7,3,5,0,6,0,62
UCL122005,0,0,0,0,0,0,0,0,0,0,0,0,0,0,0,0,0,0,0,0,0,0,0,0,0,0,0,0,0,0,0,0,0,0,0,0,0,0,0,0,7,10,7,15,7,4,4,0,0,52
UCL122006,0,0,0,0,0,0,0,0,0,0,0,0,0,0,0,0,0,0,0,0,0,0,0,0,0,0,0,0,0,0,0,0,0,0,0,0,0,0,0,4,3,12,9,8,0,0,5,8,0,60
UCL122007,0,0,0,0,0,0,0,6,0,8,0,0,0,0,0,0,0,0,0,0,0,0,0,0,0,0,0,0,0,0,0,0,0,0,0,0,3,0,7,11,9,13,11,18,6,3,9,9,3,78
UCL122008,0,0,0,0,0,0,0,0,0,8,0,0,0,0,0,0,0,0,0,0,0,0,0,0,0,0,0,0,0,0,0,0,0,0,0,0,0,0,0,0,11,16,19,9,7,0,0,7,0,73
UCL122009,4,0,4,0,0,0,3,0,0,14,0,0,0,0,0,0,0,0,0,0,0,0,0,0,0,0,0,0,0,0,0,0,0,0,0,0,0,0,3,8,10,11,21,14,5,0,7,10,8,87
UCL122010,0,0,0,0,0,0,0,0,0,0,0,0,0,0,0,0,0,0,0,0,0,0,0,0,0,0,0,0,0,0,0,0,0,0,0,0,0,0,0,0,12,20,17,9,17,0,10,4,0,102
UCL122011,0,0,3,3,0,0,0,0,0,6,0,0,0,0,0,0,0,0,0,0,0,0,0,0,0,0,0,0,0,3,0,0,6,0,0,0,0,0,0,5,14,27,40,16,20,4,10,7,0,141
UCL122012,0,0,0,0,0,0,0,0,0,0,0,0,0,0,0,0,0,0,0,0,0,0,0,0,0,0,0,0,0,0,0,0,0,0,0,0,0,0,0,5,7,14,4,9,8,0,7,6,0,50
UCL122013,0,0,0,0,0,0,0,0,0,0,0,0,0,0,0,0,0,0,0,0,0,0,0,0,0,0,0,0,0,0,0,0,0,0,0,0,3,0,0,3,6,5,4,6,3,0,3,0,0,24
UCL122014,0,0,0,3,0,0,0,0,0,7,0,0,0,0,0,0,0,0,0,0,0,0,0,0,0,0,0,0,0,0,0,0,0,0,0,0,0,4,0,6,11,12,15,18,8,7,5,7,0,80
UCL122015,4,0,0,0,0,0,0,0,0,3,0,0,0,0,0,0,0,0,0,0,0,0,0,0,0,0,0,0,0,0,0,0,0,0,0,0,0,0,0,0,19,26,10,0,11,4,0,5,0,82
UCL122016,0,0,0,0,0,0,0,0,0,0,0,0,0,0,0,0,0,0,0,0,0,0,0,0,0,0,0,0,0,0,0,0,0,4,0,0,0,0,0,9,16,14,21,9,12,3,7,4,0,84
UCL122017,0,0,0,0,0,0,0,0,0,6,0,0,0,0,0,0,0,0,0,0,0,0,0,0,0,0,0,0,0,0,0,0,0,0,0,0,0,0,0,0,11,21,11,15,10,6,4,4,0,80
UCL122018,0,0,0,0,0,0,0,0,0,0,0,0,0,0,0,0,0,0,0,0,0,0,0,0,0,0,0,0,0,0,0,0,0,0,0,0,0,0,0,6,4,12,4,13,0,3,3,7,5,53
UCL122019,0,0,4,0,0,0,0,0,0,3,0,0,0,0,0,0,0,0,0,0,0,0,0,0,0,0,0,0,0,0,0,0,0,0,0,0,0,0,0,5,8,11,13,17,12,0,3,6,0,77
UCL122020,0,0,0,0,0,0,0,0,0,6,0,0,0,0,0,0,0,0,0,0,0,0,0,0,0,0,0,0,0,0,0,0,0,0,0,0,0,0,0,0,12,16,9,12,0,5,3,9,0,54
UCL122021,0,0,4,0,0,0,0,0,0,5,0,0,0,0,0,0,0,0,0,0,0,0,0,0,0,0,0,0,0,0,0,0,0,0,0,0,0,0,0,0,14,22,11,3,8,4,0,3,0,64
UCL122022,0,0,0,0,0,0,0,0,0,7,0,0,0,0,0,0,0,0,0,0,0,0,3,0,0,0,0,0,0,8,0,0,0,0,0,0,0,0,0,0,23,23,25,14,32,13,3,14,0,143
UCL122023,0,0,0,0,0,0,0,0,0,7,0,0,0,0,0,0,0,0,0,0,0,0,0,0,0,0,0,0,0,0,0,0,0,0,0,0,0,0,0,7,25,47,12,24,20,7,3,3,0,140
UCL122024,0,0,5,0,4,0,0,0,0,9,0,0,0,0,0,0,0,0,0,0,0,0,0,0,0,0,0,0,0,0,0,0,0,0,0,0,0,0,0,0,9,12,19,14,9,0,5,4,0,73
UCL122025,0,0,0,0,0,0,0,0,0,0,0,0,0,0,0,0,0,0,0,0,0,0,0,0,0,0,0,0,0,0,0,0,0,0,0,0,0,0,0,4,9,14,23,10,11,0,5,5,4,80
UCL122026,0,0,0,0,0,0,0,0,0,4,0,0,0,0,0,0,0,0,0,0,0,0,0,0,0,0,0,0,0,0,0,0,0,0,0,0,0,0,0,4,6,4,15,7,4,0,16,8,0,60
UCL122027,0,0,0,0,0,0,0,0,0,0,0,0,0,0,0,0,0,0,0,0,0,0,0,0,0,0,0,0,0,7,0,0,0,0,0,0,0,0,0,0,5,29,4,4,6,0,0,0,0,57
UCL122028,0,0,0,0,0,0,0,0,0,3,0,0,0,0,0,0,0,0,0,0,0,0,0,0,0,0,0,0,0,0,0,0,0,0,0,0,0,0,0,3,3,12,14,15,9,0,3,8,3,70
UCL122029,5,0,0,3,0,0,0,0,0,6,0,0,0,0,0,0,0,0,0,0,0,0,0,0,0,0,0,0,0,0,4,0,0,0,0,0,0,0,0,7,23,23,10,13,7,0,3,5,0,86
UCL122030,0,0,0,0,0,0,0,0,0,0,0,0,0,0,0,0,0,0,0,0,0,0,0,0,0,0,0,0,0,3,0,0,0,0,0,0,0,0,0,3,10,43,18,15,14,4,0,6,3,115
UCL122031,0,0,0,7,0,0,0,0,0,8,0,0,0,0,0,0,0,0,0,0,0,0,0,0,0,0,0,0,0,0,0,0,0,0,0,0,0,0,0,0,24,42,26,29,24,7,10,11,0,172
UCL122032,3,0,3,0,0,0,0,0,0,8,0,0,0,0,0,0,0,0,0,0,0,0,0,0,0,0,0,0,0,4,0,0,0,0,0,0,0,0,0,5,19,28,31,10,15,8,7,8,0,129
UCL122033,0,0,0,0,3,0,0,0,0,11,0,0,0,0,0,0,0,0,0,0,0,0,0,0,0,0,0,0,0,0,0,0,0,0,0,0,0,0,0,0,8,7,17,5,13,0,9,5,0,71
UCL122034,0,0,0,5,0,0,0,0,0,4,0,0,0,0,0,0,0,0,0,0,0,0,0,0,0,0,0,0,0,0,0,0,0,0,0,0,0,0,0,4,10,20,13,19,11,0,0,3,0,90
UCL122035,0,0,6,0,0,0,0,0,0,9,0,0,0,0,0,0,0,0,0,0,0,0,0,0,0,0,0,0,0,0,0,0,0,0,0,0,0,0,0,4,19,17,20,13,16,9,0,9,0,95
UCL122036,0,0,0,0,0,0,0,0,0,3,0,0,0,0,0,0,0,0,0,0,0,0,0,0,0,0,0,0,0,0,0,0,0,0,0,0,0,0,0,5,3,10,4,21,7,0,3,0,3,55
UCL122037,0,0,0,0,4,0,0,0,0,4,0,0,0,0,0,0,0,0,0,0,0,0,0,0,0,0,0,0,0,0,0,0,0,0,0,0,0,0,0,0,21,31,14,18,14,5,6,6,3,111
UCL122038,0,0,0,5,0,0,0,0,0,8,0,0,0,0,0,0,0,0,0,0,0,0,0,0,0,0,0,0,0,0,0,0,0,0,3,0,0,0,0,3,16,26,20,7,12,0,3,3,0,87
UCL122039,0,0,3,0,0,0,0,0,0,14,0,0,0,0,0,0,0,0,0,0,0,0,0,0,0,0,0,0,0,0,4,0,0,0,0,0,0,0,0,8,17,12,21,22,10,6,0,8,4,104
UCL122040,0,0,0,0,0,0,0,0,0,0,0,0,0,0,0,0,0,0,0,0,0,0,0,0,0,0,0,0,0,0,0,0,0,0,0,0,0,0,0,0,0,5,0,16,8,0,5,0,0,37
UCL122041,0,0,3,0,0,0,0,0,0,9,0,0,0,0,0,0,0,0,0,0,0,0,0,0,0,0,0,0,0,0,0,0,0,0,0,0,0,0,0,0,11,22,27,26,14,3,3,17,0,130
UCL122042,0,0,3,0,4,0,0,0,0,8,0,0,0,0,0,0,0,0,0,0,0,0,0,0,0,0,0,0,0,0,0,0,0,0,0,0,0,0,0,0,10,11,25,17,8,10,12,3,3,99
UCL122043,0,0,3,0,0,0,0,6,0,10,0,0,0,0,0,0,0,0,0,0,0,0,0,0,0,0,0,0,0,0,0,0,0,0,0,0,0,0,5,3,7,8,19,14,10,5,3,13,5,85
UCL122044,0,0,0,0,0,0,0,0,0,0,0,0,0,0,0,0,0,0,0,0,0,0,0,0,0,0,0,0,0,0,0,0,4,0,0,0,0,0,0,4,3,0,8,0,0,0,6,3,0,23
UCL122045,0,0,0,0,0,0,0,0,0,0,0,0,0,0,0,0,0,0,0,0,0,0,0,0,0,0,0,0,0,0,0,0,0,0,0,0,0,0,0,0,0,9,5,6,6,3,9,6,0,45
UCL122046,0,0,0,0,0,4,0,0,0,5,0,0,0,0,0,0,0,0,0,0,0,0,0,0,0,0,0,0,0,4,0,0,0,0,0,0,0,0,0,3,17,39,38,12,14,9,0,12,0,142
UCL122047,0,0,0,0,0,0,0,0,0,7,0,0,0,0,0,0,0,0,0,0,0,4,0,0,0,0,0,0,0,4,0,0,0,0,0,0,0,0,0,3,27,66,8,8,10,5,4,5,0,128
UCL122048,0,0,0,0,0,0,0,0,0,0,0,0,0,0,0,0,0,0,0,0,0,0,0,0,0,0,0,0,0,0,0,0,0,0,0,0,0,0,0,3,3,12,9,14,9,3,4,7,3,59
UCL122049,0,0,4,0,0,0,0,0,0,4,0,0,0,0,0,0,0,0,0,0,0,0,0,0,0,0,0,0,0,3,0,0,0,0,0,0,0,0,0,6,4,5,14,10,0,8,0,9,0,48
UCL122050,0,0,0,0,0,0,0,0,0,0,0,0,0,0,0,0,0,0,0,0,0,0,0,0,0,0,0,0,0,0,0,0,0,0,0,0,0,0,0,0,4,6,0,5,8,0,3,4,0,32
UCL122051,0,0,0,0,0,0,0,0,0,8,0,0,0,0,0,0,0,0,0,0,0,0,0,0,0,0,0,0,0,0,0,0,0,0,0,0,0,0,0,0,3,6,10,14,0,7,3,6,0,46
UCL122052,0,0,0,4,0,0,0,0,0,4,0,0,0,0,0,0,0,0,0,0,0,4,0,0,0,0,0,6,0,8,0,0,0,0,0,0,0,0,0,0,14,23,17,8,3,4,0,7,0,79
UCL122053,0,0,0,0,0,0,0,4,0,10,0,0,0,0,0,0,0,0,0,0,0,0,0,0,0,0,0,0,0,0,0,0,0,0,0,0,0,0,0,0,4,6,6,9,3,0,0,4,0,33
UCL122054,4,0,4,0,3,0,0,0,0,13,0,0,0,0,0,0,0,0,0,0,0,0,0,0,0,0,0,0,0,0,0,0,0,0,0,0,0,3,0,12,14,16,13,7,6,0,13,14,0,97
UCL122055,0,0,0,0,0,0,0,0,0,6,0,0,0,0,0,0,0,0,0,0,0,0,0,0,0,0,0,0,0,0,0,3,0,0,0,0,0,0,0,0,24,52,17,10,17,4,0,0,0,131
UCL122056,0,0,3,0,0,0,0,0,0,7,0,0,0,0,0,0,0,0,0,0,0,0,0,0,0,0,0,0,0,0,0,0,0,0,0,0,0,0,0,0,7,22,13,3,4,8,0,3,0,67
UCL122057,0,0,0,0,0,0,0,0,0,5,0,0,0,0,0,0,0,0,0,0,3,0,0,0,0,0,0,0,0,0,0,0,0,0,0,0,0,0,0,0,13,18,14,15,13,4,4,5,0,84
UCL122058,0,0,0,0,4,0,0,0,0,11,0,0,0,0,0,0,0,0,0,3,0,0,0,0,0,0,0,0,0,0,0,0,0,0,0,0,0,0,0,4,7,23,14,18,16,4,7,14,0,105
UCL122059,0,0,3,0,0,0,0,0,0,3,0,0,0,0,0,0,0,0,0,0,0,0,0,0,0,0,0,0,0,0,0,0,0,0,0,0,0,0,0,3,16,18,29,31,23,7,3,3,0,136
UCL122060,0,0,0,0,0,0,0,0,0,3,0,0,0,0,0,0,0,0,0,0,0,0,0,0,0,0,0,0,0,5,0,0,0,0,0,3,0,3,0,6,11,10,11,16,12,14,6,12,0,82
UCL122061,0,0,0,0,0,0,0,0,0,0,0,0,0,0,0,0,0,0,0,0,0,0,0,0,0,0,0,0,3,3,0,0,0,0,0,0,0,0,0,0,0,7,0,0,3,0,0,0,5,20
UCL122062,0,0,0,0,0,0,0,0,0,3,0,0,0,0,0,0,0,0,0,0,0,0,0,0,0,0,0,0,0,0,0,0,0,0,0,0,4,0,0,4,17,6,13,13,9,9,6,10,0,82
UCL122063,0,0,0,0,0,0,0,0,0,0,0,0,0,0,0,0,0,0,0,0,0,0,0,0,0,0,0,0,0,0,0,0,0,0,0,0,0,0,0,3,9,7,21,15,10,0,6,3,0,75
UCL122064,0,0,0,0,0,0,0,0,0,0,0,0,0,0,0,0,0,0,0,0,0,0,0,0,0,0,0,0,0,0,0,0,4,0,0,0,0,3,5,7,3,8,6,13,7,0,0,3,6,45
UCL122065,0,0,0,0,0,0,0,0,0,0,0,0,0,0,0,0,0,0,0,0,0,0,0,0,0,0,0,0,0,0,0,0,3,0,0,0,0,0,0,4,8,33,20,14,7,5,0,4,0,101
UCL122066,0,0,6,3,0,0,0,0,0,10,0,0,0,0,0,0,0,0,0,0,0,0,0,0,0,0,0,0,0,0,0,0,0,0,0,0,0,0,0,4,17,32,30,24,18,9,13,11,6,145
UCL122067,0,0,0,0,0,0,0,3,0,9,0,0,0,0,0,0,0,0,0,0,0,0,0,0,0,0,0,0,0,0,0,0,0,0,5,0,0,0,0,5,9,33,18,29,19,5,9,15,0,126
UCL122068,0,0,0,0,0,0,0,0,0,0,0,0,0,0,0,0,0,0,0,0,0,0,0,0,0,0,0,0,0,0,0,0,0,0,0,0,0,0,0,0,0,11,0,0,0,0,4,4,0,21
UCL122069,0,0,0,0,0,0,0,0,0,4,0,0,0,0,0,0,0,0,0,0,0,0,0,0,0,0,0,0,0,4,0,0,0,0,0,0,0,0,0,0,23,33,17,7,8,3,0,4,0,104
UCL122070,0,0,0,3,3,0,0,0,0,8,0,0,0,0,0,0,0,0,0,0,0,0,0,0,0,0,0,0,0,0,0,0,0,0,0,0,0,0,0,0,31,48,29,12,24,3,0,4,4,152
UCL122071,0,0,0,3,0,3,0,0,0,13,0,0,0,0,0,0,0,0,0,0,0,0,0,0,0,0,0,0,0,0,0,0,0,0,0,0,0,0,0,0,13,18,23,25,3,8,3,5,0,96
UCL122072,0,0,0,0,0,0,0,0,0,9,0,0,0,0,0,0,0,0,0,0,0,0,0,0,0,0,0,0,0,0,0,0,0,0,0,0,0,0,0,5,14,18,15,8,7,5,0,12,0,77
UCL122073,0,0,0,4,0,0,0,0,0,5,0,0,0,0,0,0,0,0,0,0,0,0,0,0,0,0,0,0,0,0,0,0,0,0,4,0,0,0,0,4,5,12,12,4,13,4,0,12,0,67
UCL122074,0,0,0,0,0,0,0,0,0,0,0,0,0,0,0,0,0,0,0,0,0,0,0,0,0,0,0,0,0,0,0,0,0,0,0,0,0,0,0,6,4,4,4,9,4,3,4,5,0,35
UCL122075,0,0,3,0,0,0,0,0,0,7,0,0,0,0,0,0,0,0,0,0,0,0,0,0,0,0,0,0,0,0,0,0,0,0,0,0,0,0,0,0,11,29,22,11,12,4,0,4,0,97
UCL122076,0,0,0,0,0,0,0,0,0,5,0,0,0,0,0,0,0,0,0,0,0,0,0,0,0,0,0,0,0,0,0,0,0,0,0,0,0,0,0,0,12,13,12,9,10,0,8,6,0,68
UCL122077,0,0,0,0,0,0,0,0,0,0,0,0,0,0,0,0,0,0,0,0,0,0,0,0,0,0,0,0,0,0,0,0,0,0,0,0,0,0,0,3,3,4,10,23,7,7,3,5,4,59
UCL122078,0,0,0,0,0,0,0,0,0,0,0,0,0,0,0,0,0,0,0,0,0,0,0,0,0,0,0,0,0,0,0,0,0,0,0,0,0,0,0,0,13,27,12,9,5,5,5,0,0,81
UCL122079,0,0,0,0,0,0,0,0,0,3,0,0,0,0,0,0,0,0,0,0,0,0,0,0,0,0,0,0,0,0,0,0,0,0,0,0,0,0,0,0,14,42,12,17,15,0,0,6,0,107
UCL122080,4,0,0,0,3,0,0,0,0,8,0,0,0,0,0,0,0,0,0,0,0,0,0,0,0,0,0,0,0,0,0,0,3,0,0,0,0,0,0,3,24,28,37,24,14,14,11,6,7,157
UCL122081,0,0,0,6,0,0,0,0,0,5,0,0,0,0,0,0,0,0,0,0,0,0,0,0,0,0,0,0,0,4,0,0,0,0,0,0,0,6,0,6,6,4,7,6,9,0,8,12,0,56
UCL122082,0,0,0,0,0,0,0,0,0,0,0,0,0,0,0,0,0,0,0,0,0,0,0,0,0,0,0,0,0,0,0,0,0,0,0,0,0,0,0,0,4,11,0,8,3,0,3,0,0,38
UCL122083,0,0,0,0,0,0,0,0,0,4,0,0,0,0,0,0,0,0,0,0,0,0,0,0,0,0,0,0,0,0,0,0,0,0,0,0,0,0,0,0,12,28,26,10,17,3,9,4,0,113
UCL122084,0,0,0,0,0,0,0,0,0,3,0,0,0,0,0,0,0,0,0,0,0,0,0,0,0,0,0,0,0,0,0,0,0,0,0,0,0,0,0,0,0,8,11,5,10,0,4,3,0,44
UCL122085,0,0,0,0,0,0,0,3,0,5,0,0,0,0,0,0,0,0,0,0,0,0,0,0,0,0,0,0,0,0,0,0,0,0,0,0,0,0,0,4,0,7,0,6,5,3,3,7,0,42
UCL122086,0,0,0,0,0,0,0,0,0,3,0,0,0,0,0,0,0,0,0,0,0,0,0,0,0,0,0,0,0,0,0,0,0,0,0,0,0,0,0,3,0,16,3,13,5,0,0,3,0,50
UCL122087,0,0,0,0,0,0,0,0,0,0,0,0,0,0,0,0,0,0,0,0,0,0,0,0,0,0,0,0,0,0,0,0,0,0,0,0,0,0,0,4,5,16,5,7,9,3,0,6,0,55
UCL122088,0,0,5,0,0,0,0,0,0,0,0,0,0,0,0,0,0,0,0,0,0,0,4,0,0,0,0,0,0,3,0,0,0,0,0,0,0,0,0,0,6,6,14,5,7,4,0,3,3,48
UCL122089,5,3,3,0,0,0,0,0,0,18,0,0,0,0,0,0,0,0,0,0,0,0,4,0,0,0,0,0,0,4,0,0,0,0,0,0,0,4,0,5,13,13,43,20,19,4,8,11,0,139
UCL122090,0,0,3,0,0,0,0,0,0,9,0,0,0,0,0,0,0,0,0,0,0,0,0,0,0,0,0,0,0,5,0,0,0,0,3,0,0,4,0,9,47,49,32,12,25,7,4,14,6,188
UCL122091,0,0,0,0,0,0,0,0,0,0,0,0,0,0,0,0,0,0,0,0,0,0,0,0,0,0,0,0,0,0,0,0,0,0,0,0,0,0,0,3,14,7,8,12,10,6,5,14,0,72
UCL122092,0,0,3,3,0,0,0,0,0,5,0,0,0,0,0,0,0,0,0,0,0,3,0,0,0,0,0,0,0,3,0,0,0,0,0,0,0,0,0,5,9,34,25,12,17,3,3,5,8,122
UCL122093,0,0,0,0,0,0,0,0,0,7,0,0,0,0,0,0,0,0,0,4,0,0,0,0,0,0,0,0,0,0,0,0,0,0,0,0,0,0,0,3,15,21,9,20,8,0,3,5,3,84
UCL122094,0,0,0,3,0,0,0,0,0,8,0,0,0,0,0,0,0,0,0,0,0,0,0,0,0,0,0,0,0,3,0,0,0,0,0,0,0,0,0,7,12,22,17,13,14,3,0,9,0,90
UCL122095,0,0,3,0,0,0,0,0,0,6,0,0,0,0,0,0,0,0,0,0,0,0,0,0,0,0,0,0,0,0,0,0,0,0,0,0,0,0,0,0,7,10,9,13,7,3,11,5,0,73
UCL122096,0,0,0,4,0,0,0,0,0,4,0,0,0,0,0,0,0,0,0,0,0,0,0,0,0,0,0,0,0,0,0,0,0,0,0,0,0,0,0,0,5,9,16,3,5,4,9,4,0,54
UCL122097,0,0,0,0,0,3,0,0,0,3,0,0,0,0,0,0,0,0,0,0,0,0,0,0,0,0,0,0,0,4,0,0,0,0,0,0,0,0,0,0,4,9,16,7,9,10,0,4,0,65
UCL122098,0,0,6,3,0,0,0,0,0,4,0,0,0,0,0,0,0,0,0,0,0,0,0,0,0,0,0,0,0,4,0,0,0,0,0,0,0,0,0,0,9,18,5,28,10,4,3,6,0,90
UCL122099,0,0,3,0,0,0,0,0,0,8,0,0,0,0,0,0,0,0,0,0,0,0,0,0,0,0,0,0,0,0,0,0,0,0,0,0,0,0,0,4,3,5,14,7,4,4,4,3,0,58
UCL122100,0,3,0,0,0,0,0,0,0,7,0,0,0,0,0,0,0,0,0,0,0,0,0,0,0,0,0,0,0,7,0,0,0,0,3,0,0,0,0,6,24,28,21,20,20,11,0,8,0,123
UCL122101,0,3,0,5,0,0,0,5,0,12,0,0,0,0,0,0,0,0,0,0,0,0,0,0,0,0,0,0,0,0,0,0,0,0,0,0,0,0,0,4,13,27,21,26,20,6,3,8,0,133
UCL122102,0,0,3,0,0,0,0,0,0,7,0,0,0,0,0,0,0,0,0,0,0,0,0,0,0,0,0,0,0,0,0,0,0,0,0,0,0,0,0,4,8,3,4,8,9,0,3,4,3,57
UCL122103,0,0,0,0,0,0,0,0,0,7,0,0,0,0,0,0,0,0,0,0,0,0,0,0,0,0,0,0,0,0,0,0,0,0,0,0,0,0,0,4,3,4,3,5,14,0,16,15,0,61
UCL122104,0,0,0,0,4,0,0,0,0,0,0,0,0,0,0,0,0,0,0,0,0,0,0,0,0,0,0,0,0,0,0,0,0,0,0,0,0,0,0,0,34,24,31,22,22,4,7,3,0,146
UCL122105,0,0,4,0,0,0,0,0,0,7,0,0,0,0,0,0,0,0,0,0,0,0,0,0,0,0,0,0,0,0,0,0,3,0,0,0,0,0,0,3,26,60,18,11,15,3,5,7,4,149
UCL122106,0,0,0,0,0,0,0,0,0,10,0,0,0,0,0,0,0,0,0,0,0,0,0,0,0,0,0,0,0,0,3,0,0,0,0,0,0,0,0,3,8,3,16,9,3,5,6,10,0,58
UCL122107,4,0,5,0,0,0,0,0,0,8,0,0,0,0,0,0,0,0,0,0,0,0,0,0,0,0,0,0,0,8,0,0,0,0,3,0,0,0,0,8,19,27,23,14,25,11,12,4,0,132
UCL122108,0,0,0,0,0,0,0,0,0,0,0,0,0,0,0,0,0,0,0,0,0,0,0,0,0,0,0,0,0,0,0,0,0,0,0,0,0,0,0,4,11,23,3,7,6,0,0,5,0,50
UCL122109,3,0,4,0,0,0,0,0,0,7,0,0,0,0,0,0,0,0,0,0,0,0,0,0,0,0,0,0,0,0,0,0,0,0,0,0,0,0,0,0,27,4,4,0,4,0,0,15,0,53
UCL122110,3,0,0,0,0,0,0,0,0,4,0,0,0,0,0,0,0,0,0,0,0,0,0,0,0,0,0,0,0,0,0,0,0,0,0,0,0,0,0,3,15,29,27,23,13,9,9,3,0,136
UCL122111,0,0,0,0,3,0,0,0,0,7,0,0,0,0,0,0,0,0,0,0,0,3,0,0,0,0,0,0,0,3,0,0,0,0,0,0,0,0,0,5,29,39,29,5,23,7,10,4,0,149
UCL122112,0,0,3,0,0,0,0,0,0,8,0,0,0,0,0,0,0,0,0,0,0,0,0,0,0,0,0,0,0,3,0,0,0,0,0,0,0,0,0,3,13,17,14,10,13,4,4,3,0,78
UCL122113,0,0,0,0,0,0,0,0,0,0,0,0,0,0,0,0,0,0,0,0,0,0,0,0,0,0,0,0,0,0,0,0,0,0,0,0,0,0,0,0,7,11,12,10,5,10,0,4,0,63
UCL122114,0,0,0,0,0,0,0,0,0,0,0,0,0,0,0,0,0,0,0,0,0,0,0,0,0,0,0,0,0,0,0,0,0,0,0,0,0,0,0,5,5,19,3,8,11,0,0,6,3,68
UCL122115,0,0,0,0,3,0,0,0,0,3,0,0,0,0,0,0,0,0,0,0,0,0,0,4,0,0,0,0,0,4,0,0,0,0,0,0,0,0,0,0,10,14,12,12,19,4,0,4,3,78
UCL122116,0,0,0,0,0,0,0,0,0,4,0,0,0,0,0,0,0,0,0,0,0,4,0,0,0,0,0,0,0,4,0,0,0,0,0,0,0,0,0,0,13,30,14,8,11,7,3,0,0,81
UCL122117,0,0,0,5,0,3,5,0,0,10,0,0,0,0,0,0,0,0,0,0,0,0,0,0,0,0,0,0,0,0,0,0,0,0,0,0,0,0,0,3,10,36,44,20,20,5,18,5,0,161
UCL122118,0,0,0,0,0,3,0,0,0,8,0,0,0,0,0,0,0,0,0,0,0,0,0,0,0,0,0,0,0,0,0,0,0,0,0,0,0,0,0,7,6,25,26,10,12,10,10,3,4,102
UCL122119,4,0,4,0,0,0,0,0,0,4,0,0,0,0,0,0,0,0,0,0,0,0,0,0,0,0,0,0,0,3,0,0,0,0,0,0,0,0,0,8,22,39,22,13,11,4,0,0,0,116
UCL122120,0,0,8,0,0,0,0,0,0,18,0,0,0,0,0,0,0,0,0,0,0,0,0,0,0,0,0,0,0,0,0,0,0,0,0,0,3,0,0,3,9,34,31,23,18,9,10,21,0,144
UCL122121,0,0,0,0,0,0,0,0,0,4,0,0,0,0,0,0,0,0,0,0,0,0,0,0,0,0,0,0,0,0,0,0,0,0,0,0,4,0,0,6,11,18,12,13,8,6,10,6,0,90
UCL122122,0,0,0,0,0,0,0,0,0,0,0,0,0,0,0,0,0,0,0,0,0,0,0,0,0,0,0,0,0,0,0,0,0,0,0,0,0,0,0,3,39,57,29,24,32,0,10,0,6,189
UCL122123,0,0,0,0,0,0,0,0,0,0,0,0,0,0,0,0,0,0,0,0,0,0,0,0,0,0,0,0,0,0,0,0,0,0,0,0,0,0,0,0,3,3,8,10,3,3,0,0,0,32
UCL122124,0,0,0,0,0,0,0,0,0,0,0,0,0,0,0,0,0,0,0,0,0,0,0,0,0,0,0,0,0,0,0,0,0,0,0,0,0,0,0,3,33,48,20,10,12,4,0,0,3,138
UCL122125,0,0,0,0,0,0,0,0,0,0,0,0,0,0,0,0,0,0,0,0,0,0,0,0,0,0,0,0,0,0,0,0,0,0,0,0,0,0,0,0,10,5,8,10,0,0,0,7,0,38
UCL122126,0,0,4,0,0,0,0,0,0,11,0,0,0,0,0,0,0,0,0,0,0,0,0,0,0,0,0,0,0,0,0,0,0,0,0,0,0,0,0,3,26,46,26,20,13,6,7,0,3,147
UCL122127,0,0,0,0,0,0,0,4,0,3,0,0,0,0,0,0,0,0,0,0,0,0,0,0,0,0,0,0,0,0,0,0,0,0,0,0,0,0,0,0,8,18,13,14,14,6,6,9,0,84
UCL122128,0,0,0,0,0,0,0,0,0,3,0,0,0,0,0,0,0,0,0,0,0,0,0,0,0,0,0,0,0,0,0,0,0,0,0,0,0,0,0,0,8,4,5,6,8,5,6,5,0,48
UCL122129,0,0,0,0,0,0,0,0,0,5,0,0,0,0,0,0,0,0,0,0,0,0,0,0,0,0,0,0,0,0,0,0,0,0,0,0,0,0,0,0,20,21,9,11,16,6,0,7,0,93
UCL122130,0,0,0,0,0,0,0,0,0,4,0,0,0,0,0,0,0,0,0,0,0,0,0,0,0,0,0,0,0,0,0,0,0,0,0,0,0,0,0,0,3,10,14,8,4,0,3,9,0,49
UCL122131,9,0,12,3,0,0,0,0,0,26,0,0,0,0,0,0,0,0,0,0,0,0,0,0,0,0,0,0,0,0,0,0,0,0,0,0,0,0,0,0,35,12,21,21,6,8,10,13,3,132
UCL122132,0,0,0,0,0,0,0,0,0,4,0,0,0,0,0,0,0,0,0,0,0,0,0,0,0,0,0,0,0,0,0,0,0,0,0,0,0,0,0,10,0,9,12,19,3,0,5,4,3,57
UCL122133,0,0,0,0,0,0,0,0,0,4,0,0,0,0,0,0,0,0,0,0,0,0,0,0,0,0,0,0,0,0,0,0,0,0,0,0,0,0,0,0,3,10,9,3,3,0,3,7,0,30
UCL122134,0,0,4,0,0,9,0,0,0,13,0,0,0,0,0,0,0,0,0,0,4,0,0,0,0,0,0,0,0,9,0,0,0,0,0,0,0,0,0,7,33,33,26,14,16,13,3,8,3,154
UCL122135,0,0,4,0,0,0,0,0,0,7,0,0,0,0,0,0,0,0,0,0,0,0,0,0,0,0,0,0,0,0,0,0,0,0,0,0,0,3,0,8,16,6,14,0,3,0,4,11,0,62
UCL122136,0,0,0,0,0,0,0,0,0,0,0,0,0,0,0,0,0,0,0,0,0,0,0,0,0,0,0,0,0,0,0,0,0,3,0,0,0,0,0,5,0,0,0,11,0,0,0,5,0,17
UCL122137,0,0,0,0,0,0,0,0,0,4,0,0,0,0,0,0,0,0,0,0,0,0,0,0,0,0,0,0,0,0,0,0,0,0,0,0,0,0,0,4,8,6,11,11,4,0,3,4,0,45
UCL122138,0,0,0,0,0,0,0,0,0,11,0,0,0,0,0,0,0,0,0,0,0,0,0,0,0,0,0,0,0,4,0,0,0,0,0,0,0,0,0,0,7,26,8,12,9,5,5,6,0,76
UCL122139,0,0,4,3,0,0,0,4,0,10,0,0,0,0,0,0,0,0,0,0,0,0,0,0,0,0,0,0,0,0,0,0,0,0,0,0,0,3,0,4,4,5,7,22,6,7,11,12,0,62
UCL122140,0,0,0,0,0,0,0,0,0,0,0,0,0,0,0,0,0,0,0,0,0,0,0,0,0,0,0,0,0,0,0,0,0,0,0,0,0,0,0,0,5,18,3,10,3,0,3,3,0,45
UCL122141,3,0,3,4,0,0,0,0,0,13,0,0,0,0,0,0,0,0,0,0,0,0,0,0,4,0,0,0,0,7,0,0,0,0,0,0,0,4,6,6,13,32,34,25,15,4,11,20,4,158
UCL122142,0,0,6,0,0,0,0,0,0,6,0,0,0,0,0,0,0,0,0,0,0,0,0,0,0,0,0,0,0,0,0,0,0,0,0,0,0,0,0,0,5,17,11,11,0,6,0,8,0,56
UCL122143,0,0,0,0,0,0,0,0,0,8,0,0,0,0,0,0,0,0,0,0,0,0,0,0,0,0,0,0,0,0,0,0,0,0,0,0,0,0,0,3,15,18,7,9,3,0,4,7,0,58
UCL122144,0,0,0,0,0,0,0,0,0,5,0,0,0,0,0,0,0,0,0,0,0,0,0,0,0,0,0,0,0,4,0,0,0,0,0,0,0,0,0,6,8,13,13,22,14,6,8,6,0,93
UCL122145,0,0,0,0,0,0,0,0,0,4,0,0,0,0,0,0,0,0,0,0,0,0,0,0,0,0,0,0,0,0,0,0,0,0,0,0,0,0,0,0,9,3,6,3,0,4,4,0,0,30
UCL122146,0,0,0,0,0,0,0,0,0,0,0,0,0,0,0,0,0,0,0,0,0,0,0,0,0,0,0,0,0,3,0,0,0,0,0,0,0,0,4,8,6,9,11,8,8,0,5,4,4,45
UCL122147,0,0,0,0,0,0,0,0,0,0,0,0,0,0,0,0,0,0,0,0,0,0,0,0,0,0,0,0,0,0,0,0,0,0,0,0,0,0,0,4,3,0,0,0,3,0,0,0,0,14
UCL122148,0,0,0,0,0,0,0,0,0,0,0,0,0,0,0,0,0,0,0,0,0,0,0,0,0,0,0,0,0,0,0,0,0,0,0,0,0,0,0,4,6,9,4,3,5,0,8,4,0,47
UCL122149,0,0,0,0,0,0,0,0,0,6,0,0,0,0,0,0,0,0,0,0,0,0,0,0,0,0,0,0,0,3,0,0,0,0,0,0,0,0,0,0,10,0,11,9,5,0,0,9,4,56
UCL122150,0,0,4,4,6,0,0,0,0,16,0,0,0,0,0,0,0,0,0,0,4,0,0,0,0,0,0,0,0,6,0,0,0,0,0,0,0,0,3,10,18,28,27,34,13,12,10,14,6,150
UCL122151,0,0,0,0,0,0,0,0,0,4,0,0,0,0,0,0,0,0,0,0,0,0,0,0,0,0,0,0,0,0,0,0,0,0,0,0,0,0,3,8,9,16,7,8,3,6,0,7,3,59
UCL122152,0,0,0,0,0,0,0,0,0,3,0,0,0,0,0,0,0,0,0,0,0,0,0,0,0,0,0,0,0,0,0,0,0,0,0,0,0,0,0,0,5,8,7,6,9,0,4,3,0,45
UCL122153,0,0,5,0,4,0,0,0,0,9,0,0,0,0,0,0,0,0,0,0,0,5,0,0,0,0,0,0,0,3,0,0,0,0,0,0,0,0,0,3,20,30,33,12,16,0,4,5,0,132
UCL122154,0,0,3,0,0,0,0,0,0,8,0,0,0,0,0,0,0,0,0,0,0,0,0,0,0,0,0,0,0,0,0,0,0,0,0,0,0,0,0,3,22,59,33,29,18,9,8,8,3,185
UCL122155,3,0,3,0,0,0,0,0,0,5,0,0,0,0,0,0,0,0,0,0,0,0,0,0,0,0,0,0,0,0,0,0,0,0,0,0,0,5,7,14,8,24,29,12,18,6,23,21,4,141
UCL122156,0,0,3,0,0,0,0,9,0,11,0,0,0,0,0,0,0,0,0,0,0,0,0,0,0,0,0,0,0,0,0,0,5,0,0,0,0,0,0,10,4,19,26,6,15,3,10,20,0,102
UCL122157,0,0,0,0,0,0,0,0,0,6,0,0,0,0,0,0,0,0,0,0,0,0,0,0,0,0,0,0,0,0,0,0,0,0,0,4,0,0,0,5,32,32,26,11,36,8,10,4,0,161
UCL122158,0,0,0,0,0,0,0,0,0,0,0,0,0,0,0,0,0,0,0,0,0,0,0,0,0,0,0,0,0,0,0,0,0,0,0,0,0,0,0,3,0,13,6,7,0,3,6,3,0,41
UCL131001,1344,244,2292,1313,1180,653,484,986,141,8633,16,21,13,18,9,13,9,29,3,135,592,402,263,250,280,85,234,212,100,2420,1289,430,823,502,530,429,598,842,831,6270,41938,40976,28939,17710,20624,7538,9083,12304,3269,182372
UCL179997,0,0,0,0,0,0,0,0,0,0,0,0,0,0,0,0,0,0,0,0,0,0,0,0,0,0,0,0,0,0,0,0,0,0,0,0,0,0,0,0,0,0,0,0,0,0,0,0,0,0
UCL199994,11,3,33,9,9,8,3,25,0,108,0,0,0,0,0,0,0,0,0,3,8,10,5,5,0,0,9,3,0,31,4,10,6,3,10,3,8,19,19,84,186,453,205,217,159,95,124,224,44,1714
