SED_CODE_2021,P_Germany_0_4,P_Germany_5_14,P_Germany_15_24,P_Germany_25_44,P_Germany_45_54,P_Germany_55_64,P_Germany_65_74,P_Germany_75_84,P_Germany_85ov,P_Germany_Tot,P_Greece_0_4,P_Greece_5_14,P_Greece_15_24,P_Greece_25_44,P_Greece_45_54,P_Greece_55_64,P_Greece_65_74,P_Greece_75_84,P_Greece_85ov,P_Greece_Tot,P_Hong_Kong_SAR_Ch_0_4,P_Hong_Kong_SAR_Ch_5_14,P_Hong_Kong_SAR_Ch_15_24,P_Hong_Kong_SAR_Ch_25_44,P_Hong_Kong_SAR_Ch_45_54,P_Hong_Kong_SAR_Ch_55_64,P_Hong_Kong_SAR_Ch_65_74,P_Hong_Kong_SAR_Ch_75_84,P_Hong_Kong_SAR_Ch_85ov,P_Hong_Kong_SAR_Ch_Tot,P_India_0_4,P_India_5_14,P_India_15_24,P_India_25_44,P_India_45_54,P_India_55_64,P_India_65_74,P_India_75_84,P_India_85ov,P_India_Tot,P_Indonesia_0_4,P_Indonesia_5_14,P_Indonesia_15_24,P_Indonesia_25_44,P_Indonesia_45_54,P_Indonesia_55_64,P_Indonesia_65_74,P_Indonesia_75_84,P_Indonesia_85ov,P_Indonesia_Tot,P_Iran_0_4,P_Iran_5_14,P_Iran_15_24,P_Iran_25_44,P_Iran_45_54,P_Iran_55_64,P_Iran_65_74,P_Iran_75_84,P_Iran_85ov,P_Iran_Tot,P_Iraq_0_4,P_Iraq_5_14,P_Iraq_15_24,P_Iraq_25_44,P_Iraq_45_54,P_Iraq_55_64,P_Iraq_65_74,P_Iraq_75_84,P_Iraq_85ov,P_Iraq_Tot,P_Ireland_0_4,P_Ireland_5_14,P_Ireland_15_24,P_Ireland_25_44,P_Ireland_45_54,P_Ireland_55_64,P_Ireland_65_74,P_Ireland_75_84,P_Ireland_85ov,P_Ireland_Tot,P_Italy_0_4,P_Italy_5_14,P_Italy_15_24,P_Italy_25_44,P_Italy_45_54,P_Italy_55_64,P_Italy_65_74,P_Italy_75_84,P_Italy_85ov,P_Italy_Tot,P_Japan_0_4,P_Japan_5_14,P_Japan_15_24,P_Japan_25_44,P_Japan_45_54,P_Japan_55_64,P_Japan_65_74,P_Japan_75_84,P_Japan_85ov,P_Japan_Tot,P_Korea_South_0_4,P_Korea_South_5_14,P_Korea_South_15_24,P_Korea_South_25_44,P_Korea_South_45_54,P_Korea_South_55_64,P_Korea_South_65_74,P_Korea_South_75_84,P_Korea_South_85ov,P_Korea_South_Tot,P_Lebanon_0_4,P_Lebanon_5_14,P_Lebanon_15_24,P_Lebanon_25_44,P_Lebanon_45_54,P_Lebanon_55_64,P_Lebanon_65_74,P_Lebanon_75_84,P_Lebanon_85ov,P_Lebanon_Tot,P_Malaysia_0_4,P_Malaysia_5_14,P_Malaysia_15_24,P_Malaysia_25_44,P_Malaysia_45_54,P_Malaysia_55_64,P_Malaysia_65_74,P_Malaysia_75_84,P_Malaysia_85ov,P_Malaysia_Tot,P_Malta_0_4,P_Malta_5_14,P_Malta_15_24,P_Malta_25_44,P_Malta_45_54,P_Malta_55_64,P_Malta_65_74,P_Malta_75_84,P_Malta_85ov,P_Malta_Tot,P_Mauritius_0_4,P_Mauritius_5_14,P_Mauritius_15_24,P_Mauritius_25_44,P_Mauritius_45_54,P_Mauritius_55_64,P_Mauritius_65_74,P_Mauritius_75_84,P_Mauritius_85ov,P_Mauritius_Tot,P_Myanmar_0_4,P_Myanmar_5_14,P_Myanmar_15_24,P_Myanmar_25_44,P_Myanmar_45_54,P_Myanmar_55_64,P_Myanmar_65_74,P_Myanmar_75_84,P_Myanmar_85ov,P_Myanmar_Tot,P_Nepal_0_4,P_Nepal_5_14,P_Nepal_15_24,P_Nepal_25_44,P_Nepal_45_54,P_Nepal_55_64,P_Nepal_65_74,P_Nepal_75_84,P_Nepal_85ov,P_Nepal_Tot,P_Netherlands_0_4,P_Netherlands_5_14,P_Netherlands_15_24,P_Netherlands_25_44,P_Netherlands_45_54,P_Netherlands_55_64,P_Netherlands_65_74,P_Netherlands_75_84,P_Netherlands_85ov,P_Netherlands_Tot,P_New_Zealand_0_4,P_New_Zealand_5_14,P_New_Zealand_15_24,P_New_Zealand_25_44,P_New_Zealand_45_54,P_New_Zealand_55_64,P_New_Zealand_65_74,P_New_Zealand_75_84,P_New_Zealand_85ov,P_New_Zealand_Tot,P_North_Macedonia_0_4,P_North_Macedonia_5_14,P_North_Macedonia_15_24,P_North_Macedonia_25_44,P_North_Macedonia_45_54,P_North_Macedonia_55_64,P_North_Macedonia_65_74,P_North_Macedonia_75_84,P_North_Macedonia_85ov,P_North_Macedonia_Tot
SED10001,3,0,6,25,16,47,136,96,31,363,0,0,0,3,4,4,10,18,15,57,0,3,3,17,3,8,5,0,0,42,19,45,90,838,56,36,29,12,8,1128,0,0,0,25,13,5,0,0,0,52,0,0,0,14,0,10,0,0,0,29,0,0,0,9,4,0,0,0,0,10,0,4,3,30,11,15,16,13,0,86,0,4,0,16,3,15,40,30,16,126,0,8,0,17,5,0,0,0,0,29,0,4,8,52,4,0,0,0,0,60,0,0,0,13,11,0,4,0,0,27,0,0,7,24,19,5,0,3,0,70,0,0,0,0,0,0,18,6,0,28,0,0,0,10,5,0,4,0,0,21,0,0,0,12,0,0,0,0,0,10,0,50,120,167,9,3,0,0,0,352,0,0,0,19,18,23,104,87,25,276,9,34,33,215,145,186,149,57,9,840,0,0,0,0,0,0,0,0,0,10
SED10002,0,0,8,50,31,15,23,13,7,155,3,5,0,12,6,21,42,69,28,181,7,38,115,533,151,236,157,21,5,1254,61,264,341,2594,318,203,107,46,18,3962,4,25,63,347,114,70,68,19,4,710,4,37,93,573,78,45,23,11,5,873,0,38,80,426,252,177,45,8,5,1040,0,3,3,69,13,4,20,7,4,125,0,0,11,79,24,52,78,90,69,415,8,3,12,101,37,11,3,9,4,183,47,138,445,3656,1071,873,363,169,36,6793,18,45,124,950,790,847,665,296,57,3802,7,31,93,701,143,99,83,45,0,1207,0,0,0,5,3,7,26,31,12,76,0,0,7,26,5,14,7,10,0,69,0,9,27,180,117,82,51,23,3,499,7,37,2782,3857,77,30,10,6,0,6806,0,3,4,17,9,0,3,7,3,41,10,75,158,395,133,126,74,10,0,979,0,0,0,11,0,8,20,22,3,67
SED10003,0,13,30,169,79,131,136,64,17,647,0,0,0,5,6,0,10,3,8,27,0,3,0,18,15,14,4,5,0,52,6,6,16,151,26,24,23,17,12,275,6,16,5,35,21,10,15,0,3,103,0,0,0,12,10,9,8,0,0,39,0,0,0,0,0,5,0,0,0,5,0,9,6,68,30,31,23,17,7,190,0,8,17,185,31,32,39,22,15,342,3,7,21,151,57,21,11,4,0,286,0,0,0,32,6,3,0,0,0,46,0,0,0,7,0,3,0,3,0,17,0,5,3,30,17,20,17,9,3,105,0,0,0,0,0,6,14,10,3,37,0,0,0,5,4,3,5,0,0,11,0,0,0,4,0,0,0,0,0,5,0,0,4,40,3,0,0,0,0,49,4,6,10,80,34,41,78,49,21,325,3,67,65,462,313,329,279,85,16,1625,0,0,0,0,3,5,0,0,0,6
SED10004,5,20,17,183,90,52,66,62,12,510,0,5,3,24,21,34,53,114,52,293,11,31,78,212,80,62,48,11,3,543,3,22,134,628,64,52,22,28,4,957,0,3,104,236,47,22,44,12,3,480,0,3,8,184,30,29,14,4,0,275,0,4,0,17,11,9,3,0,0,39,0,13,17,356,170,95,50,25,7,733,0,13,28,270,78,94,163,174,137,962,4,15,26,160,88,45,22,4,0,361,0,7,46,243,50,22,12,5,8,391,0,0,0,49,26,32,29,10,0,146,0,5,59,273,123,59,74,23,7,624,0,0,0,3,3,19,38,28,15,106,0,0,0,15,4,9,3,3,5,44,0,0,18,29,7,6,9,4,0,72,0,3,22,60,3,0,0,0,0,93,0,14,16,72,39,18,33,21,6,210,4,21,109,711,501,400,271,78,14,2108,0,0,4,18,8,14,10,3,7,65
SED10005,0,0,6,36,12,11,57,47,15,181,0,15,24,35,44,79,190,253,89,722,3,5,14,156,24,66,45,5,4,322,7,61,77,616,106,69,55,21,14,1026,3,15,40,261,146,92,58,16,11,647,0,18,46,174,13,23,13,8,0,287,0,46,88,429,221,132,50,23,10,1006,0,0,0,10,7,16,22,12,6,68,0,0,7,19,21,78,117,183,120,547,0,4,9,19,21,12,4,3,0,70,5,8,35,161,120,99,53,40,19,539,27,108,267,1915,1432,1454,952,394,98,6647,12,24,40,259,77,53,51,16,3,534,0,0,0,0,6,3,32,38,14,99,0,0,0,24,15,35,29,14,9,132,0,0,11,82,24,29,22,3,0,170,0,0,102,231,8,11,0,0,0,355,0,0,0,7,0,0,9,15,12,43,9,90,197,393,122,129,63,11,0,1016,0,5,15,99,120,215,246,123,49,871
SED10006,4,0,4,22,18,26,41,37,11,164,0,0,0,0,0,0,4,14,0,20,0,0,0,4,3,0,4,0,0,10,13,21,13,224,9,12,5,0,0,304,0,3,5,18,6,0,0,0,0,33,0,0,0,0,0,0,0,0,0,6,0,0,0,3,0,0,0,0,0,3,0,0,7,34,13,0,6,8,3,63,0,0,0,6,0,5,9,8,16,52,0,3,0,6,3,6,0,0,0,18,0,0,3,20,0,0,0,0,0,25,0,0,4,0,0,0,4,0,0,7,0,0,0,14,13,9,4,0,5,42,0,0,0,0,0,0,12,13,5,29,0,0,0,0,0,0,0,0,0,0,0,0,0,3,0,0,0,0,0,7,0,0,7,68,0,0,0,0,0,83,0,0,0,12,0,10,41,18,0,83,0,10,11,114,69,96,83,31,9,421,0,0,0,0,0,0,0,0,0,8
SED10007,0,3,0,10,17,32,89,71,13,243,0,0,0,4,3,9,16,3,11,45,0,6,9,10,0,9,7,0,0,41,6,33,48,307,42,19,19,9,0,485,0,4,4,22,9,4,15,7,3,62,0,7,4,24,13,3,3,5,0,47,0,0,0,8,4,3,0,0,0,23,0,7,5,22,29,24,33,9,6,135,0,4,0,8,5,24,35,23,16,119,0,4,4,5,16,4,3,0,5,41,0,0,0,29,6,6,0,0,0,45,0,0,0,15,14,12,22,6,0,74,0,0,11,23,32,19,10,3,4,92,0,0,0,5,3,10,19,8,0,48,0,0,0,3,0,0,0,0,0,8,0,0,0,0,0,0,0,0,0,4,0,4,31,161,7,0,3,0,0,210,0,0,0,13,13,23,64,67,10,191,6,17,58,187,173,190,156,59,5,838,0,0,0,0,0,0,0,0,0,9
SED10008,0,10,18,43,37,30,74,83,13,303,0,0,0,6,7,24,46,59,22,170,5,75,94,471,211,536,417,60,18,1888,27,441,310,2834,1053,627,430,200,65,5984,3,12,34,236,110,61,75,34,9,575,3,64,73,661,211,139,81,25,11,1269,0,7,6,33,20,20,8,5,4,99,0,13,17,54,35,45,41,22,5,231,4,0,7,35,29,72,139,109,40,423,0,12,19,42,34,16,11,7,0,143,7,108,149,614,513,286,156,61,16,1919,0,0,11,60,111,103,80,45,5,423,4,37,60,280,151,189,263,115,26,1132,0,0,0,0,3,21,44,46,19,145,0,0,3,12,11,29,24,9,3,94,0,0,4,40,34,23,24,9,4,137,0,7,19,105,32,9,3,0,0,172,0,5,10,18,13,21,30,32,17,145,7,76,163,246,187,187,123,57,10,1060,0,0,0,11,6,8,8,0,0,34
SED10009,0,5,4,39,41,97,183,139,45,545,0,0,0,0,0,10,22,27,5,65,0,0,4,13,0,4,11,4,0,44,4,20,15,149,18,24,16,18,3,258,0,0,0,15,5,0,11,5,0,44,0,0,0,8,0,0,4,0,0,16,0,0,0,0,0,0,0,0,0,0,0,9,8,27,18,33,43,22,9,165,0,0,0,8,9,32,68,33,12,169,0,10,0,10,6,5,12,0,0,49,0,0,0,13,3,8,0,0,0,26,0,0,0,8,0,3,6,0,0,14,0,0,0,16,15,22,14,3,4,76,0,0,0,0,3,18,36,18,4,80,0,0,0,0,0,5,6,3,0,14,0,0,0,0,0,0,0,0,0,3,0,0,3,83,0,0,0,0,0,95,0,0,7,16,18,37,157,106,35,379,0,4,24,148,157,250,259,101,18,966,0,0,0,0,0,3,7,9,0,20
SED10010,0,0,14,23,18,21,64,53,20,220,0,7,6,11,13,27,74,71,18,241,0,12,10,74,45,70,53,9,0,275,94,552,1833,7799,1086,557,345,119,33,12425,0,7,18,153,88,59,58,21,6,409,0,24,47,177,60,59,41,21,4,429,4,17,31,78,58,32,16,3,4,255,0,11,0,23,13,25,21,18,4,107,0,3,4,24,19,57,118,101,60,387,0,4,7,12,6,6,3,0,0,43,0,24,35,241,138,139,81,38,7,698,0,19,21,128,127,167,137,47,12,653,0,12,13,117,40,60,45,14,7,310,0,0,0,11,19,91,232,157,50,559,0,0,3,20,12,22,31,23,7,117,0,10,23,124,92,66,44,15,3,378,3,37,173,735,64,25,13,3,0,1049,0,6,0,3,6,13,32,44,23,132,20,150,297,626,275,204,102,21,3,1694,0,0,0,8,8,16,21,13,0,63
SED10011,0,4,12,65,72,83,137,118,29,510,0,0,0,5,12,11,17,25,5,64,0,0,4,22,24,14,14,7,0,85,3,16,14,133,37,30,31,34,16,309,0,6,5,38,17,9,13,9,3,97,0,0,0,15,8,3,4,0,0,36,0,0,0,16,6,0,0,0,0,22,0,10,4,53,54,56,64,27,9,279,0,0,0,20,18,33,46,22,11,148,0,3,3,33,28,18,16,9,0,115,0,5,8,25,14,25,5,4,0,81,0,0,0,13,7,19,4,11,0,61,0,7,0,25,49,31,33,7,3,151,0,5,0,0,6,10,28,16,4,75,0,0,0,12,4,13,15,4,5,39,0,0,0,4,0,0,4,0,6,16,0,0,5,33,4,4,0,0,0,48,0,3,3,21,36,42,105,71,26,303,0,16,32,215,234,303,202,91,24,1121,0,0,0,0,0,0,3,0,0,9
SED10012,0,3,7,22,10,11,48,46,20,159,0,5,13,10,9,22,31,31,7,133,0,5,4,107,17,27,28,0,4,198,0,9,13,89,40,36,34,12,3,230,0,5,10,89,34,26,35,14,0,203,0,12,26,109,51,64,31,17,12,319,8,449,714,2002,988,821,493,201,80,5750,0,0,0,7,6,7,12,5,0,38,0,4,4,18,50,137,266,319,168,961,0,0,0,15,8,0,3,0,4,24,0,4,7,20,4,4,5,0,0,31,18,31,35,142,132,135,127,35,10,667,0,6,46,210,65,49,33,12,4,430,0,0,0,3,4,28,62,42,19,158,0,0,4,10,8,17,28,12,3,82,0,0,0,24,19,19,9,0,0,67,0,0,15,27,0,0,0,0,0,39,0,3,0,0,0,3,10,5,3,28,9,130,233,401,69,61,33,10,3,953,0,0,0,29,29,68,103,48,17,293
SED10013,0,7,5,65,33,42,105,55,19,331,0,5,14,24,10,39,53,29,8,185,0,6,9,52,27,23,5,3,0,142,15,194,181,2021,336,153,118,30,9,3053,0,5,19,132,60,34,24,9,0,278,0,13,8,136,35,23,16,3,0,233,0,33,107,751,256,172,105,46,12,1469,0,39,12,158,69,60,39,36,12,435,0,6,8,57,67,208,332,263,169,1111,0,0,3,17,4,5,0,0,3,39,0,0,8,59,18,10,0,0,0,103,0,15,23,221,162,143,86,33,12,684,4,10,20,92,29,39,25,16,0,226,0,0,7,35,23,84,220,136,23,520,0,0,5,60,32,63,38,15,8,226,0,0,0,16,8,3,5,0,0,38,4,16,57,913,40,35,6,4,0,1072,0,0,0,17,17,31,62,28,16,164,15,150,261,770,329,249,113,36,6,1933,0,0,0,50,42,46,25,8,0,179
SED10014,0,0,10,21,15,31,58,57,12,213,0,0,4,9,18,35,45,41,0,157,0,8,20,38,8,30,34,0,0,138,12,113,133,923,248,173,101,56,15,1760,0,3,24,127,71,55,38,16,0,334,0,10,26,74,14,13,18,3,3,169,0,14,57,249,109,76,25,11,8,548,0,9,10,26,26,20,31,31,5,156,0,0,0,16,16,44,62,51,19,215,0,4,4,11,7,6,9,0,0,50,0,3,5,54,5,13,3,6,0,87,3,10,26,198,125,154,96,43,8,650,0,11,14,64,31,38,51,18,3,222,0,0,0,8,3,15,53,19,15,109,0,0,9,31,21,49,38,21,3,172,0,0,0,23,10,15,7,7,0,70,4,24,63,442,53,23,12,0,0,621,0,0,3,3,6,13,52,16,15,103,17,166,347,811,318,242,130,43,10,2080,0,0,0,22,16,30,26,11,0,110
SED10015,0,0,10,50,26,18,23,20,11,160,4,41,59,166,171,399,913,1461,632,3844,0,20,36,271,97,141,151,34,13,759,13,43,92,745,154,106,49,30,9,1227,3,25,89,560,213,160,136,44,9,1250,0,5,4,69,15,13,3,0,0,115,0,0,8,47,22,16,3,7,0,98,0,5,4,89,35,31,21,21,5,214,0,3,16,142,68,185,311,387,230,1348,4,6,13,70,61,24,11,0,0,177,4,24,73,370,238,297,206,127,60,1397,0,18,57,418,484,762,702,412,131,2986,5,21,150,822,289,125,89,40,7,1542,0,0,0,0,3,9,29,45,19,114,0,0,0,21,19,28,30,15,11,130,0,3,16,40,30,36,12,5,0,137,10,41,877,1918,92,34,7,3,0,2979,0,0,0,11,5,5,0,7,0,31,9,21,108,347,201,146,80,25,5,939,0,0,3,32,26,46,51,29,14,206
SED10016,0,5,13,39,43,32,59,62,10,277,0,3,4,15,7,18,41,18,14,126,13,56,50,285,123,214,149,30,8,931,42,546,384,3503,1029,530,391,172,36,6639,0,15,35,283,120,75,77,43,12,661,0,84,122,818,337,219,124,37,9,1740,0,3,0,60,20,33,9,0,9,132,5,20,28,103,70,47,41,19,7,344,0,0,8,41,47,100,200,125,67,585,3,18,18,38,25,10,4,10,0,126,3,102,165,518,471,187,96,44,10,1594,0,0,8,78,112,130,98,37,7,471,3,63,71,294,171,185,175,74,10,1043,0,0,0,15,14,40,120,78,19,290,0,0,5,26,20,20,27,8,3,113,0,0,3,43,21,8,21,5,0,111,0,14,36,290,39,16,12,0,0,400,4,3,16,18,20,29,47,37,13,172,11,119,194,347,225,216,113,44,8,1281,0,0,5,4,3,5,7,0,0,24
SED10017,0,0,6,14,18,25,97,69,11,245,0,0,0,0,0,4,8,0,0,16,0,7,0,16,7,5,7,3,0,49,0,42,32,320,43,25,12,11,4,488,0,0,5,19,10,3,6,3,0,44,0,0,0,24,4,0,0,0,0,33,0,3,0,17,7,3,0,0,0,30,0,10,3,23,5,19,16,5,0,83,0,0,5,3,6,16,19,19,13,75,0,0,0,8,0,0,5,0,0,18,0,0,5,45,10,5,5,0,0,68,0,0,0,9,14,6,5,0,0,40,0,0,0,47,13,17,9,0,0,90,0,0,0,0,0,6,20,3,0,32,0,0,0,4,0,3,0,0,0,9,0,0,0,4,0,0,0,4,0,7,0,5,11,84,0,6,0,0,0,107,0,0,0,5,11,23,59,31,10,136,3,26,44,219,186,159,134,55,6,821,0,0,0,4,4,6,0,4,0,12
SED10018,0,9,10,47,25,31,111,84,26,357,0,0,0,3,7,8,23,26,18,87,0,7,8,29,9,17,18,0,6,84,3,16,29,171,57,23,18,14,5,342,0,4,7,40,15,5,8,0,0,80,0,0,0,26,5,0,0,0,0,32,0,4,3,15,0,0,4,0,0,28,0,12,13,43,30,18,20,8,3,143,0,4,4,16,6,24,65,67,38,228,0,7,7,21,13,0,9,3,4,62,0,0,10,61,16,3,3,0,0,104,0,0,0,3,3,0,0,0,0,8,0,0,9,52,30,40,31,9,0,174,0,0,0,0,0,4,7,12,0,26,0,0,0,7,0,3,3,0,0,7,0,0,0,6,4,4,0,0,0,16,0,0,27,105,0,0,0,0,0,134,0,3,9,11,10,8,38,47,14,142,3,32,60,207,196,112,91,42,7,747,0,0,0,3,22,46,102,43,28,236
SED10019,0,0,3,30,10,37,71,43,17,207,0,0,0,0,0,3,7,3,7,16,0,3,4,11,7,21,6,0,0,42,0,11,8,112,20,17,19,0,0,191,0,4,0,10,13,3,6,4,5,41,0,0,0,6,3,3,0,0,0,14,0,0,0,3,0,0,0,0,0,6,0,4,4,10,11,9,21,3,6,69,0,0,5,12,8,13,18,12,16,74,0,3,0,8,5,0,8,0,0,35,0,0,0,10,0,0,5,0,0,12,0,0,0,0,4,0,0,0,0,5,0,0,0,20,15,7,9,6,0,55,0,0,0,0,4,3,17,3,0,27,0,0,0,0,0,0,5,0,0,4,0,0,0,3,5,0,0,0,0,5,0,0,0,35,0,0,0,0,0,34,0,3,5,9,13,22,76,53,17,208,7,20,22,148,174,218,200,82,21,873,0,0,0,0,0,0,0,0,0,3
SED10020,0,4,3,48,47,60,98,102,29,392,0,0,5,0,3,8,9,5,0,24,0,3,4,32,3,8,13,0,3,65,3,62,84,736,158,134,119,34,24,1349,5,4,9,37,9,11,5,8,0,78,0,0,3,6,5,3,0,0,0,17,19,143,65,125,12,9,13,0,0,390,0,4,0,48,29,18,23,21,4,151,0,0,3,24,12,11,36,29,11,131,0,15,11,60,19,6,7,3,0,118,0,0,6,47,5,4,6,0,0,61,0,0,0,4,6,3,0,0,0,19,19,69,29,154,51,27,13,9,3,365,0,0,0,0,0,3,24,15,0,37,0,0,3,0,3,3,0,0,0,12,0,28,86,246,59,22,13,0,0,455,0,0,14,76,0,0,0,0,0,94,0,0,3,15,12,30,88,62,24,240,5,33,54,230,190,239,211,108,33,1109,0,0,0,0,0,0,0,0,0,4
SED10021,3,15,26,262,112,55,65,56,31,631,0,0,8,15,13,38,84,138,96,400,5,42,46,129,65,76,49,22,7,450,3,16,20,295,49,47,44,34,18,540,0,11,13,110,48,47,36,17,4,286,0,0,4,111,23,10,11,0,3,171,0,0,3,8,11,15,13,11,3,72,9,16,78,2135,228,116,59,33,17,2684,4,8,32,370,52,46,79,100,69,756,3,16,8,114,83,48,24,7,0,300,0,7,18,121,37,12,4,3,0,207,0,3,0,36,39,32,27,22,17,171,0,6,59,136,78,77,73,47,10,490,0,0,0,4,5,9,31,23,13,79,0,0,4,21,0,12,9,4,0,48,0,0,3,8,0,6,5,0,3,32,0,0,22,57,0,0,0,0,0,83,0,14,4,100,28,10,18,14,14,204,8,22,102,781,366,321,212,80,22,1926,0,0,0,13,3,5,3,0,0,25
SED10022,0,0,4,14,11,14,63,32,10,154,0,0,0,0,0,6,7,10,0,30,0,0,0,11,3,5,7,0,0,28,3,14,20,153,14,13,4,8,0,223,0,3,3,16,6,9,4,0,0,35,0,0,0,9,3,0,0,0,0,14,0,3,0,12,3,3,0,0,0,15,0,0,4,15,3,11,10,6,3,52,0,0,0,7,4,9,18,6,6,58,0,0,5,0,4,0,0,0,0,10,0,0,3,16,0,6,0,0,0,22,0,0,3,26,22,22,14,6,0,88,0,5,0,34,12,15,4,0,0,74,0,0,0,0,0,3,16,7,0,31,0,0,0,0,0,0,0,0,0,3,0,0,0,0,5,0,0,0,0,7,0,3,5,43,4,0,0,0,0,56,0,0,3,4,3,17,51,39,9,134,6,29,29,136,88,114,107,31,6,548,0,0,0,0,0,3,0,0,0,4
SED10023,0,7,13,73,42,34,55,67,28,315,0,0,5,14,9,52,90,61,31,263,0,20,18,41,27,28,32,6,0,165,0,7,18,57,41,25,18,29,9,202,0,4,8,43,35,15,13,4,0,123,0,3,4,14,3,3,4,0,0,42,0,0,0,13,0,0,5,0,0,19,0,22,16,137,67,48,35,19,7,345,0,3,0,64,24,68,98,72,61,384,0,6,8,25,19,22,8,0,0,90,0,0,9,27,14,9,3,0,5,71,0,0,0,19,26,25,27,15,3,117,0,3,8,22,26,23,28,10,3,129,0,0,0,4,0,7,44,37,13,106,0,0,0,3,7,17,8,5,0,39,0,0,0,7,0,0,0,0,0,11,0,0,6,14,4,0,0,0,0,29,3,3,3,22,19,19,34,33,17,148,5,32,71,344,248,174,127,57,12,1081,0,0,4,22,21,33,18,6,5,107
SED10024,4,22,22,77,81,58,70,90,31,444,0,6,0,4,0,15,32,28,10,89,22,228,131,569,347,335,383,72,32,2117,0,53,43,405,201,173,122,93,25,1113,0,3,13,102,73,44,56,37,11,347,0,21,17,324,137,129,130,53,24,833,0,0,0,5,5,3,3,0,3,20,0,14,23,75,71,49,38,21,6,310,0,4,3,40,28,45,97,75,33,324,9,64,48,160,130,99,63,14,16,607,5,77,72,351,301,148,106,51,12,1117,0,0,0,26,34,45,30,13,8,161,0,20,30,189,177,137,147,87,20,817,0,0,0,5,0,8,12,8,4,34,0,0,0,11,0,14,5,7,0,38,0,0,0,0,6,7,4,6,7,31,0,0,16,51,3,0,0,0,0,71,6,18,18,15,48,31,28,52,17,233,5,51,144,222,336,289,160,125,38,1363,0,0,0,4,8,3,5,0,0,21
SED10025,0,9,6,63,45,37,51,39,12,258,0,4,0,17,24,67,137,231,106,589,8,36,99,432,144,203,204,54,8,1189,15,54,71,1015,171,99,102,60,17,1603,4,8,35,211,54,42,39,10,6,408,3,5,14,314,49,34,27,10,0,449,0,0,0,35,14,19,5,0,0,72,0,9,10,257,102,77,48,30,11,548,3,24,34,277,180,440,867,935,589,3347,0,12,17,81,43,28,9,7,0,184,10,41,129,1061,326,232,140,71,19,2026,0,3,14,113,99,111,96,60,13,508,0,6,36,269,109,84,122,51,20,698,0,0,0,4,11,15,48,36,16,125,0,0,0,29,8,17,13,9,3,75,0,0,7,31,8,9,4,0,3,62,0,0,103,107,13,0,0,0,0,227,0,6,5,25,17,11,17,16,3,99,8,32,57,333,270,206,119,70,12,1105,0,0,0,21,16,13,5,3,0,65
SED10026,0,0,7,24,3,21,61,34,7,150,0,0,0,0,3,10,10,8,3,40,0,0,0,21,4,12,9,0,0,40,9,72,30,610,51,29,25,11,9,844,0,0,0,20,4,6,5,0,0,42,0,0,0,20,6,0,0,0,0,29,0,0,0,4,3,3,0,0,0,14,0,5,0,41,12,10,9,13,3,86,0,0,0,8,0,4,25,11,12,64,0,0,3,15,3,0,0,0,0,17,0,4,3,50,5,3,0,0,0,63,0,0,0,7,12,5,15,3,0,46,0,3,0,32,12,15,0,0,4,69,0,0,0,0,0,0,16,3,0,28,0,0,0,7,3,0,0,0,0,12,0,0,0,17,0,0,3,0,0,24,3,16,48,671,11,3,4,0,0,759,0,0,0,12,7,12,44,31,11,123,0,13,33,155,131,125,102,43,8,620,0,0,0,0,0,6,6,5,0,7
SED10027,0,0,5,41,16,17,44,56,29,201,0,9,33,51,71,138,211,283,100,900,0,12,32,218,87,195,105,15,3,671,7,27,119,454,199,164,94,43,19,1132,0,14,41,282,124,89,62,17,9,650,0,0,10,54,19,9,5,0,0,101,0,3,26,107,63,53,22,6,0,278,0,13,0,67,40,19,21,18,15,194,0,6,5,38,33,88,131,171,105,568,0,0,8,34,30,16,7,4,4,103,0,6,10,70,57,46,24,22,13,250,6,68,139,852,730,799,558,250,69,3462,3,11,27,143,53,63,54,14,0,372,0,0,0,7,9,19,68,51,19,158,0,0,4,15,19,40,28,14,12,123,0,0,3,21,22,7,5,11,0,62,0,3,56,260,47,17,9,0,0,394,0,0,0,14,6,8,6,7,9,57,4,66,154,419,193,174,79,18,10,1126,0,0,9,74,119,153,180,87,24,645
SED10028,0,3,17,33,24,31,30,57,29,229,0,0,0,8,5,10,23,24,12,86,22,210,205,947,429,965,713,99,25,3607,70,743,397,2807,1053,627,320,138,62,6219,0,12,44,195,151,90,85,45,15,627,0,30,53,354,150,138,107,41,6,883,0,4,0,27,21,11,4,8,0,70,0,14,8,29,49,39,30,21,8,195,0,4,8,25,22,50,85,64,40,291,0,29,21,72,52,28,12,8,3,234,17,226,364,1334,968,468,275,99,20,3774,0,0,0,34,44,76,43,27,18,236,6,74,166,412,311,277,348,156,30,1778,0,0,0,0,0,8,17,8,7,40,0,0,4,17,12,15,9,0,0,63,0,0,0,30,21,20,22,11,0,100,0,3,62,138,34,5,9,0,0,248,0,6,19,10,20,17,22,34,26,154,8,71,159,182,157,163,111,70,35,958,0,0,0,3,3,4,7,0,0,18
SED10029,0,0,7,29,8,9,41,62,20,177,0,9,14,12,10,12,42,53,17,161,0,0,7,88,29,49,33,7,5,226,0,14,41,207,50,32,33,14,5,404,0,12,9,106,36,32,26,11,0,227,0,29,77,284,79,93,55,47,12,672,17,1159,1580,4043,2105,1794,1206,593,171,12662,0,0,0,4,6,3,10,9,0,45,0,3,0,17,29,83,186,254,184,765,0,0,0,18,4,0,0,0,0,23,0,3,3,26,7,10,12,0,3,66,41,103,87,627,473,482,281,117,27,2231,3,12,21,130,35,29,35,4,5,261,0,0,0,3,3,23,102,104,38,284,0,0,0,9,3,9,12,12,7,59,0,0,15,97,56,34,30,6,5,248,0,0,22,70,5,0,3,0,0,104,0,0,0,3,0,3,15,10,7,41,14,118,231,377,118,77,62,17,0,1016,0,0,3,24,24,66,79,36,5,242
SED10030,0,6,4,62,42,50,83,53,14,321,0,0,0,7,0,11,30,39,20,111,3,0,3,33,16,35,35,5,0,128,8,45,65,563,60,40,43,28,8,862,0,9,13,56,27,18,20,5,0,151,0,6,3,49,11,16,10,5,0,96,0,0,0,6,3,5,4,0,0,16,0,13,12,77,42,47,50,24,9,273,0,0,5,25,20,43,59,55,30,240,0,13,7,42,30,17,8,0,0,128,8,32,30,127,83,39,22,16,0,352,0,0,6,9,12,8,12,3,0,61,0,8,7,59,25,23,23,8,0,158,0,0,0,6,8,21,44,46,11,130,0,0,0,4,5,9,13,9,5,39,0,0,0,10,4,3,5,3,0,28,0,0,35,254,9,0,0,0,0,299,0,4,0,25,9,30,67,61,21,218,4,53,78,369,312,341,263,111,34,1570,0,0,0,0,4,9,0,0,0,13
SED10031,0,0,7,38,32,56,98,49,21,310,0,0,0,9,5,20,25,21,8,92,0,10,6,4,6,8,10,7,0,65,3,22,28,230,27,22,22,16,5,385,0,0,5,33,15,13,12,0,0,72,0,0,3,19,4,9,5,3,0,40,0,0,0,11,0,3,0,0,0,18,0,4,6,45,27,27,21,16,4,154,0,0,5,13,15,34,58,43,20,194,0,0,0,15,7,8,9,0,0,37,0,5,13,47,4,4,0,0,0,72,0,3,0,14,22,21,11,4,0,79,0,0,3,27,16,14,12,7,0,87,0,0,0,0,0,11,26,21,0,67,0,0,0,3,0,5,5,0,0,20,0,0,0,10,3,3,0,0,0,15,0,10,17,228,0,0,0,0,0,265,0,0,3,20,11,24,85,45,8,197,7,14,39,168,177,192,225,97,13,925,0,0,0,4,8,11,8,0,0,30
SED10032,0,3,11,30,10,14,29,26,13,124,0,0,0,9,9,31,82,132,34,301,4,5,18,143,37,137,80,16,0,455,268,1253,983,7142,844,354,235,98,29,11204,0,13,35,156,83,46,32,16,7,389,3,77,174,744,135,91,46,19,10,1286,6,69,133,644,298,211,51,22,9,1456,0,3,0,21,5,15,27,10,3,95,0,0,10,21,28,73,148,144,120,540,0,3,5,26,11,7,0,0,0,55,0,13,32,173,94,110,52,46,11,533,23,92,213,1456,1246,1412,1021,493,120,6068,0,17,50,245,57,66,46,16,11,508,0,0,0,10,4,31,142,187,69,434,0,0,10,48,15,16,26,23,9,140,0,0,13,98,42,37,41,12,3,237,3,22,1284,2437,155,42,29,8,0,3975,0,0,0,4,0,0,9,8,3,35,15,75,180,413,183,120,52,23,6,1068,0,4,0,11,16,7,15,8,3,62
SED10033,0,6,3,31,24,41,92,65,25,299,0,0,0,5,3,18,31,24,13,94,0,3,4,7,4,15,7,8,4,47,3,15,46,410,34,44,19,24,9,606,0,3,0,19,0,5,10,4,4,49,0,0,0,26,19,18,8,5,0,85,0,0,0,0,4,3,6,0,0,14,0,9,7,82,42,44,46,23,6,259,0,0,0,8,27,64,124,89,54,371,0,0,0,6,11,8,7,0,0,34,0,4,7,33,19,19,3,0,0,94,0,0,7,43,57,67,26,31,8,230,0,4,0,31,31,19,14,9,3,113,0,3,4,17,24,115,230,120,24,534,0,0,0,9,0,14,3,0,0,24,0,0,0,0,0,5,0,0,0,7,0,0,20,94,4,0,0,0,0,116,0,0,8,13,15,38,99,58,25,264,0,24,49,221,225,233,127,51,9,949,0,0,0,9,6,28,21,15,0,77
SED10034,0,8,0,58,53,43,68,64,13,302,0,0,0,12,11,33,51,40,11,158,0,6,6,54,15,52,38,9,0,181,4,21,20,185,73,61,26,26,13,435,0,8,11,43,23,27,20,0,3,150,0,0,5,34,11,3,7,0,0,53,0,0,0,14,0,4,0,0,0,30,0,18,14,111,64,50,26,16,4,312,0,4,3,44,17,51,61,55,39,270,0,3,8,36,32,5,0,0,0,91,0,0,3,35,18,11,3,0,0,80,0,0,0,15,31,22,27,7,6,115,0,8,11,37,32,37,35,7,5,174,0,0,0,0,5,22,32,40,5,105,0,0,0,10,6,19,17,6,7,63,0,0,0,8,0,4,4,0,0,18,0,0,21,87,10,0,0,0,0,123,0,0,3,20,17,22,41,43,30,182,5,18,56,267,244,205,97,48,10,952,0,0,5,21,28,48,40,13,4,154
SED10035,5,4,33,263,64,36,23,27,6,461,0,8,12,64,53,95,269,519,270,1283,19,27,334,643,148,159,131,21,11,1500,20,66,423,1581,128,75,60,30,11,2395,16,42,943,2221,451,281,220,72,18,4267,4,10,25,418,35,33,21,6,0,541,0,10,5,99,46,46,27,3,0,235,0,6,91,1843,113,75,20,12,9,2169,0,0,35,519,67,59,82,100,72,933,7,14,46,265,112,40,12,12,0,514,3,18,91,534,146,61,28,16,8,895,0,0,7,67,42,67,52,40,11,288,4,17,271,833,159,142,123,39,6,1599,0,0,0,7,0,17,45,42,30,140,0,0,7,66,11,12,5,0,0,113,0,0,63,60,8,3,11,0,4,152,3,0,90,188,17,0,5,0,0,296,3,0,13,90,21,10,12,15,3,170,9,35,228,1208,423,291,152,48,9,2404,0,0,3,51,16,45,59,40,20,236
SED10036,0,7,14,34,22,21,40,43,25,210,0,4,13,56,43,97,156,166,45,577,0,7,13,76,41,47,41,3,0,223,5,103,195,959,549,446,160,56,28,2504,0,12,40,251,84,72,72,23,3,559,0,0,12,91,18,20,7,3,0,166,9,286,492,1274,469,368,198,70,28,3199,0,11,8,47,25,31,9,6,7,142,0,3,5,44,62,117,251,249,197,918,0,5,0,10,10,6,0,0,0,42,0,0,4,52,22,17,5,9,0,109,8,47,90,692,510,479,270,101,27,2220,0,13,17,81,34,65,35,18,6,272,0,0,0,0,4,17,57,65,16,164,0,0,0,21,23,54,55,22,15,185,0,0,7,20,14,5,10,0,0,51,0,6,30,201,42,10,9,0,0,297,0,0,0,4,5,10,18,8,7,58,13,94,223,473,226,188,67,21,4,1313,0,0,10,129,93,125,113,56,4,528
SED10037,3,6,10,60,64,62,63,64,18,361,0,0,3,5,5,10,15,16,8,64,5,49,64,267,138,259,186,40,8,1015,27,219,169,1509,445,273,158,72,27,2906,0,6,23,122,67,31,39,16,6,299,3,58,54,480,168,99,73,24,7,968,0,0,0,15,0,5,3,0,0,33,0,13,4,64,65,48,28,26,6,252,0,0,3,28,37,59,118,87,68,402,0,24,21,85,109,50,21,15,4,331,3,56,122,402,336,176,98,47,4,1244,0,0,5,50,44,85,80,82,20,365,0,28,43,196,133,154,142,56,16,757,0,0,0,0,3,5,10,12,4,36,0,0,8,17,14,19,10,0,0,69,0,0,8,34,20,16,14,7,8,106,0,15,239,721,52,12,3,5,0,1050,0,13,7,20,39,29,31,43,20,206,10,53,76,280,295,261,156,74,11,1220,0,0,0,0,0,5,0,0,5,17
SED10038,0,3,10,55,42,38,118,78,41,377,0,3,6,4,8,34,63,46,36,209,0,3,10,21,13,19,10,0,0,71,8,27,169,423,84,32,33,29,11,819,0,10,11,45,20,12,14,0,0,120,0,3,7,67,22,15,11,5,3,125,0,19,20,45,12,12,9,6,0,125,0,14,12,51,52,36,34,28,9,246,0,3,5,28,33,120,248,251,196,888,5,3,13,34,17,13,6,3,0,93,0,5,12,43,20,13,5,0,0,104,0,9,3,31,32,52,37,20,8,198,0,4,19,27,23,30,18,12,0,128,0,0,0,3,4,9,17,8,3,47,0,0,0,0,0,7,6,0,0,17,0,0,0,16,6,7,4,0,0,39,0,0,8,26,5,3,0,0,0,44,3,5,9,25,21,32,109,93,36,335,6,36,76,258,193,184,117,49,14,938,0,0,0,23,64,100,125,66,25,408
SED10039,0,4,7,33,23,65,143,93,32,403,0,0,0,3,7,12,15,12,4,60,0,11,4,3,5,11,6,3,0,48,0,22,5,171,25,26,24,8,9,285,0,6,4,25,8,3,3,7,0,60,0,4,3,28,3,7,0,10,0,58,0,0,0,4,4,0,5,0,0,13,0,15,7,34,29,45,30,25,5,190,0,3,4,13,27,46,68,42,19,219,0,0,0,12,0,3,5,0,0,29,0,5,3,29,5,4,0,0,0,49,0,0,0,7,5,10,5,0,0,31,0,0,6,19,16,23,10,4,0,82,0,0,0,4,10,21,47,32,17,127,0,0,0,0,0,8,4,0,0,16,0,0,0,0,0,0,0,0,0,6,0,0,10,63,4,0,0,0,0,80,0,0,9,13,10,19,104,82,32,267,4,32,48,202,178,196,181,76,11,934,0,0,0,14,26,32,24,9,3,101
SED10040,0,0,10,34,23,19,20,32,7,142,7,20,29,102,84,192,471,684,386,1976,9,66,117,674,352,592,453,99,22,2382,18,181,93,986,186,117,63,47,18,1713,0,13,79,557,249,130,149,54,13,1242,0,3,4,66,14,17,0,3,0,102,0,0,8,49,20,16,9,0,0,92,5,19,0,82,26,23,25,20,9,203,0,4,11,75,36,96,165,248,179,819,4,8,5,88,51,26,8,3,3,203,0,3,16,149,73,47,24,12,0,332,9,36,63,480,447,417,269,121,35,1881,0,11,73,386,131,150,154,48,10,958,0,0,0,0,5,17,57,46,20,155,0,0,7,18,13,15,12,4,7,71,0,5,4,21,9,19,4,10,3,73,7,65,2665,5144,121,28,16,0,0,8045,0,0,0,9,0,3,11,12,8,43,8,40,159,346,207,227,109,22,11,1132,0,18,23,261,208,377,514,275,97,1775
SED10041,4,13,17,57,71,32,59,65,38,356,0,0,0,3,3,12,13,24,13,70,14,197,184,572,346,429,369,80,29,2226,45,388,139,1917,508,304,186,110,50,3653,0,17,21,193,98,47,47,50,14,477,4,79,64,665,236,144,111,45,14,1357,0,0,0,4,5,4,0,0,0,26,0,8,16,61,54,58,31,20,13,258,0,3,5,29,19,21,52,49,50,229,11,43,35,133,129,75,56,23,5,510,11,103,201,741,514,266,162,77,21,2096,0,0,4,22,19,34,32,24,9,146,5,35,63,289,213,168,160,85,22,1046,0,0,0,0,0,9,11,4,6,29,0,0,0,8,8,9,6,4,5,44,0,0,3,17,17,7,12,5,8,68,5,10,128,418,31,8,3,0,0,597,0,10,13,20,21,27,31,31,25,182,9,71,133,247,279,260,181,101,79,1357,0,0,0,4,6,6,0,0,4,15
SED10042,0,8,4,22,19,33,115,84,29,315,0,0,0,0,3,5,22,13,8,44,0,3,0,13,0,14,7,0,0,53,0,9,17,121,34,22,35,27,14,283,0,0,3,19,7,3,9,5,0,56,0,0,4,13,0,8,6,0,0,25,0,3,0,3,3,0,4,0,0,10,0,4,11,33,30,14,31,23,7,151,0,3,0,15,5,15,40,27,16,119,0,0,0,18,7,3,0,0,0,41,0,3,10,37,3,5,5,5,0,67,0,0,0,9,5,10,7,10,0,35,0,0,3,21,25,24,20,11,3,112,0,0,0,3,0,10,30,23,3,72,0,0,5,6,5,15,8,9,0,35,0,0,0,7,3,0,4,0,0,14,0,0,13,37,3,0,0,0,0,49,0,0,0,12,14,30,79,68,28,240,8,43,57,246,198,270,211,147,43,1225,0,0,0,0,5,12,10,0,4,34
SED10043,0,0,3,20,15,16,18,29,10,112,0,10,32,65,61,153,405,554,268,1539,0,11,35,180,79,180,162,24,6,681,76,260,277,2051,202,107,72,36,17,3098,14,61,143,635,361,240,168,52,10,1686,0,5,9,60,19,13,4,3,0,110,0,26,52,196,126,82,28,14,4,520,0,0,4,27,11,13,5,13,0,73,4,3,8,42,42,89,153,211,126,685,0,4,7,22,8,6,10,0,0,57,0,3,27,144,117,151,105,84,31,657,21,125,251,1640,1681,2085,1583,766,206,8349,8,76,62,254,53,76,60,14,5,611,0,0,0,0,0,10,25,21,15,76,0,0,0,19,15,27,25,37,8,132,0,34,87,681,136,67,28,11,3,1051,0,9,172,353,36,21,3,0,0,602,0,0,0,7,0,0,10,5,0,25,9,66,173,284,141,114,66,19,5,875,0,0,0,19,23,51,52,34,9,188
SED10044,4,8,14,104,62,35,61,44,29,360,0,3,5,22,14,50,94,129,67,383,17,101,85,548,236,245,238,57,11,1547,32,207,77,1555,231,127,105,66,17,2422,6,8,34,292,85,41,52,14,7,536,0,27,34,598,117,130,90,40,23,1061,0,4,4,35,20,16,7,6,0,91,0,18,19,157,115,84,42,35,11,471,0,8,12,146,66,116,202,200,128,879,10,28,32,319,186,70,38,7,5,699,3,41,83,573,193,117,71,45,11,1135,0,4,5,62,67,77,73,30,14,326,3,13,46,398,182,136,150,62,13,1001,0,0,0,4,3,16,23,18,4,70,0,0,0,23,8,9,11,9,0,59,0,0,0,16,10,3,4,12,0,48,0,7,113,265,13,4,0,0,0,397,0,14,7,30,33,16,27,26,14,161,14,60,85,433,312,278,194,74,22,1474,0,5,3,23,8,17,15,6,3,83
SED10045,0,9,3,62,49,98,123,48,11,411,0,0,0,0,4,6,5,0,0,20,4,8,0,7,5,5,3,0,0,35,4,19,25,172,30,32,43,17,10,352,0,0,3,19,14,8,8,0,0,54,0,0,0,7,0,0,0,4,0,16,0,0,0,4,0,0,0,0,0,6,0,0,0,25,14,24,16,4,4,90,0,4,5,27,6,15,40,48,46,193,0,7,11,38,16,15,10,0,0,97,0,0,3,21,6,4,5,0,0,39,0,0,0,0,0,5,0,0,0,7,0,0,4,25,25,22,5,3,0,81,0,0,0,0,0,3,6,4,0,18,0,0,6,7,0,6,3,0,0,21,0,0,0,0,0,5,0,0,0,3,0,6,11,44,0,0,0,0,0,58,0,0,4,17,26,22,75,43,15,203,0,21,42,212,212,339,240,67,12,1140,0,0,0,0,0,0,0,0,0,0
SED10046,0,9,5,42,25,9,33,27,19,166,0,4,6,28,17,45,50,77,18,246,0,0,6,79,15,18,19,3,0,142,25,159,223,1233,352,174,98,51,11,2322,0,22,28,120,64,34,27,13,0,312,0,34,64,252,63,63,46,27,0,548,10,587,1012,2984,1288,1054,614,262,69,7894,0,0,4,15,0,11,12,6,0,40,0,5,9,39,73,154,176,195,72,735,0,3,8,12,10,0,3,0,0,41,0,0,5,41,17,8,4,8,0,90,7,54,85,746,471,425,250,101,16,2154,3,20,28,113,40,44,40,14,0,296,0,0,0,5,8,29,70,57,15,182,0,0,12,56,27,32,31,29,3,186,0,3,4,48,7,19,5,0,0,95,4,3,97,342,29,11,5,0,0,504,0,0,0,9,0,3,11,7,6,44,19,209,331,666,209,119,72,17,4,1644,0,6,12,133,107,113,139,53,10,572
SED10047,0,8,5,38,22,25,96,68,24,284,0,4,0,18,17,34,53,75,26,229,0,3,9,51,7,19,12,4,0,108,46,536,538,5388,737,328,274,70,11,7940,0,15,16,150,57,36,27,14,3,319,0,16,18,117,36,25,20,10,0,246,0,24,44,174,76,47,19,9,0,387,0,29,11,48,32,30,47,30,9,227,0,4,3,40,18,72,102,114,29,388,0,4,4,24,9,5,4,0,0,53,0,7,17,136,58,35,24,6,7,287,3,8,19,177,130,109,65,33,4,552,4,15,18,89,30,37,21,15,3,221,0,0,0,31,24,111,262,166,40,640,0,0,4,32,22,22,28,11,6,130,0,0,4,63,27,26,11,4,0,134,0,15,66,539,33,14,20,0,0,687,0,0,0,12,9,31,58,54,8,179,43,361,486,1406,493,272,144,43,7,3242,0,0,0,9,8,13,8,10,0,46
SED10048,0,7,7,46,29,30,81,48,15,267,0,3,17,22,29,54,59,63,12,249,0,9,15,96,38,56,27,7,7,257,36,456,549,3276,1084,506,283,80,22,6288,9,31,40,356,110,78,66,14,3,694,0,7,23,81,30,27,4,5,3,177,0,50,168,661,222,156,84,19,9,1380,0,29,6,32,16,18,32,21,7,167,0,0,9,43,38,71,118,89,45,411,0,4,13,37,15,4,4,0,0,81,0,0,13,72,45,13,8,7,0,165,0,8,25,314,247,232,130,36,8,1009,0,10,10,102,47,68,48,27,8,314,0,0,0,0,6,20,69,37,12,154,0,0,7,56,42,65,61,32,15,280,0,0,0,37,8,10,11,0,0,71,15,103,367,2786,281,100,44,7,0,3700,0,4,4,5,7,17,45,16,5,108,26,298,501,1059,353,218,125,47,11,2642,0,3,10,63,60,56,61,12,0,267
SED10049,0,0,0,26,17,24,121,56,9,251,0,0,4,0,7,0,12,6,5,28,0,0,3,35,7,20,11,0,0,81,7,60,47,525,81,34,25,14,0,800,0,0,9,28,10,7,3,0,0,66,0,6,0,20,4,0,0,0,0,33,0,5,0,9,0,3,0,0,0,21,0,11,0,28,20,9,14,8,4,104,0,0,0,10,5,7,24,12,10,79,5,0,3,6,12,3,0,0,0,28,0,0,5,64,15,12,3,0,0,100,0,0,3,9,6,3,0,0,0,19,0,9,6,52,24,24,3,3,0,119,0,0,0,0,0,8,13,8,0,34,0,0,0,3,0,3,0,0,0,6,0,0,0,0,0,0,0,0,0,0,0,0,14,67,0,0,0,0,0,85,0,4,0,10,8,18,38,37,13,120,3,46,78,293,198,168,100,45,4,940,0,0,0,0,5,4,4,0,0,14
SED10050,3,24,25,322,136,73,65,60,7,719,0,0,0,8,9,21,31,37,29,126,11,57,41,82,36,42,31,11,0,312,0,22,42,263,57,36,32,19,8,482,0,4,11,44,22,17,20,3,3,129,0,3,3,67,23,14,17,7,3,139,0,0,3,3,6,9,0,5,0,21,4,30,21,259,163,112,40,34,14,673,3,10,19,248,62,62,101,92,55,658,4,16,15,102,83,48,12,10,3,288,0,4,9,106,40,25,18,12,0,212,0,3,0,15,22,7,3,4,0,52,0,0,10,45,49,48,39,19,7,216,0,0,0,3,3,6,12,3,0,24,0,0,0,3,5,6,4,0,0,20,0,0,0,5,0,4,0,0,0,9,0,4,70,138,4,0,0,0,0,219,3,38,12,146,77,47,30,48,19,427,7,55,100,745,479,371,213,89,26,2083,0,0,5,6,7,9,8,4,0,28
SED10051,0,13,18,144,55,28,34,55,23,377,0,5,12,34,34,81,226,419,227,1038,4,33,79,240,125,190,145,38,16,872,3,32,68,359,113,75,80,63,21,818,5,30,165,603,306,248,206,91,22,1663,0,6,9,138,36,41,11,6,3,251,0,17,29,92,80,73,43,21,7,363,9,14,74,1307,169,86,54,42,15,1772,0,15,17,186,66,67,153,148,82,734,0,8,20,101,52,48,14,3,0,247,0,6,14,103,47,41,15,12,5,251,3,4,0,56,49,72,62,40,18,303,0,4,66,270,109,155,206,72,18,905,0,0,3,0,5,20,88,94,37,252,0,0,8,32,17,23,30,12,0,119,0,0,0,11,0,5,3,4,0,17,0,4,23,39,5,5,0,0,0,74,0,4,7,48,16,25,23,12,6,146,9,39,115,547,360,291,182,65,22,1625,0,0,0,21,11,6,12,13,5,67
SED10052,0,7,4,68,32,39,71,53,34,299,0,20,18,32,47,117,197,199,79,705,4,17,24,119,71,124,115,21,11,504,0,11,38,216,89,61,58,29,19,520,0,7,18,89,59,33,29,21,8,270,0,4,4,65,15,10,14,3,0,115,0,0,0,14,12,7,3,0,0,41,0,16,12,129,81,44,27,24,14,350,0,10,3,52,28,72,125,139,81,515,0,8,11,56,49,16,8,3,3,155,4,3,13,65,30,20,14,7,0,147,6,5,3,62,100,132,98,38,10,461,0,0,12,68,52,65,83,34,9,316,0,0,0,5,8,12,40,41,17,121,0,0,4,8,7,20,19,7,0,66,0,0,0,14,7,9,12,0,3,48,0,6,19,90,11,0,0,0,0,123,0,3,9,24,17,21,31,33,19,150,0,41,96,378,271,242,141,67,22,1258,0,6,3,72,70,114,121,45,12,442
SED10053,0,0,4,49,49,57,140,109,43,455,0,0,0,9,4,23,32,43,31,141,0,6,4,20,14,13,12,0,0,69,22,81,90,1045,91,57,34,10,5,1435,0,7,16,47,18,14,12,3,0,124,0,4,6,31,16,9,0,0,0,65,0,0,3,6,8,0,3,0,0,23,0,3,4,31,22,24,21,15,6,139,0,3,5,36,28,71,109,127,80,454,0,5,4,20,11,9,0,0,0,44,0,0,0,58,22,6,0,0,0,95,0,0,0,8,8,13,9,7,0,54,0,10,9,56,36,42,12,10,0,173,0,0,0,0,0,10,28,30,10,79,0,0,4,10,5,0,3,0,0,17,0,0,0,14,6,11,3,3,0,26,0,14,54,467,7,0,5,0,0,546,0,3,5,13,31,30,56,44,11,199,0,35,90,324,278,222,147,52,12,1164,0,5,13,114,89,137,136,56,21,575
SED10054,0,0,3,14,11,25,56,44,3,150,0,3,14,8,3,27,38,34,14,140,0,3,9,24,10,35,21,3,0,106,21,247,368,2493,606,318,192,77,20,4335,0,9,15,139,69,68,62,12,3,379,0,17,25,94,27,34,26,7,4,232,4,102,184,563,258,220,117,31,8,1482,0,5,3,8,9,17,18,21,6,84,0,3,3,17,21,49,52,51,19,215,3,8,3,11,4,0,0,0,0,28,0,3,17,53,35,31,15,5,0,159,0,13,21,158,96,122,116,30,5,565,0,20,10,62,33,50,42,11,3,235,0,3,4,16,17,81,201,127,30,486,0,0,7,26,24,60,40,22,12,177,0,3,0,67,47,22,14,10,0,174,5,15,46,444,19,13,8,0,0,555,0,0,5,8,9,8,27,15,3,78,24,266,432,1053,330,213,105,30,11,2462,0,0,0,19,10,17,24,15,4,93
SED10055,0,5,9,25,25,36,70,52,9,224,0,0,18,18,8,28,36,45,11,164,0,0,6,32,15,15,21,3,0,82,0,73,120,867,273,244,149,60,27,1823,0,3,8,47,26,17,20,4,0,131,0,10,22,168,80,109,66,22,6,483,3,99,269,1324,684,482,290,106,34,3293,0,13,5,44,35,32,32,22,7,193,0,0,6,34,54,200,325,261,101,982,0,0,0,8,6,0,0,0,0,21,0,3,18,52,44,22,11,3,0,150,0,16,17,154,158,151,72,25,10,591,0,0,15,35,24,28,38,13,0,152,0,0,9,23,44,156,269,170,37,703,0,0,3,21,8,24,37,11,0,119,0,9,0,11,5,7,8,3,0,48,0,0,6,80,17,23,9,0,0,143,0,0,5,5,15,28,32,17,7,111,13,133,209,497,241,187,89,16,6,1376,0,0,0,25,29,40,35,12,0,139
SED10056,0,0,5,21,15,25,44,28,14,147,0,0,0,0,0,8,8,9,0,24,0,0,0,17,6,0,0,0,0,29,22,101,135,1387,326,239,94,13,7,2326,0,0,9,41,18,3,8,0,0,77,0,0,0,8,0,0,0,0,0,10,0,0,0,3,6,4,0,0,0,17,0,3,4,37,8,11,7,6,4,80,0,3,8,57,25,98,333,372,253,1145,0,0,0,12,6,0,0,0,0,22,0,0,10,41,0,3,0,0,0,53,0,0,0,0,3,0,6,4,0,15,6,24,59,341,66,36,6,3,0,541,0,0,0,4,0,6,10,8,0,33,0,0,0,7,0,0,0,0,0,8,0,0,0,13,0,0,0,0,0,16,0,0,8,40,8,6,0,0,0,56,0,0,0,10,15,14,59,39,7,157,4,76,122,298,119,129,97,38,10,896,0,0,0,0,0,0,0,0,0,0
SED10057,0,4,8,23,26,54,101,78,27,317,0,0,0,0,3,3,15,8,4,32,0,0,0,9,8,7,3,0,3,31,3,28,7,172,20,12,16,15,3,272,0,4,4,26,9,4,9,3,0,64,0,0,0,5,5,6,3,0,0,24,0,0,0,9,0,6,4,0,0,17,0,7,0,21,8,19,19,34,9,116,0,0,0,3,3,10,49,28,13,111,0,0,0,9,5,6,3,0,0,24,0,0,0,24,7,0,5,0,0,38,0,0,0,3,3,9,11,0,6,28,0,0,5,16,9,17,16,6,0,64,0,0,0,0,3,10,37,21,8,84,0,0,0,3,0,6,4,0,0,17,0,0,0,3,0,0,0,0,0,17,0,0,15,98,3,0,0,0,0,117,0,9,0,3,5,32,96,89,36,269,3,17,15,103,137,191,220,102,20,818,0,0,0,0,0,0,0,0,0,6
SED10058,0,3,12,68,33,42,83,54,12,311,0,0,0,9,5,18,43,80,57,216,0,3,24,36,10,16,7,0,0,99,5,23,50,261,46,22,19,13,4,436,0,5,15,56,23,9,6,0,0,114,0,5,4,58,8,5,3,3,0,80,0,0,0,9,0,0,0,0,0,10,0,9,10,81,41,32,21,7,4,197,0,3,3,47,18,33,72,67,82,327,6,8,9,46,13,3,5,0,0,95,0,10,11,74,17,11,0,0,0,116,0,0,3,7,0,0,4,0,0,19,3,4,11,53,22,22,16,9,0,146,0,0,3,0,0,3,11,0,0,18,0,0,0,9,0,5,6,5,0,19,0,3,0,14,0,0,0,0,0,16,0,4,30,131,3,0,0,0,0,169,0,3,7,20,20,15,26,30,11,131,0,38,66,323,206,196,127,54,12,1027,0,0,0,7,15,47,64,49,24,218
SED10059,0,5,32,185,80,54,40,34,0,436,0,0,14,31,10,60,102,211,107,536,3,16,209,318,45,56,41,9,9,699,0,8,164,597,43,39,26,3,4,891,5,0,278,469,67,31,31,12,4,897,0,0,12,121,12,14,5,3,0,174,0,0,0,23,6,4,3,0,0,47,4,4,20,358,107,60,24,12,3,596,0,5,21,265,44,35,59,61,53,545,3,12,55,236,82,31,13,4,3,430,0,6,59,310,51,22,23,19,4,498,0,3,8,28,27,34,58,34,16,206,4,10,125,332,103,71,49,21,4,715,0,0,0,4,6,6,20,21,10,69,0,0,4,18,11,9,3,3,0,42,0,0,33,33,5,4,9,3,0,92,0,0,73,106,5,0,3,0,0,186,0,3,12,98,29,19,17,14,4,189,5,8,254,909,357,369,192,44,11,2153,0,0,0,10,14,11,27,13,3,88
SED10060,5,16,20,183,85,60,66,75,19,523,0,0,0,23,7,15,21,27,14,104,11,108,115,421,160,167,172,43,9,1204,19,65,43,1016,135,111,69,58,18,1530,4,0,16,147,45,25,26,17,7,288,0,3,6,266,46,42,38,15,3,427,0,0,0,21,3,5,6,4,0,40,0,15,13,222,88,81,45,23,11,505,0,17,10,220,63,50,50,50,30,483,14,55,46,363,197,96,39,26,0,850,0,12,23,270,107,49,33,19,5,524,0,0,0,24,10,25,10,3,0,77,3,10,15,276,128,90,108,45,14,696,0,0,0,0,0,3,17,9,0,31,0,0,0,19,7,12,5,0,0,45,0,0,5,11,3,13,3,0,3,35,0,0,80,169,5,3,0,0,0,257,3,15,9,82,40,30,48,37,7,268,12,50,116,600,416,383,260,143,36,2007,0,0,7,16,8,14,9,9,0,60
SED10061,0,5,7,33,15,33,52,38,12,196,0,3,4,0,0,0,4,0,3,12,0,4,0,19,7,7,3,0,0,42,5,27,47,266,25,25,10,13,0,428,0,4,12,34,6,9,7,3,0,81,0,0,0,36,4,0,0,0,0,44,23,172,171,140,50,24,10,0,0,582,0,4,0,15,15,14,18,3,0,71,0,0,0,9,0,6,11,10,9,46,0,4,5,23,5,9,0,0,0,57,3,0,3,49,0,5,0,0,0,57,0,0,0,4,3,3,3,0,4,15,0,0,13,43,6,17,6,6,0,91,0,0,0,0,3,0,4,0,0,11,0,0,0,0,0,0,3,0,0,8,0,0,0,9,0,0,0,0,0,14,0,7,38,270,6,0,0,0,0,332,0,6,3,7,6,18,37,29,9,112,3,28,48,132,128,126,142,51,14,677,0,0,0,0,0,0,6,0,0,6
SED10062,3,8,4,39,12,34,31,43,17,185,0,14,23,70,64,192,272,325,120,1070,11,36,53,439,234,450,302,43,17,1583,3,22,41,311,143,86,75,50,21,758,0,6,42,239,141,76,76,37,3,629,0,0,0,39,17,18,9,6,0,90,0,0,0,18,16,16,0,5,0,64,0,3,5,61,38,37,29,15,3,189,0,0,4,48,34,82,150,151,78,554,0,11,6,57,42,32,11,3,0,157,0,9,13,62,45,26,19,12,0,188,0,7,21,203,217,196,158,80,18,907,5,18,36,192,109,115,142,59,11,680,0,0,0,0,3,14,36,30,9,91,0,0,4,22,7,14,18,11,5,81,0,0,0,13,11,16,9,6,3,52,0,20,452,1268,81,19,10,0,0,1850,4,0,3,6,13,12,9,18,8,66,3,42,140,346,198,203,97,46,11,1088,3,9,7,128,144,258,237,110,41,936
SED10063,3,8,10,14,17,20,48,46,17,172,0,3,0,3,4,0,6,6,5,29,0,0,0,18,4,10,5,0,0,42,3,43,48,399,57,23,15,10,0,596,0,4,3,34,12,0,3,0,0,53,0,0,0,19,3,3,0,0,0,28,0,7,6,10,4,3,0,0,0,30,0,7,0,19,17,3,16,10,8,73,0,5,0,7,7,23,37,27,20,122,0,0,0,17,6,11,6,0,0,37,0,5,4,59,8,0,5,0,0,75,0,0,0,3,0,3,0,0,0,16,0,0,5,35,24,15,8,0,0,82,0,0,0,0,0,0,8,3,0,9,0,0,0,5,0,0,0,0,0,3,0,0,3,3,0,0,0,0,0,11,0,3,31,229,11,4,0,0,0,276,0,0,3,10,3,8,59,41,10,142,0,25,33,176,128,150,92,48,19,671,0,0,0,0,4,3,0,0,0,8
SED10064,0,0,4,36,16,61,132,79,24,351,0,0,0,0,0,0,8,5,0,16,0,3,0,4,0,6,4,5,0,29,5,8,3,98,9,12,14,9,5,172,4,3,0,14,7,6,10,3,0,53,0,0,0,3,3,3,0,0,0,9,0,0,0,6,0,0,0,0,0,12,0,0,0,13,15,17,21,12,0,80,0,0,0,9,3,18,21,15,10,71,0,0,7,7,4,6,3,0,0,28,0,0,0,7,5,3,0,0,0,15,0,0,0,5,0,5,4,3,0,19,0,0,3,21,18,17,15,0,0,76,0,0,0,0,0,13,15,6,0,36,0,0,0,0,3,4,0,0,0,5,0,0,0,0,4,0,0,0,0,5,0,0,9,57,0,0,0,0,0,63,0,0,0,20,9,22,84,67,14,220,0,12,13,133,130,263,199,78,22,852,0,0,0,0,0,0,0,0,0,4
SED10065,0,5,12,52,30,23,28,33,11,188,0,0,0,9,11,32,48,105,48,250,8,71,109,719,244,473,309,60,20,2017,461,1551,1169,11046,809,426,271,107,29,15874,0,19,74,324,155,79,68,27,4,754,3,86,131,979,287,232,146,53,15,1927,0,12,17,156,94,77,14,8,4,381,4,3,4,61,40,20,20,8,12,164,0,4,3,81,28,67,77,85,45,389,0,7,31,86,44,30,11,7,3,206,8,129,321,1505,915,591,321,145,31,3964,7,37,16,304,311,428,387,230,62,1797,0,35,100,503,172,149,164,54,11,1199,0,0,0,0,0,12,31,20,16,80,0,0,9,38,13,18,18,9,6,117,0,0,8,58,39,30,29,9,0,172,6,16,964,1226,58,10,5,0,0,2285,0,3,3,10,3,9,25,23,3,82,16,70,187,447,226,219,86,32,9,1291,0,0,0,14,7,3,5,0,0,29
SED10066,0,4,5,28,21,37,125,82,19,335,0,4,5,5,9,27,27,44,21,141,0,3,0,22,19,10,10,0,0,69,12,124,144,1016,215,89,97,60,15,1765,0,0,7,74,30,13,18,9,0,151,3,12,12,115,28,24,18,14,3,233,0,3,3,42,14,16,8,13,0,100,0,18,0,71,36,49,69,52,16,317,0,4,0,23,10,53,58,49,25,221,0,7,4,23,14,0,8,0,0,57,5,7,8,110,46,27,13,3,0,213,0,0,5,42,24,32,32,14,0,143,0,16,14,72,40,25,34,15,0,216,0,0,0,9,14,40,89,61,21,234,0,0,4,10,13,17,20,9,3,76,0,0,0,21,0,0,7,0,0,30,0,20,57,182,16,14,3,0,0,301,0,5,0,8,10,31,101,52,29,228,4,70,161,449,266,212,145,29,9,1348,0,0,0,8,6,19,10,10,0,53
SED10067,3,23,32,117,110,89,119,108,33,639,0,0,0,7,4,3,18,14,3,48,6,19,18,25,23,23,16,10,7,149,0,13,14,86,29,37,18,21,5,222,5,5,15,34,20,14,18,5,7,115,0,0,5,31,26,13,13,4,3,93,0,0,0,8,9,10,5,0,0,18,0,8,13,61,81,61,46,38,12,319,0,0,5,38,33,49,93,88,46,355,0,10,11,43,29,29,11,10,4,147,0,6,6,35,13,18,9,0,0,92,0,0,0,6,16,22,9,6,0,61,4,3,0,18,28,24,27,11,0,112,0,0,0,0,3,5,8,8,0,32,0,0,0,0,0,11,8,4,0,34,0,0,0,0,0,8,3,0,0,16,0,0,17,30,3,0,0,0,0,51,0,4,14,34,58,47,83,85,52,373,4,26,63,293,292,345,258,105,41,1427,0,0,0,4,0,0,3,0,0,15
SED10068,0,6,3,29,20,46,105,111,36,357,0,0,0,6,0,7,7,8,6,35,0,0,5,16,6,16,5,0,0,54,0,26,20,204,45,13,18,20,5,352,0,0,4,20,8,8,10,8,0,56,0,0,0,13,4,0,7,0,0,24,0,0,0,6,0,0,0,0,0,14,0,14,5,35,28,25,42,33,8,186,0,0,0,7,12,15,44,24,10,113,0,4,4,17,18,0,3,0,0,53,0,0,3,38,7,4,0,0,0,56,0,0,0,0,9,3,0,6,0,19,0,3,5,25,12,27,9,3,0,82,0,0,0,0,3,11,36,25,3,83,0,0,0,4,0,0,8,0,0,13,0,0,0,9,0,0,0,0,0,10,0,4,12,105,0,0,0,0,0,126,0,0,0,25,14,31,97,97,37,291,0,25,31,186,188,241,249,160,52,1137,0,0,0,0,0,4,0,0,0,6
SED10069,0,6,0,26,6,46,161,96,31,371,0,0,0,4,9,11,17,17,8,66,0,5,6,5,7,7,7,3,0,39,3,13,4,102,13,8,7,19,4,170,0,0,0,24,5,7,3,6,3,53,0,0,0,5,4,0,0,0,0,10,0,0,0,0,0,3,5,0,0,11,0,3,5,17,21,22,27,18,7,135,0,0,0,4,5,30,57,42,16,153,0,3,5,12,13,4,5,0,0,33,0,0,4,12,8,0,0,0,0,25,0,0,0,0,0,8,8,3,0,22,0,0,11,53,34,36,30,3,3,182,0,0,0,0,0,16,54,30,5,110,0,4,5,6,3,19,12,6,7,58,0,0,0,0,0,5,3,0,0,8,0,5,23,84,7,0,0,0,0,119,0,0,4,10,15,18,79,76,20,229,0,28,37,164,216,227,229,105,19,1025,0,0,0,0,0,14,14,0,0,25
SED10070,0,4,6,20,24,19,44,67,41,231,0,3,14,16,16,29,93,121,37,332,0,10,4,71,34,71,55,10,0,258,111,754,792,5369,937,436,263,79,27,8768,0,4,19,90,48,49,39,5,6,260,0,19,46,193,96,99,62,49,26,589,5,622,807,2313,1077,970,550,265,79,6690,0,5,3,18,25,20,39,22,7,142,0,4,5,36,41,190,370,452,270,1371,0,3,0,8,7,4,0,3,0,28,0,3,13,102,60,61,27,10,3,284,29,76,54,346,343,351,249,85,19,1556,5,15,23,82,49,45,68,27,3,310,0,0,0,15,16,106,468,431,145,1184,0,0,7,28,18,32,58,9,3,157,0,0,3,40,27,30,22,11,4,130,0,8,53,356,31,9,7,0,0,466,0,0,4,0,0,4,22,18,7,67,20,115,221,369,188,120,76,15,0,1117,0,3,0,29,20,57,91,30,6,240
SED10071,0,4,13,53,25,31,53,35,12,232,0,0,0,11,8,19,25,27,4,100,5,23,45,163,75,123,64,3,0,503,159,1910,1460,12564,2669,1201,846,248,54,21107,0,14,48,313,184,60,70,28,4,723,3,43,76,580,188,155,54,22,3,1120,0,6,12,83,36,27,14,6,3,190,0,20,27,126,36,31,20,17,0,285,0,8,4,42,21,68,82,72,29,326,0,9,7,30,17,7,6,0,0,72,0,31,79,315,221,102,50,27,4,832,0,3,4,79,66,58,42,13,4,265,4,51,63,255,140,104,131,31,3,788,0,0,0,9,25,78,172,116,40,446,0,3,5,45,27,40,27,14,5,185,4,0,4,56,48,31,26,13,9,182,5,32,132,1052,143,51,25,4,0,1442,0,0,0,27,11,9,34,20,5,116,22,210,406,688,338,217,111,27,8,2016,0,0,0,12,11,5,10,0,0,33
SED10072,5,3,4,71,37,31,26,36,6,226,4,34,48,139,120,322,643,877,382,2579,4,4,76,373,88,133,131,36,13,853,31,82,76,1028,117,86,57,41,14,1532,0,14,131,623,134,76,79,24,9,1095,4,0,7,103,29,15,19,4,0,180,0,6,4,71,32,13,10,8,0,150,0,6,8,226,55,39,23,15,8,379,0,5,14,178,46,88,158,228,175,895,4,4,17,132,77,41,12,5,0,293,0,3,21,194,56,27,12,3,0,327,7,29,67,441,507,567,330,133,34,2114,4,9,54,342,93,63,85,21,11,670,0,0,0,7,4,26,75,72,35,219,0,0,0,31,13,18,12,16,3,84,0,0,13,25,10,10,7,4,0,76,3,27,1082,2072,105,25,7,0,0,3318,0,5,0,21,15,8,12,18,9,87,4,29,89,439,283,230,121,36,7,1233,0,13,28,240,223,429,569,339,102,1943
SED10073,4,6,15,100,47,17,35,41,14,270,0,8,8,24,20,28,40,63,21,203,19,80,199,1137,418,624,562,92,37,3168,79,297,381,2837,353,249,193,93,23,4502,4,30,161,551,195,140,107,67,19,1278,11,38,52,894,172,179,169,75,36,1616,4,0,7,41,20,34,17,15,5,138,0,9,8,99,34,36,25,33,8,246,0,8,13,146,49,122,260,275,189,1064,3,25,36,184,133,62,24,8,8,480,17,113,320,2055,760,567,339,162,33,4356,5,6,13,98,95,153,152,111,34,670,5,28,132,646,234,196,235,101,20,1610,0,0,0,0,5,7,26,29,6,74,0,0,11,22,9,13,10,8,3,82,0,0,17,55,27,28,33,16,0,176,0,0,198,484,15,3,6,3,0,714,0,4,9,24,21,13,16,21,18,120,6,59,90,327,183,193,89,54,3,1003,0,0,4,10,6,11,24,11,4,80
SED10074,0,0,0,24,11,19,58,56,13,200,0,0,0,14,9,31,55,77,39,224,0,11,21,147,77,137,83,14,0,497,171,739,947,6629,969,517,334,119,45,10462,0,4,31,128,76,57,39,20,3,366,4,32,54,436,121,112,56,16,8,832,0,7,8,72,40,24,7,4,0,167,0,11,3,56,29,34,27,33,7,197,0,5,11,27,33,51,124,89,57,409,0,5,6,26,23,14,10,5,0,91,5,38,73,296,274,195,104,57,16,1057,7,13,19,169,187,239,146,78,18,872,7,25,43,185,84,95,108,42,9,591,0,0,0,9,6,32,151,126,42,361,0,5,3,29,17,32,25,12,7,123,0,0,9,73,61,34,47,9,8,249,4,16,199,665,63,32,6,0,0,986,0,0,0,8,7,9,28,31,17,105,17,105,201,475,247,214,121,39,13,1435,0,0,0,6,5,10,13,3,0,30
SED10075,0,0,3,24,43,86,199,139,70,559,0,0,5,4,8,34,46,27,20,144,0,0,3,9,9,11,5,3,0,46,5,39,32,264,55,18,29,10,3,449,0,0,7,26,10,5,13,3,0,68,0,0,0,18,13,3,4,0,0,51,0,4,3,21,10,6,0,7,0,44,0,18,5,37,27,30,26,32,13,181,0,7,0,19,30,91,203,102,66,517,0,6,0,14,6,3,0,4,0,31,0,9,7,24,28,9,8,3,0,75,0,0,0,18,7,23,17,14,0,78,0,3,7,26,15,19,7,3,4,81,0,3,4,0,5,42,134,68,16,280,0,0,0,3,0,4,0,4,0,15,0,0,0,11,0,0,0,0,0,11,0,0,0,26,0,0,0,0,0,32,0,0,0,12,4,21,109,92,32,266,5,31,61,250,184,170,111,37,9,857,0,5,7,84,136,266,399,130,25,1051
SED10076,0,0,4,29,24,63,135,96,45,401,0,0,0,5,3,12,42,55,20,143,0,4,4,7,6,3,4,4,0,34,11,40,31,233,33,18,26,24,4,412,0,5,0,27,6,10,14,0,7,73,0,0,0,9,0,0,0,4,0,14,0,0,0,15,0,8,0,0,0,25,0,7,0,16,14,26,42,30,6,133,0,0,0,12,11,38,89,78,22,258,0,5,0,18,11,6,7,0,0,49,0,3,0,35,4,6,0,0,0,51,0,0,4,12,3,6,3,0,0,31,0,0,0,20,8,15,8,0,0,52,0,0,0,3,3,30,74,52,18,178,0,0,0,6,0,12,17,10,5,44,0,0,0,4,0,0,0,0,0,12,0,0,3,87,5,0,0,0,0,94,0,0,0,9,10,29,99,76,24,257,4,16,38,163,166,191,218,98,21,917,0,0,0,0,4,10,18,9,0,35
SED10077,0,3,4,49,10,14,58,34,11,188,0,0,11,14,21,70,162,277,137,695,10,54,181,611,259,339,312,55,15,1843,164,591,485,4650,602,346,236,105,57,7241,3,16,109,508,107,64,59,41,13,917,0,0,9,109,22,11,12,5,0,165,0,0,6,32,21,13,3,5,3,87,0,11,5,158,67,54,39,19,4,360,0,10,16,168,109,220,431,476,320,1748,3,10,31,139,48,23,13,6,7,280,12,87,310,1815,683,574,308,179,61,4018,0,16,30,213,261,342,296,181,71,1410,4,18,173,826,164,126,120,81,21,1518,0,0,0,0,7,0,19,31,11,71,0,0,3,32,16,9,14,4,5,79,0,5,18,61,39,66,22,15,6,234,0,28,3612,3386,78,14,0,0,0,7119,0,0,3,4,5,10,11,9,4,48,9,57,144,308,133,147,93,29,12,949,0,0,0,0,12,7,10,10,0,39
SED10078,0,4,14,124,50,42,31,19,9,300,0,3,9,40,66,143,319,736,356,1692,5,6,54,238,71,91,78,25,18,581,12,74,59,718,118,72,51,42,10,1157,0,5,28,223,80,53,54,23,4,460,0,0,8,69,11,15,10,9,0,126,0,0,4,20,3,5,5,0,0,44,0,3,15,188,106,55,34,17,3,431,0,6,9,184,72,193,359,480,349,1663,0,11,8,146,67,45,7,10,0,305,0,14,29,190,77,45,26,35,54,474,0,5,4,73,107,161,206,173,82,803,0,6,45,287,87,54,74,29,6,595,0,0,0,4,10,8,32,23,11,83,0,0,5,29,13,19,12,8,8,87,0,0,3,20,14,16,10,10,3,83,0,24,614,1033,46,17,7,3,0,1739,0,6,9,33,13,8,16,5,3,104,3,19,64,554,326,271,122,36,12,1410,0,0,3,22,8,18,23,20,7,92
SED10079,0,5,4,15,18,38,99,81,21,282,0,0,0,0,0,8,16,18,0,44,0,0,4,3,6,14,5,4,0,36,3,3,5,53,11,21,19,13,5,137,5,3,11,32,14,9,5,3,0,79,0,0,0,4,4,0,4,0,0,15,0,0,0,3,0,0,0,0,0,10,0,6,8,25,24,31,31,24,4,152,0,0,0,4,8,24,43,42,16,144,0,4,5,4,9,3,4,0,0,28,0,0,5,26,14,0,0,0,0,48,0,0,0,0,4,8,10,0,0,27,0,0,4,12,12,15,24,3,3,74,0,0,0,0,5,18,62,45,14,143,0,0,0,0,0,8,7,5,0,16,0,0,0,0,0,4,0,0,0,3,0,0,0,11,0,0,0,0,0,11,0,0,0,7,3,16,86,54,24,190,5,23,29,180,181,192,198,87,26,923,0,0,0,0,3,9,7,4,0,25
SED10080,5,9,32,252,80,53,91,58,20,590,0,0,0,30,15,28,32,21,21,151,8,46,112,462,135,148,126,38,10,1090,14,32,148,1322,100,70,50,32,8,1781,3,21,994,2401,192,70,83,35,5,3797,0,4,3,250,35,24,21,11,0,350,0,0,0,29,6,3,5,4,0,50,0,0,14,435,78,50,35,21,3,640,5,0,49,519,72,55,61,46,23,831,8,12,66,476,190,76,24,18,0,871,0,6,104,893,131,41,18,8,0,1211,0,4,5,55,28,37,11,8,0,153,5,0,133,707,159,139,127,43,7,1322,0,0,0,7,8,8,15,9,6,48,0,0,3,18,10,15,4,0,0,57,0,0,26,42,7,12,7,5,0,90,0,4,94,125,9,0,0,0,0,226,0,4,3,119,30,22,28,24,3,229,5,15,166,1010,502,491,308,117,33,2650,0,0,0,26,5,17,5,3,0,63
SED10081,0,6,4,14,15,19,24,35,4,115,0,0,0,0,0,3,3,9,7,20,0,3,0,18,0,0,5,0,0,35,14,40,28,391,29,23,13,0,3,540,0,6,7,39,8,11,3,4,0,73,0,0,0,17,9,0,0,0,0,30,0,0,3,3,3,0,0,0,0,9,0,3,0,18,7,6,8,13,0,61,0,3,0,4,0,3,6,10,5,44,3,4,0,19,3,0,0,0,0,27,0,0,4,29,8,5,0,0,0,42,0,0,0,0,3,3,3,3,0,20,0,3,9,41,26,6,3,0,5,95,0,0,0,0,0,4,15,7,0,29,0,0,0,0,3,0,0,0,0,0,0,5,4,36,9,9,4,0,0,64,0,4,19,203,0,0,0,0,0,229,0,0,0,6,7,3,34,38,8,104,0,21,33,156,113,96,91,43,13,563,0,0,0,0,0,3,0,0,0,3
SED10082,0,9,17,46,34,41,87,81,30,339,0,0,8,4,8,9,22,15,4,69,0,10,4,22,15,23,16,5,4,99,0,14,15,136,31,37,22,24,12,300,0,4,12,38,16,12,11,10,3,113,0,0,3,8,5,5,10,3,0,36,0,0,0,4,5,0,0,0,0,11,0,18,22,67,74,60,55,29,4,325,0,5,4,23,17,34,65,52,25,216,0,20,9,29,26,8,10,0,0,94,0,4,7,37,30,7,8,3,0,100,0,0,0,4,9,11,8,10,6,47,0,0,5,30,15,27,19,8,9,115,0,0,0,6,4,8,61,24,3,107,0,0,3,3,6,11,13,7,0,41,0,0,0,0,0,5,5,3,3,19,0,0,6,24,0,3,0,0,0,33,0,0,8,12,29,30,69,74,31,257,7,45,47,268,295,252,219,113,35,1284,0,0,0,0,0,6,0,0,0,11
SED10083,0,0,3,24,20,29,59,66,22,222,0,0,0,0,7,7,29,24,15,82,0,0,4,21,4,12,10,4,0,65,8,22,44,274,53,32,25,16,3,480,0,7,15,45,19,16,15,9,3,123,0,3,0,18,8,10,4,0,0,43,0,0,0,0,4,3,0,3,0,8,0,15,0,61,37,41,54,43,8,258,0,0,3,14,9,26,61,50,25,193,5,6,7,19,20,12,4,0,0,70,0,9,13,68,38,22,16,3,0,173,0,0,3,3,5,27,9,3,3,59,0,0,9,27,17,25,23,9,0,118,0,0,0,5,8,20,61,37,13,135,0,0,0,6,6,10,15,0,6,45,0,0,0,3,4,9,0,0,0,17,0,0,12,65,5,0,0,0,0,80,0,0,0,12,13,19,51,43,23,172,7,26,51,263,297,255,191,76,22,1198,0,0,0,0,3,0,8,4,0,10
SED10084,0,7,4,56,29,49,106,105,35,385,0,0,0,0,8,3,11,11,3,25,0,5,9,16,4,8,4,6,0,55,4,12,33,228,39,19,13,19,7,382,3,5,5,30,13,8,15,4,0,76,0,0,0,8,0,9,0,0,0,17,0,0,0,0,0,0,0,0,0,3,0,9,11,47,29,18,21,28,12,167,0,0,0,39,9,12,40,31,28,165,7,10,8,79,42,14,18,3,0,190,0,0,3,24,12,8,0,0,0,46,0,0,0,3,9,4,4,0,0,14,0,0,3,18,20,28,25,10,0,106,0,0,0,0,0,10,31,17,9,68,0,0,0,5,0,7,3,4,0,23,0,0,0,0,0,0,0,0,0,7,0,0,0,43,0,0,0,0,0,45,0,3,0,22,12,23,80,67,26,238,7,54,102,550,418,421,459,254,82,2349,0,0,0,0,0,5,4,0,0,5
SED10085,0,0,3,15,8,33,45,24,7,137,0,0,0,0,0,0,6,3,0,12,0,4,0,3,4,6,5,5,0,29,3,15,25,173,12,15,14,6,3,265,0,0,4,16,5,3,5,3,0,34,0,0,0,3,0,0,0,0,0,3,0,0,0,6,0,0,0,0,0,10,0,11,8,87,18,19,35,9,3,193,0,0,0,3,3,9,11,14,6,48,0,0,4,3,0,3,4,0,0,19,0,0,0,8,0,5,0,0,0,21,0,0,0,0,4,4,5,3,0,17,0,3,8,25,14,19,13,5,0,83,0,0,0,0,0,6,9,14,0,31,0,0,0,3,0,0,0,0,0,3,0,0,0,3,0,0,0,0,0,6,0,0,9,40,0,0,0,0,0,51,0,0,3,15,9,21,53,35,9,147,3,44,81,270,210,258,146,53,12,1073,0,0,0,0,0,3,0,0,0,5
SED10086,0,3,21,265,84,58,88,65,47,640,0,3,0,22,4,32,55,76,35,225,13,114,84,145,84,60,55,21,7,579,0,21,6,151,40,62,53,61,20,414,0,4,23,80,33,30,31,16,9,220,0,0,3,93,25,26,23,11,3,186,0,0,0,14,4,0,10,13,17,57,0,3,5,532,104,48,23,20,12,750,0,7,18,475,60,46,76,74,35,797,0,12,14,91,66,27,13,15,5,256,0,6,15,82,41,19,5,5,0,170,0,0,4,17,18,32,10,18,4,105,0,8,10,75,56,53,55,20,3,274,0,0,0,3,7,7,11,10,3,43,0,0,0,11,6,6,0,0,0,25,0,0,0,4,0,3,5,0,0,21,0,0,7,17,0,4,0,0,0,29,6,16,4,111,27,16,23,25,13,238,21,30,89,724,349,296,193,103,24,1834,0,0,0,17,5,10,8,0,0,40
SED10087,0,0,0,22,5,27,44,41,22,164,0,3,0,3,0,6,10,12,4,42,0,0,0,20,10,9,3,0,0,53,15,102,88,669,105,45,18,8,0,1055,4,0,8,19,8,3,0,0,0,40,0,10,14,30,11,3,6,0,0,78,15,205,212,256,74,40,24,8,0,826,0,22,5,24,18,6,7,6,10,98,0,4,0,15,0,7,27,12,16,79,0,0,3,12,6,0,0,0,0,26,0,5,7,32,9,4,0,0,0,55,0,6,0,3,3,5,0,0,0,17,15,48,10,28,30,30,6,0,0,169,0,0,0,0,0,3,9,0,0,13,0,0,0,6,0,0,0,0,0,7,0,8,19,144,33,11,0,0,0,226,4,9,25,151,12,4,3,0,0,196,0,0,4,13,7,12,41,27,11,119,8,36,40,190,99,138,92,35,10,651,0,0,0,0,0,3,0,0,0,6
SED10088,3,20,26,159,88,66,63,75,36,524,0,0,3,10,5,18,26,35,14,107,3,33,25,78,67,98,95,22,14,436,11,104,134,503,127,87,49,41,7,1064,0,5,21,107,58,41,33,17,10,287,0,0,6,118,56,65,50,26,16,346,0,0,0,0,4,7,6,3,0,24,0,30,18,127,129,74,40,30,6,461,0,4,9,155,62,200,354,281,164,1233,0,14,35,95,85,71,31,8,3,341,0,9,19,140,61,64,35,5,7,342,0,0,0,13,22,32,12,18,3,100,0,3,20,48,60,54,45,35,3,272,0,0,0,0,3,9,6,12,0,32,0,4,0,9,5,6,10,4,0,31,0,0,0,8,0,5,0,0,0,20,4,4,236,462,15,3,0,0,0,736,0,20,19,45,42,47,40,65,46,318,4,35,97,573,431,370,184,79,24,1799,0,0,0,3,8,9,7,4,0,42
SED10089,0,3,9,39,16,25,109,68,8,276,0,0,0,4,8,13,30,26,13,93,0,0,70,54,12,23,14,4,4,183,9,90,158,763,166,58,32,23,8,1300,3,10,16,71,31,15,5,8,0,154,0,17,20,111,15,6,0,0,0,168,0,17,14,22,11,4,4,0,0,70,0,27,8,44,18,12,6,15,10,136,0,0,3,16,10,21,50,54,57,219,0,0,9,26,12,8,0,0,3,56,3,17,42,148,53,19,9,5,0,292,0,6,0,4,9,4,8,0,0,34,0,7,78,136,38,31,16,8,0,325,0,0,0,0,0,4,3,0,0,13,0,0,0,6,3,0,9,0,0,22,0,0,17,13,0,0,0,0,0,39,0,11,47,211,6,4,4,0,0,287,0,3,5,8,14,7,28,29,10,108,9,50,78,218,143,112,84,30,11,746,0,0,5,28,35,89,107,68,24,353
SED10090,3,10,11,99,50,42,53,48,22,340,0,3,4,3,11,23,43,67,29,173,33,233,185,786,427,404,432,130,45,2679,18,237,107,1209,248,108,72,44,19,2067,4,18,65,389,114,68,63,31,16,764,0,20,9,243,72,69,82,33,23,562,0,0,4,14,7,13,3,0,3,48,0,10,7,124,94,65,35,22,12,368,0,13,10,117,33,52,89,133,86,536,34,135,90,482,351,199,79,32,7,1414,12,85,134,737,291,159,94,28,8,1552,0,3,5,22,46,48,55,42,17,243,6,38,76,438,255,167,159,80,19,1240,0,0,0,4,3,0,5,4,0,29,0,0,0,16,8,8,11,0,0,50,0,0,3,18,8,3,8,9,5,45,0,6,173,305,20,7,0,0,0,509,0,12,5,34,27,17,29,28,13,156,7,67,119,430,393,337,222,89,19,1693,0,0,0,9,9,15,11,11,8,63
SED10091,0,3,3,42,19,43,121,96,20,349,0,0,0,3,4,20,42,18,5,99,0,12,3,15,14,19,8,3,0,73,0,21,26,249,40,19,21,18,10,420,0,0,5,19,7,7,11,5,0,54,0,0,0,19,7,6,7,8,0,41,0,4,9,22,7,15,5,0,0,63,0,3,4,49,46,45,54,37,5,241,0,3,0,16,28,62,99,67,33,310,0,0,0,12,4,7,7,0,0,31,0,0,6,22,7,7,3,0,0,43,0,0,0,29,49,37,31,11,0,151,0,4,0,17,17,17,15,6,0,84,0,0,0,11,12,40,107,53,6,225,0,0,0,3,5,12,15,0,4,48,0,0,0,4,0,3,4,4,0,14,6,9,24,271,7,4,0,0,0,318,0,0,0,16,14,33,89,58,23,240,0,29,45,197,208,198,182,95,11,967,0,0,0,11,4,23,8,6,0,45
SED10092,6,0,7,48,29,57,139,88,41,412,0,0,5,5,7,41,113,143,94,405,0,4,13,43,14,18,15,0,0,115,11,43,180,776,64,56,36,19,6,1190,0,7,28,50,30,13,8,3,0,136,0,6,18,102,13,20,6,0,0,173,4,43,49,98,47,41,16,3,0,297,0,9,16,38,22,13,20,15,11,141,0,11,12,57,42,138,313,347,286,1198,0,0,12,37,13,6,14,5,0,89,0,4,14,90,25,27,10,0,0,177,0,3,21,141,100,93,67,38,7,470,7,13,34,78,24,20,12,6,0,188,0,0,0,5,6,25,66,65,29,209,0,0,0,9,0,4,0,0,0,18,0,12,19,117,31,8,20,11,0,221,0,0,45,221,3,3,0,0,0,278,0,0,4,17,6,17,58,76,31,218,4,32,85,280,161,164,110,58,18,909,0,8,17,172,289,502,688,484,134,2302
SED10093,0,0,6,25,15,26,64,63,19,216,0,0,0,4,5,6,20,24,0,62,0,0,9,14,5,13,15,0,0,62,0,47,45,428,86,44,19,18,8,694,0,4,13,48,31,11,13,0,0,123,0,0,0,14,9,10,4,3,0,45,0,0,0,5,4,3,0,0,0,12,0,30,10,32,30,32,56,51,12,247,0,3,0,14,11,35,72,52,30,212,0,9,3,16,14,5,5,3,0,60,0,5,11,65,27,28,21,7,0,172,0,0,0,11,16,20,4,3,0,52,0,0,9,33,17,28,20,4,0,103,0,0,4,3,8,15,83,72,11,196,0,6,0,11,9,3,12,7,3,47,0,0,0,0,4,0,0,0,0,8,0,0,13,96,5,0,0,0,0,123,0,4,3,8,15,25,68,65,25,214,9,55,81,357,275,282,194,82,20,1344,0,0,0,5,0,8,0,0,0,10
SED19494,0,0,3,14,0,3,4,3,0,30,0,0,0,3,0,0,0,3,0,10,0,3,6,19,3,8,0,0,0,32,0,0,7,55,4,7,0,0,0,78,0,0,3,28,5,3,0,0,0,32,0,0,7,11,7,5,0,0,0,28,0,0,3,8,0,0,0,0,0,10,0,0,0,17,7,5,0,4,0,29,0,0,0,17,0,6,9,0,0,31,3,0,4,8,0,0,0,0,0,14,0,0,3,11,3,0,0,0,0,21,0,0,0,5,4,3,5,0,0,20,0,0,11,37,8,6,3,0,0,67,0,0,0,0,0,0,0,0,0,6,0,0,0,0,0,0,0,0,0,3,0,0,0,0,0,0,0,0,0,0,0,0,4,18,0,0,0,0,0,17,0,0,0,13,0,8,8,5,0,37,0,7,10,60,38,48,34,3,0,194,0,0,0,0,3,0,0,0,0,4
SED19797,0,0,0,0,0,0,0,0,0,0,0,0,0,0,0,0,0,0,0,0,0,0,0,0,0,0,0,0,0,0,0,0,0,0,0,0,0,0,0,0,0,0,0,0,0,0,0,0,0,0,0,0,0,0,0,0,0,0,0,0,0,0,0,0,0,0,0,0,0,0,0,0,0,0,0,0,0,0,0,0,0,0,0,0,0,0,0,0,0,0,0,0,0,0,0,0,0,0,0,0,0,0,0,0,0,0,0,0,0,0,0,0,0,0,0,0,0,0,0,0,0,0,0,0,0,0,0,0,0,0,0,0,0,0,0,0,0,0,0,0,0,0,0,0,0,0,0,0,0,0,0,0,0,0,0,0,0,0,0,0,0,0,0,0,0,0,0,0,0,0,0,0,0,0,0,0,0,0,0,0,0,0,0,0,0,0,0,0,0,0,0,0,0,0,0,0,0,0,0,0
