SED_CODE_2021,Age_yr_0_M,Age_yr_0_F,Age_yr_0_P,Age_yr_1_M,Age_yr_1_F,Age_yr_1_P,Age_yr_2_M,Age_yr_2_F,Age_yr_2_P,Age_yr_3_M,Age_yr_3_F,Age_yr_3_P,Age_yr_4_M,Age_yr_4_F,Age_yr_4_P,Age_yr_0_4_M,Age_yr_0_4_F,Age_yr_0_4_P,Age_yr_5_M,Age_yr_5_F,Age_yr_5_P,Age_yr_6_M,Age_yr_6_F,Age_yr_6_P,Age_yr_7_M,Age_yr_7_F,Age_yr_7_P,Age_yr_8_M,Age_yr_8_F,Age_yr_8_P,Age_yr_9_M,Age_yr_9_F,Age_yr_9_P,Age_yr_5_9_M,Age_yr_5_9_F,Age_yr_5_9_P,Age_yr_10_M,Age_yr_10_F,Age_yr_10_P,Age_yr_11_M,Age_yr_11_F,Age_yr_11_P,Age_yr_12_M,Age_yr_12_F,Age_yr_12_P,Age_yr_13_M,Age_yr_13_F,Age_yr_13_P,Age_yr_14_M,Age_yr_14_F,Age_yr_14_P,Age_yr_10_14_M,Age_yr_10_14_F,Age_yr_10_14_P,Age_yr_15_M,Age_yr_15_F,Age_yr_15_P,Age_yr_16_M,Age_yr_16_F,Age_yr_16_P,Age_yr_17_M,Age_yr_17_F,Age_yr_17_P,Age_yr_18_M,Age_yr_18_F,Age_yr_18_P,Age_yr_19_M,Age_yr_19_F,Age_yr_19_P,Age_yr_15_19_M,Age_yr_15_19_F,Age_yr_15_19_P,Age_yr_20_M,Age_yr_20_F,Age_yr_20_P,Age_yr_21_M,Age_yr_21_F,Age_yr_21_P,Age_yr_22_M,Age_yr_22_F,Age_yr_22_P,Age_yr_23_M,Age_yr_23_F,Age_yr_23_P,Age_yr_24_M,Age_yr_24_F,Age_yr_24_P,Age_yr_20_24_M,Age_yr_20_24_F,Age_yr_20_24_P,Age_yr_25_M,Age_yr_25_F,Age_yr_25_P,Age_yr_26_M,Age_yr_26_F,Age_yr_26_P,Age_yr_27_M,Age_yr_27_F,Age_yr_27_P,Age_yr_28_M,Age_yr_28_F,Age_yr_28_P,Age_yr_29_M,Age_yr_29_F,Age_yr_29_P,Age_yr_25_29_M,Age_yr_25_29_F,Age_yr_25_29_P,Age_yr_30_M,Age_yr_30_F,Age_yr_30_P,Age_yr_31_M,Age_yr_31_F,Age_yr_31_P,Age_yr_32_M,Age_yr_32_F,Age_yr_32_P,Age_yr_33_M,Age_yr_33_F,Age_yr_33_P,Age_yr_34_M,Age_yr_34_F,Age_yr_34_P,Age_yr_30_34_M,Age_yr_30_34_F,Age_yr_30_34_P,Age_yr_35_M,Age_yr_35_F,Age_yr_35_P,Age_yr_36_M,Age_yr_36_F,Age_yr_36_P,Age_yr_37_M,Age_yr_37_F,Age_yr_37_P,Age_yr_38_M,Age_yr_38_F,Age_yr_38_P,Age_yr_39_M,Age_yr_39_F,Age_yr_39_P,Age_yr_35_39_M,Age_yr_35_39_F,Age_yr_35_39_P,Age_yr_40_M,Age_yr_40_F,Age_yr_40_P,Age_yr_41_M,Age_yr_41_F,Age_yr_41_P,Age_yr_42_M,Age_yr_42_F,Age_yr_42_P,Age_yr_43_M,Age_yr_43_F,Age_yr_43_P,Age_yr_44_M,Age_yr_44_F,Age_yr_44_P,Age_yr_40_44_M,Age_yr_40_44_F,Age_yr_40_44_P,Age_yr_45_M,Age_yr_45_F,Age_yr_45_P,Age_yr_46_M,Age_yr_46_F,Age_yr_46_P,Age_yr_47_M,Age_yr_47_F,Age_yr_47_P,Age_yr_48_M,Age_yr_48_F,Age_yr_48_P,Age_yr_49_M,Age_yr_49_F,Age_yr_49_P,Age_yr_45_49_M,Age_yr_45_49_F,Age_yr_45_49_P,Age_yr_50_M,Age_yr_50_F,Age_yr_50_P,Age_yr_51_M,Age_yr_51_F,Age_yr_51_P,Age_yr_52_M,Age_yr_52_F,Age_yr_52_P,Age_yr_53_M,Age_yr_53_F,Age_yr_53_P,Age_yr_54_M,Age_yr_54_F,Age_yr_54_P,Age_yr_50_54_M,Age_yr_50_54_F,Age_yr_50_54_P,Age_yr_55_M,Age_yr_55_F
SED10001,493,480,968,469,506,979,534,488,1022,573,513,1083,532,510,1040,2603,2498,5093,551,535,1085,535,508,1034,530,506,1035,607,501,1106,542,538,1080,2757,2587,5344,505,492,1000,548,542,1084,547,523,1069,520,489,1004,576,509,1084,2693,2555,5247,540,498,1040,519,532,1052,533,491,1024,519,492,1013,440,459,902,2547,2484,5030,441,400,840,436,447,888,487,492,976,449,478,923,519,483,998,2330,2295,4622,469,484,955,504,498,1005,548,507,1056,530,494,1024,533,464,1001,2593,2448,5038,441,549,986,471,500,976,475,522,1001,457,498,953,457,478,938,2300,2549,4854,494,542,1041,464,482,949,477,544,1015,496,484,974,475,533,1007,2408,2582,4989,526,516,1040,429,485,916,464,504,967,457,520,980,442,486,932,2315,2514,4828,492,446,939,433,471,904,466,540,1002,455,534,990,545,548,1091,2389,2543,4932,546,548,1097,532,539,1072,519,585,1112,474,511,984,486,514,1000,2565,2701,5262,470,541
SED10002,790,769,1557,870,737,1606,787,684,1473,779,697,1474,734,759,1490,3969,3638,7605,729,646,1374,656,746,1396,722,672,1391,636,668,1302,652,597,1256,3390,3334,6723,687,619,1306,590,604,1195,561,593,1159,521,547,1067,551,511,1063,2909,2882,5790,565,523,1090,550,510,1059,496,485,983,515,503,1025,629,578,1205,2769,2604,5369,890,715,1608,1119,913,2029,1222,1000,2222,1208,1102,2304,1288,1102,2381,5719,4824,10542,1338,1167,2510,1507,1213,2723,1479,1287,2763,1563,1311,2875,1529,1347,2873,7413,6330,13740,1591,1410,2996,1646,1378,3019,1620,1261,2881,1373,1222,2592,1291,1092,2380,7519,6355,13879,1230,1033,2263,1242,1014,2258,1209,959,2172,1115,931,2044,1071,903,1975,5871,4843,10715,1002,783,1780,899,705,1604,817,703,1518,756,652,1409,675,594,1269,4146,3436,7578,697,592,1281,758,618,1377,617,590,1203,660,561,1218,658,587,1245,3381,2942,6328,652,654,1311,628,648,1272,627,633,1259,659,602,1268,575,534,1109,3144,3081,6220,600,566
SED10003,362,405,769,371,363,736,438,372,809,428,361,788,431,411,849,2024,1915,3939,427,393,821,485,441,926,428,463,890,495,442,932,472,471,942,2301,2215,4513,485,454,941,522,488,1011,508,462,973,532,490,1023,493,458,955,2543,2353,4896,485,456,935,446,413,866,481,385,868,379,383,768,338,353,691,2137,1984,4119,322,323,650,340,360,698,317,328,643,314,333,647,327,394,727,1627,1737,3366,338,383,719,354,406,765,369,412,782,408,476,886,414,506,917,1894,2179,4069,455,531,982,458,539,1005,485,523,1008,459,563,1027,484,557,1043,2344,2721,5068,493,542,1035,487,518,1004,474,555,1030,549,572,1121,488,561,1051,2497,2747,5241,478,566,1040,476,520,1001,497,538,1038,493,547,1042,514,531,1043,2452,2700,5154,497,588,1086,492,572,1064,524,577,1098,529,595,1123,570,645,1218,2606,2984,5582,567,664,1232,506,562,1060,530,573,1106,473,578,1054,494,573,1069,2572,2944,5517,485,525
SED10004,524,497,1023,433,409,842,446,443,888,448,405,850,402,419,819,2252,2173,4426,462,430,887,446,401,850,427,431,856,396,410,806,392,418,806,2125,2084,4209,418,367,789,423,406,830,389,381,771,382,332,720,345,354,692,1958,1845,3800,356,303,656,321,316,633,303,313,610,345,311,652,346,377,719,1664,1612,3276,423,465,890,459,549,1004,520,583,1105,547,638,1186,597,765,1370,2546,3002,5549,671,761,1432,682,764,1442,692,834,1523,763,774,1543,733,814,1548,3545,3946,7490,815,828,1640,756,807,1566,784,777,1559,757,815,1567,745,845,1596,3858,4075,7932,715,744,1460,782,797,1581,704,783,1488,776,759,1531,740,755,1490,3711,3840,7552,753,762,1514,697,658,1347,625,725,1348,625,645,1270,631,656,1283,3328,3441,6770,561,648,1204,613,634,1246,599,679,1282,636,642,1277,620,661,1279,3033,3260,6296,650,701,1349,537,575,1109,540,583,1122,518,487,1009,514,548,1064,2764,2892,5651,506,510
SED10005,706,688,1394,688,733,1420,737,732,1464,738,679,1424,731,724,1460,3604,3556,7157,717,690,1405,709,632,1350,715,663,1379,690,655,1341,661,688,1341,3488,3323,6815,703,615,1316,644,641,1289,672,647,1323,664,622,1286,666,615,1279,3355,3140,6495,643,598,1245,657,597,1249,679,600,1275,640,608,1248,608,581,1187,3227,2973,6200,683,678,1365,740,657,1398,658,625,1285,689,636,1322,714,692,1412,3483,3299,6784,725,679,1405,744,762,1508,766,736,1504,733,736,1474,719,753,1467,3691,3667,7362,777,761,1539,732,762,1499,736,749,1481,665,715,1375,722,675,1392,3622,3659,7286,668,657,1326,705,651,1356,676,694,1374,633,694,1324,667,634,1301,3355,3328,6685,632,643,1271,595,572,1169,535,565,1096,549,561,1106,544,526,1071,2851,2867,5719,550,586,1133,540,532,1069,527,604,1134,580,561,1138,569,621,1194,2767,2903,5667,534,613,1143,515,573,1089,509,529,1039,520,535,1050,530,467,1001,2610,2717,5323,524,522
SED10006,441,419,851,517,447,956,471,432,903,454,421,878,442,468,909,2322,2175,4499,489,448,934,500,443,942,485,437,929,515,489,1003,461,452,912,2454,2269,4723,481,517,999,517,524,1044,496,459,958,439,462,898,467,426,887,2403,2386,4791,408,433,846,458,393,852,436,433,867,375,354,730,408,365,770,2089,1980,4069,343,370,714,390,290,676,387,377,758,356,309,671,398,368,768,1872,1715,3586,383,412,800,414,460,873,397,463,861,438,438,878,430,491,917,2063,2268,4335,426,476,902,437,506,942,442,441,883,404,459,861,435,462,898,2141,2344,4485,434,451,884,398,458,857,400,423,823,357,405,765,364,373,734,1952,2115,4067,383,393,781,368,338,702,347,377,732,338,391,727,385,372,754,1822,1875,3696,357,405,763,378,416,800,401,402,803,426,406,831,424,504,926,1991,2134,4124,519,455,974,455,498,948,480,461,938,455,479,927,494,437,931,2397,2327,4721,487,500
SED10007,411,414,831,422,410,829,461,361,831,462,407,872,454,460,914,2215,2059,4277,493,516,1010,518,461,979,482,483,965,531,466,996,497,501,995,2522,2414,4941,536,506,1047,515,493,1004,553,545,1089,560,529,1087,543,518,1066,2703,2589,5291,551,488,1042,512,492,1010,523,437,962,497,421,917,494,456,955,2582,2303,4888,505,454,952,508,430,938,460,412,872,472,415,893,503,409,904,2440,2121,4557,457,398,859,496,439,932,455,459,914,454,420,871,513,487,998,2382,2199,4572,503,510,1011,507,501,1002,503,465,965,519,474,994,467,474,950,2494,2418,4919,476,469,941,509,445,954,477,439,917,475,447,921,451,388,842,2380,2187,4572,446,454,902,431,413,849,383,415,803,434,455,896,475,426,899,2168,2169,4339,435,429,868,438,479,916,474,497,968,470,569,1037,587,543,1126,2403,2515,4914,534,591,1128,531,527,1060,500,527,1027,503,483,986,513,515,1034,2581,2647,5229,532,491
SED10008,381,365,747,435,416,846,473,461,928,553,489,1038,587,577,1165,2419,2302,4722,617,596,1211,667,622,1292,697,627,1322,745,690,1429,709,730,1441,3430,3263,6689,724,603,1329,724,630,1351,582,604,1189,656,584,1236,629,608,1243,3319,3030,6349,591,563,1151,568,517,1084,571,507,1080,536,493,1027,544,481,1023,2814,2560,5369,559,540,1095,559,527,1087,530,448,977,534,478,1009,528,452,977,2711,2438,5151,448,433,879,440,392,831,367,350,716,395,362,757,386,386,773,2022,1934,3956,400,418,821,408,423,833,437,493,932,449,537,986,484,582,1069,2172,2467,4634,479,599,1075,598,756,1358,677,745,1422,704,787,1491,727,810,1538,3192,3687,6880,735,786,1516,674,716,1393,707,716,1420,683,696,1380,681,688,1363,3483,3603,7082,643,640,1287,597,614,1212,616,635,1252,605,654,1252,620,665,1285,3087,3206,6293,634,638,1267,549,608,1158,547,621,1163,519,630,1149,508,475,975,2749,2964,5708,542,520
SED10009,292,293,577,326,302,626,323,293,619,332,318,650,351,328,677,1630,1534,3153,374,345,718,350,342,694,353,361,712,378,365,744,419,350,776,1883,1766,3647,443,376,817,411,414,832,462,418,873,442,419,856,420,442,860,2179,2061,4242,454,402,857,412,376,787,409,322,740,370,341,705,299,266,564,1947,1712,3656,277,232,507,288,243,530,289,264,555,262,250,509,265,255,522,1384,1243,2624,285,255,539,298,273,572,300,283,584,305,310,620,321,340,660,1508,1469,2980,277,354,635,314,359,669,322,364,688,304,313,618,293,326,613,1510,1713,3222,331,327,665,329,361,690,354,345,696,334,379,711,350,355,701,1689,1765,3456,308,380,682,316,367,687,314,367,678,327,385,717,317,350,666,1587,1850,3436,400,357,753,387,458,842,394,435,828,409,417,819,443,519,956,2025,2180,4205,485,570,1055,429,485,915,458,512,971,475,522,994,481,496,974,2317,2586,4907,444,558
SED10010,639,590,1225,701,633,1331,650,605,1254,607,612,1218,636,643,1276,3226,3082,6304,636,615,1248,607,587,1191,637,593,1228,629,573,1204,602,572,1170,3110,2940,6048,598,582,1181,591,592,1179,584,492,1078,581,522,1104,583,557,1133,2935,2733,5671,545,501,1047,545,465,1004,560,469,1025,498,491,985,536,480,1016,2674,2408,5084,643,612,1257,777,621,1397,735,618,1354,736,632,1370,772,694,1471,3666,3177,6843,824,671,1496,838,775,1611,813,763,1578,812,761,1574,759,753,1514,4050,3717,7767,753,783,1539,749,812,1563,717,751,1468,755,762,1521,775,770,1548,3750,3883,7634,814,832,1644,813,738,1553,842,842,1682,773,781,1550,777,726,1503,4019,3910,7926,694,690,1381,725,680,1404,666,651,1315,666,573,1239,606,586,1191,3349,3185,6538,550,535,1081,583,529,1111,538,574,1110,555,566,1115,572,529,1109,2792,2726,5517,564,569,1128,530,523,1052,516,532,1047,466,481,946,475,490,958,2546,2586,5133,521,497
SED10011,348,303,653,363,335,693,345,376,723,381,372,747,401,385,783,1831,1770,3604,428,422,847,451,381,834,446,400,845,443,475,921,453,434,888,2211,2124,4335,443,440,883,482,434,926,474,482,958,498,446,945,465,452,923,2369,2268,4632,518,450,969,468,441,907,452,416,872,442,359,806,358,330,691,2245,1999,4243,385,319,709,356,319,679,338,280,615,293,243,532,291,281,568,1667,1439,3107,269,254,522,292,272,560,288,282,569,312,305,618,312,323,642,1466,1443,2903,378,367,744,370,366,738,336,375,712,347,418,765,391,451,840,1824,1976,3797,405,461,864,423,469,891,416,415,826,412,453,861,451,480,928,2099,2277,4373,413,477,893,415,447,872,454,480,937,434,471,904,436,500,939,2159,2378,4541,442,481,927,477,543,1024,454,459,910,512,539,1053,517,581,1099,2404,2606,5012,529,595,1119,501,537,1043,475,529,1007,476,495,965,449,464,913,2425,2626,5049,435,473
SED10012,410,342,752,424,425,855,422,408,836,426,447,871,458,429,883,2148,2057,4202,502,464,962,508,433,944,481,445,924,574,526,1101,569,506,1078,2628,2379,5003,558,476,1037,580,490,1073,531,496,1030,602,525,1125,606,534,1141,2870,2530,5401,584,594,1177,592,556,1150,584,560,1145,657,596,1251,613,572,1185,3023,2884,5905,693,629,1318,651,585,1238,600,596,1198,576,582,1163,643,645,1291,3155,3043,6201,640,622,1261,675,612,1289,602,551,1155,581,534,1117,565,539,1104,3060,2862,5926,541,507,1051,571,545,1121,493,523,1016,501,530,1032,483,475,953,2585,2583,5176,462,511,971,484,583,1062,487,530,1019,513,548,1064,454,546,1010,2406,2726,5132,476,575,1054,434,514,948,451,533,984,424,523,952,419,540,958,2207,2688,4891,510,611,1119,453,568,1026,485,573,1058,549,586,1143,507,607,1117,2511,2944,5450,560,654,1216,548,617,1166,515,558,1076,563,592,1150,564,574,1138,2751,3001,5745,620,563
SED10013,1271,1212,2486,1272,1153,2427,1295,1204,2496,1239,1177,2413,1166,1062,2224,6232,5806,12042,1221,1127,2354,1119,1072,2194,1112,1097,2209,1003,1018,2029,1049,1038,2086,5507,5362,10866,1003,1003,2009,1009,990,1999,1043,914,1961,986,887,1870,995,926,1923,5040,4720,9756,926,898,1829,846,806,1657,864,791,1658,794,861,1656,767,735,1500,4201,4098,8301,772,818,1591,769,799,1569,776,745,1526,748,753,1492,772,807,1586,3841,3919,7765,819,878,1697,880,951,1827,858,1007,1869,977,1093,2075,1010,1065,2072,4541,4993,9532,1044,1183,2220,1046,1230,2278,1100,1253,2357,1117,1235,2355,1130,1302,2435,5436,6209,11643,1118,1262,2379,1165,1169,2329,1104,1097,2195,1133,1139,2281,1064,1080,2142,5576,5745,11319,1099,982,2082,897,983,1877,906,942,1841,811,862,1673,866,831,1700,4572,4598,9173,899,906,1802,831,852,1682,887,862,1749,805,845,1653,880,846,1730,4304,4312,8613,816,814,1631,734,754,1485,679,739,1416,685,649,1337,657,629,1287,3568,3592,7165,588,624
SED10014,564,562,1128,580,617,1195,614,622,1235,602,564,1169,607,588,1197,2965,2956,5916,644,575,1217,597,568,1162,620,614,1240,601,547,1151,628,575,1199,3086,2877,5962,592,603,1188,586,530,1117,613,550,1164,619,589,1204,618,546,1161,3024,2821,5843,601,542,1142,523,532,1056,554,512,1062,567,536,1099,513,519,1032,2750,2645,5396,591,563,1155,611,542,1151,532,557,1085,606,594,1202,580,554,1135,2931,2798,5727,620,609,1226,558,608,1157,589,577,1166,570,680,1247,597,642,1239,2930,3111,6039,609,646,1254,571,665,1239,587,663,1245,582,651,1231,592,628,1222,2935,3251,6182,623,632,1256,589,647,1240,613,618,1233,647,635,1275,561,650,1214,3036,3186,6215,590,548,1138,569,571,1140,532,548,1082,512,540,1056,517,492,1007,2717,2700,5424,489,507,994,506,505,1010,486,527,1017,477,502,974,498,539,1034,2446,2581,5031,481,520,998,464,434,899,416,495,908,427,433,867,430,460,891,2215,2350,4562,418,496
SED10015,551,480,1026,537,518,1060,536,460,1000,534,518,1051,531,476,1000,2686,2448,5132,495,511,1011,524,411,940,477,453,925,501,490,994,569,450,1018,2573,2319,4887,525,468,987,551,497,1044,497,478,971,526,496,1018,498,452,955,2590,2386,4982,497,428,926,507,472,984,479,440,918,518,451,973,507,471,978,2508,2266,4773,576,572,1148,661,564,1230,693,594,1286,675,649,1320,748,664,1420,3358,3044,6401,755,675,1426,766,672,1435,758,693,1452,810,704,1516,798,730,1529,3888,3470,7354,761,780,1536,842,751,1595,752,801,1556,787,767,1550,786,694,1481,3922,3793,7714,790,718,1510,793,726,1518,694,753,1451,731,713,1435,726,637,1360,3729,3544,7279,646,691,1340,623,652,1277,693,641,1334,601,609,1210,569,651,1222,3138,3243,6383,625,623,1239,598,633,1234,633,638,1273,628,681,1309,692,718,1409,3177,3296,6468,647,748,1393,634,664,1297,653,668,1325,621,632,1254,580,559,1142,3145,3268,6411,594,634
SED10016,585,559,1143,634,588,1219,667,597,1268,666,656,1314,702,736,1437,3254,3134,6389,771,743,1519,824,787,1615,848,790,1638,839,861,1697,827,812,1633,4110,3994,8105,862,764,1623,918,826,1738,911,799,1705,874,834,1707,863,769,1640,4425,3987,8415,848,806,1654,785,729,1516,778,730,1505,715,757,1470,719,674,1394,3848,3696,7546,737,657,1392,688,651,1341,686,641,1329,611,544,1157,566,539,1110,3298,3024,6324,540,543,1078,540,487,1027,489,438,923,471,466,937,447,473,924,2484,2411,4889,473,531,1007,516,584,1100,522,683,1203,552,696,1247,599,796,1393,2668,3283,5948,691,834,1525,716,821,1534,820,936,1757,824,932,1762,898,973,1869,3951,4499,8443,877,943,1817,862,862,1724,836,858,1690,805,827,1638,828,942,1771,4208,4435,8644,817,785,1601,771,781,1551,780,774,1557,836,842,1676,767,874,1641,3973,4052,8026,757,846,1603,718,723,1436,655,687,1338,622,685,1306,573,677,1247,3317,3619,6932,609,611
SED10017,562,565,1130,616,558,1168,653,573,1225,588,612,1197,629,593,1218,3042,2900,5948,670,598,1270,670,601,1274,617,586,1197,611,589,1201,602,588,1197,3173,2959,6137,594,618,1209,589,566,1157,597,585,1188,629,600,1230,568,559,1131,2985,2930,5913,560,546,1102,606,512,1120,490,491,982,509,528,1038,513,485,996,2678,2566,5244,535,508,1043,540,493,1030,510,520,1029,506,540,1048,560,544,1099,2648,2600,5248,538,597,1136,636,650,1289,629,615,1240,630,594,1228,740,627,1368,3170,3086,6253,637,648,1279,631,641,1270,588,649,1230,615,605,1221,639,643,1281,3110,3179,6288,597,590,1185,616,600,1218,544,628,1175,663,644,1307,557,555,1116,2974,3026,6004,596,611,1211,524,542,1067,538,497,1033,551,504,1049,524,478,997,2732,2631,5363,478,519,1002,541,536,1073,520,507,1035,549,563,1118,579,561,1137,2673,2695,5362,581,601,1180,545,496,1045,570,556,1124,533,506,1038,488,520,1008,2724,2677,5396,462,439
SED10018,433,403,834,450,384,834,429,435,863,465,396,860,494,430,930,2268,2058,4325,513,485,996,500,452,951,562,502,1060,520,514,1039,527,493,1015,2616,2453,5069,516,498,1018,550,496,1047,509,491,1001,528,503,1033,508,472,982,2614,2462,5078,476,454,927,518,432,950,491,415,903,443,452,893,452,392,837,2372,2144,4512,449,411,861,460,427,890,440,402,841,441,420,860,442,421,868,2233,2078,4311,423,473,893,438,417,854,423,467,889,440,420,856,460,477,940,2173,2250,4423,424,492,917,478,463,938,439,483,923,453,481,934,467,500,973,2265,2425,4689,448,487,936,460,538,995,511,548,1053,466,523,989,520,532,1058,2397,2631,5034,545,524,1065,475,512,985,455,502,959,439,503,944,455,484,938,2364,2525,4890,482,539,1023,461,460,923,462,521,988,487,539,1029,521,533,1045,2412,2591,5003,532,559,1091,485,474,959,528,482,1010,453,493,942,437,443,873,2432,2449,4884,422,444
SED10019,310,372,680,383,366,745,404,362,763,390,352,742,408,419,829,1892,1870,3764,446,406,855,416,402,817,476,413,889,446,417,864,470,485,955,2255,2128,4379,492,473,963,494,439,930,512,446,956,468,518,989,522,462,984,2484,2343,4823,506,455,960,455,439,893,427,366,791,442,342,784,359,305,666,2183,1908,4092,373,356,727,355,340,691,360,353,714,375,360,734,389,324,707,1849,1731,3580,318,361,679,373,344,719,382,331,709,381,378,756,368,345,713,1811,1762,3572,429,404,836,379,420,795,379,403,780,386,371,753,374,397,768,1936,1994,3929,372,341,713,393,392,781,393,409,801,406,360,768,367,397,756,1926,1898,3823,377,438,813,359,384,742,382,386,764,380,405,792,396,403,798,1893,2014,3906,426,442,866,432,408,845,446,427,872,465,510,974,470,497,972,2249,2286,4529,456,540,991,460,478,946,453,480,935,454,487,945,484,501,988,2316,2490,4798,501,528
SED10020,375,381,753,396,412,807,449,402,851,386,408,793,436,411,849,2038,2021,4060,491,421,913,448,462,912,493,468,957,519,442,964,504,484,995,2456,2281,4734,511,549,1061,539,511,1057,518,515,1027,529,494,1022,477,521,1003,2576,2595,5172,477,474,954,499,482,980,427,463,886,449,408,857,419,413,837,2267,2240,4505,350,320,674,390,351,739,371,320,689,363,385,751,367,383,750,1841,1760,3601,361,438,795,432,386,823,389,421,813,457,491,951,439,440,874,2071,2177,4251,441,465,905,438,504,945,453,473,928,427,486,910,438,410,852,2194,2343,4534,496,497,987,402,506,908,423,496,920,466,508,978,471,464,939,2265,2470,4738,449,485,931,435,480,919,422,477,900,408,464,876,432,484,920,2137,2391,4535,426,515,938,462,473,935,467,508,973,466,504,969,521,546,1061,2341,2545,4889,505,537,1043,441,543,989,448,488,938,497,513,1017,452,508,956,2345,2591,4933,440,511
SED10021,548,458,1006,500,452,952,441,436,871,423,393,816,402,439,845,2306,2182,4489,474,377,848,426,406,836,410,446,855,438,417,858,439,454,891,2183,2098,4284,449,397,845,451,432,882,458,412,874,397,380,777,372,424,795,2134,2049,4179,331,361,689,361,388,747,357,327,685,338,325,656,329,303,629,1712,1700,3413,316,336,648,347,340,691,374,445,829,449,549,998,466,647,1112,1943,2326,4268,596,742,1339,732,961,1690,752,1034,1785,862,1055,1920,968,1087,2056,3909,4882,8791,935,1103,2040,863,1042,1902,925,981,1909,838,950,1788,794,865,1655,4352,4936,9294,754,829,1588,735,840,1580,711,722,1436,694,749,1448,665,672,1338,3568,3811,7386,684,674,1357,604,632,1238,584,625,1211,561,632,1193,540,611,1152,2976,3182,6156,529,540,1068,524,626,1150,543,596,1138,506,573,1077,568,600,1165,2670,2930,5597,578,614,1186,535,553,1090,507,560,1065,462,471,936,447,489,938,2530,2685,5213,430,467
SED10022,411,341,754,424,377,804,421,388,811,419,413,827,389,404,794,2074,1917,3991,463,423,886,409,393,803,472,468,942,448,451,900,446,437,889,2242,2169,4417,471,449,919,500,471,972,476,487,954,484,448,928,497,470,965,2414,2324,4742,458,466,928,490,463,948,443,384,831,423,383,804,347,293,639,2159,1991,4150,343,302,648,341,309,654,330,327,656,360,309,669,394,347,742,1765,1603,3367,371,298,670,393,360,760,361,341,708,379,393,771,386,388,778,1899,1786,3683,365,374,741,373,358,727,352,350,701,341,348,687,390,338,720,1813,1767,3585,360,355,719,381,366,749,357,372,727,358,363,723,398,409,801,1847,1866,3716,388,406,790,384,341,721,376,391,770,385,316,700,375,405,774,1897,1857,3753,395,388,781,421,376,798,428,426,850,426,420,842,443,500,940,2107,2105,4206,488,456,942,419,455,867,445,469,920,397,457,862,430,439,867,2173,2273,4451,444,435
SED10023,469,413,881,450,439,892,494,391,886,461,423,887,447,442,888,2320,2113,4433,482,474,957,474,426,904,476,460,938,484,455,943,555,447,1001,2471,2262,4735,461,426,885,550,494,1048,485,460,946,547,490,1042,557,483,1037,2596,2357,4953,505,492,996,550,483,1037,502,459,958,534,435,968,447,458,913,2538,2323,4865,447,422,870,470,453,925,442,459,896,453,456,909,421,504,926,2231,2291,4522,471,391,863,456,468,921,433,450,885,418,463,880,438,481,916,2214,2252,4465,461,478,937,430,485,913,465,467,933,431,486,920,432,513,942,2216,2433,4651,442,502,944,515,498,1011,489,549,1035,450,505,955,469,515,985,2368,2571,4936,519,512,1028,466,519,987,491,512,1006,497,510,1001,458,538,1000,2430,2589,5018,520,553,1068,550,533,1083,521,555,1078,606,637,1249,582,619,1197,2785,2898,5681,603,621,1222,509,529,1036,525,548,1071,508,523,1037,487,510,998,2631,2730,5359,497,500
SED10024,301,259,553,333,325,653,383,319,699,406,413,815,486,439,925,1899,1743,3652,520,525,1045,571,543,1111,607,559,1168,669,625,1292,648,582,1230,3016,2824,5844,735,652,1389,702,638,1337,678,685,1368,724,679,1407,778,647,1426,3627,3300,6923,709,629,1337,666,609,1273,597,620,1215,602,531,1129,519,469,993,3089,2850,5942,587,484,1071,518,468,983,471,444,915,435,374,806,357,337,689,2371,2093,4465,307,274,583,246,287,537,236,231,465,248,266,510,250,224,472,1290,1272,2565,235,255,495,259,286,548,261,283,543,243,322,568,292,363,655,1298,1509,2804,303,413,717,350,428,777,393,541,935,461,567,1023,484,625,1110,1996,2574,4564,463,607,1067,522,561,1083,515,659,1179,587,647,1233,590,659,1246,2679,3132,5810,564,649,1214,607,651,1256,612,682,1293,616,707,1319,651,707,1357,3050,3391,6443,650,716,1369,600,702,1297,631,637,1272,585,613,1199,526,579,1106,2985,3251,6239,522,539
SED10025,499,426,926,473,419,894,477,401,874,459,410,866,482,421,907,2385,2080,4469,433,439,865,419,400,818,458,437,895,434,438,870,424,435,862,2171,2145,4317,427,462,891,444,441,881,440,473,910,430,425,856,426,375,806,2164,2173,4342,395,430,822,386,389,781,387,366,750,368,379,751,377,362,737,1908,1937,3840,340,357,695,423,422,849,439,401,837,440,474,915,507,478,988,2149,2135,4287,500,524,1021,491,573,1067,562,639,1198,584,637,1221,606,673,1278,2733,3046,5786,659,732,1392,741,761,1495,675,729,1408,657,771,1425,666,728,1389,3395,3717,7113,670,663,1333,653,711,1362,631,645,1276,666,714,1386,684,662,1341,3305,3396,6705,570,628,1201,603,620,1224,566,621,1189,527,589,1121,586,561,1146,2847,3023,5874,508,604,1104,556,576,1138,515,615,1124,502,646,1147,565,595,1162,2636,3039,5673,512,643,1160,477,555,1030,490,601,1088,544,525,1066,457,490,943,2473,2815,5288,503,536
SED10026,579,542,1120,575,571,1150,568,514,1088,555,552,1107,579,593,1174,2858,2773,5635,579,563,1149,614,551,1165,573,586,1157,613,617,1230,569,599,1169,2947,2914,5865,596,538,1132,624,545,1164,633,556,1189,611,511,1123,612,562,1174,3070,2711,5779,531,478,1013,506,454,959,487,458,948,495,421,912,475,405,879,2494,2222,4721,433,382,813,435,387,823,396,409,809,462,458,927,446,505,951,2179,2146,4323,550,574,1120,549,596,1143,578,546,1123,597,589,1188,615,649,1263,2886,2951,5845,594,586,1180,612,640,1250,582,563,1149,567,583,1148,529,560,1079,2883,2920,5801,579,557,1131,565,530,1096,517,517,1034,510,532,1043,507,479,986,2677,2612,5285,494,541,1035,447,450,895,466,477,937,413,462,871,430,470,905,2251,2397,4642,423,425,849,452,445,898,456,466,916,455,488,943,546,517,1063,2336,2343,4675,514,527,1049,481,530,1013,485,507,989,431,505,942,488,511,1001,2411,2578,4985,441,464
SED10027,549,479,1031,504,467,972,572,497,1068,542,475,1023,568,538,1103,2730,2457,5190,597,576,1169,544,537,1083,641,555,1194,583,557,1135,575,585,1156,2928,2809,5739,578,513,1089,552,525,1083,556,601,1155,581,527,1108,569,538,1109,2840,2709,5542,598,511,1110,593,528,1122,545,543,1085,601,500,1099,545,471,1017,2882,2552,5435,578,513,1090,562,520,1088,508,466,975,484,504,988,528,507,1032,2665,2514,5174,467,473,944,516,510,1032,512,513,1024,485,502,988,470,526,996,2455,2526,4981,478,534,1009,524,561,1082,516,573,1091,528,564,1094,508,592,1100,2551,2823,5379,519,614,1135,591,623,1216,593,622,1214,556,562,1119,573,573,1148,2833,2999,5831,564,602,1167,505,533,1036,522,554,1072,484,574,1061,498,578,1079,2575,2843,5418,529,542,1071,513,574,1084,532,562,1097,518,545,1067,573,567,1141,2664,2793,5457,541,565,1104,504,518,1024,454,540,991,530,522,1051,454,532,980,2481,2668,5150,479,503
SED10028,309,305,611,334,367,698,397,353,747,436,402,834,532,474,1001,2001,1904,3904,524,543,1071,601,549,1142,596,566,1159,689,656,1345,625,620,1242,3027,2928,5956,682,628,1316,719,649,1370,688,674,1361,676,654,1332,663,646,1307,3435,3254,6688,648,580,1221,623,546,1173,566,575,1136,518,529,1043,531,497,1027,2876,2720,5607,569,513,1084,575,526,1102,539,456,987,503,553,1050,532,469,1002,2708,2511,5222,523,460,979,454,417,875,455,404,860,421,464,881,462,445,903,2316,2192,4507,471,490,967,439,481,914,439,532,972,464,541,1003,488,593,1081,2302,2636,4937,503,538,1041,515,609,1121,572,658,1222,634,763,1392,684,803,1486,2904,3364,6266,635,743,1375,640,777,1417,632,663,1297,648,694,1349,619,606,1225,3175,3484,6660,556,637,1195,654,631,1286,583,614,1193,589,637,1223,602,656,1257,2979,3170,6146,603,652,1256,580,591,1174,538,595,1135,518,576,1092,475,505,988,2711,2932,5643,498,545
SED10029,481,490,973,555,521,1077,608,521,1133,537,535,1076,562,545,1114,2745,2614,5363,576,544,1120,611,582,1186,586,602,1190,631,639,1267,686,562,1244,3081,2933,6013,607,609,1220,579,599,1177,677,656,1337,696,666,1365,646,620,1268,3210,3158,6365,671,615,1287,650,611,1264,655,650,1306,706,624,1337,702,566,1266,3389,3070,6456,650,613,1264,696,652,1350,650,605,1253,625,613,1234,690,680,1374,3311,3171,6478,714,625,1340,709,623,1332,702,618,1315,617,648,1266,664,599,1261,3408,3106,6511,614,598,1212,607,606,1210,614,718,1330,563,573,1136,563,625,1182,2966,3108,6075,587,623,1211,556,557,1117,579,653,1227,567,620,1190,577,659,1236,2864,3117,5985,564,608,1175,553,591,1142,523,557,1078,536,620,1156,556,555,1115,2733,2931,5664,525,559,1082,549,621,1168,574,620,1193,567,634,1198,569,693,1260,2778,3121,5898,606,658,1264,616,645,1260,606,620,1223,625,593,1215,610,567,1179,3060,3079,6140,569,619
SED10030,408,398,800,432,392,822,442,378,816,477,431,907,429,395,826,2182,1994,4178,467,417,885,498,432,936,461,412,866,469,402,871,463,434,892,2364,2089,4452,442,397,841,438,431,868,440,391,835,413,448,862,447,404,847,2182,2073,4253,442,392,837,401,381,783,426,442,865,396,387,781,403,356,756,2070,1954,4024,409,379,791,412,435,844,411,427,837,377,412,790,477,438,916,2084,2087,4175,447,399,847,474,413,888,472,403,877,429,468,894,445,468,910,2273,2146,4414,470,486,963,485,484,973,420,457,881,415,456,870,436,546,983,2232,2431,4663,463,497,958,475,513,986,491,534,1022,505,517,1019,461,525,990,2391,2582,4976,549,567,1113,479,536,1016,444,515,964,471,446,912,436,490,925,2384,2550,4932,468,489,963,502,521,1020,506,472,976,487,532,1022,533,517,1051,2489,2538,5030,587,618,1206,481,493,974,506,529,1031,475,459,928,514,504,1019,2554,2594,5151,460,540
SED10031,409,422,831,495,428,925,472,407,875,408,435,843,465,428,893,2256,2113,4364,485,464,947,491,479,970,518,480,1008,509,502,1010,539,478,1019,2547,2400,4947,574,492,1070,545,519,1075,590,500,1084,512,503,1011,526,496,1017,2746,2509,5260,548,527,1080,511,475,986,460,450,911,469,416,888,439,387,828,2425,2258,4684,436,393,825,412,371,782,406,346,753,383,317,701,375,364,739,2011,1786,3795,407,332,740,390,402,792,388,370,755,444,441,889,427,439,867,2063,1988,4049,476,456,933,452,459,911,410,475,882,467,483,945,404,448,851,2212,2316,4529,432,476,912,434,484,922,425,473,897,447,497,945,414,476,886,2151,2406,4557,427,453,881,443,433,881,446,456,905,443,479,931,426,489,914,2197,2316,4516,496,454,952,469,497,968,519,508,1028,583,596,1177,581,610,1195,2643,2671,5310,619,598,1212,531,578,1112,522,586,1109,532,537,1070,546,550,1099,2745,2855,5602,540,531
SED10032,773,762,1533,803,781,1578,858,781,1636,827,697,1528,781,732,1516,4046,3750,7801,774,709,1485,773,725,1493,693,739,1435,671,675,1349,692,696,1388,3616,3541,7156,735,644,1383,713,604,1316,632,591,1220,622,605,1227,588,563,1144,3289,3003,6294,590,538,1132,579,540,1127,554,506,1060,534,538,1073,589,529,1119,2850,2650,5501,744,588,1328,879,730,1612,937,753,1685,864,776,1641,953,817,1776,4378,3660,8039,1063,880,1947,1095,955,2050,1137,990,2124,1083,963,2042,1010,1016,2022,5388,4802,10191,1051,1021,2075,1068,1059,2129,995,1022,2012,986,976,1965,1015,964,1983,5119,5046,10162,981,941,1924,1030,947,1972,1026,893,1920,1058,905,1967,928,798,1725,5023,4486,9506,892,753,1653,800,701,1507,782,636,1417,772,624,1393,667,603,1264,3921,3314,7233,627,576,1195,625,571,1200,563,586,1152,571,578,1148,578,523,1108,2968,2843,5810,535,558,1093,532,529,1055,497,541,1042,546,519,1063,499,513,1013,2604,2661,5268,490,497
SED10033,441,436,873,473,468,939,493,445,939,489,453,942,497,440,934,2390,2238,4628,481,483,969,517,470,983,525,465,990,526,484,1008,528,510,1035,2579,2405,4988,549,537,1087,528,511,1036,602,499,1103,528,473,1008,592,518,1113,2811,2544,5351,550,533,1078,556,509,1064,540,464,1002,546,490,1040,542,506,1051,2731,2506,5232,554,498,1048,492,490,981,503,449,955,477,465,939,553,437,990,2574,2340,4913,478,471,949,486,498,986,495,493,983,518,489,1000,486,463,949,2460,2414,4873,493,512,1004,504,492,1001,483,454,942,472,453,922,463,468,937,2412,2388,4801,472,440,910,449,466,912,440,433,868,429,485,917,427,522,949,2211,2350,4563,489,457,946,427,451,883,439,460,904,458,458,918,434,479,908,2245,2311,4550,433,503,941,507,547,1052,552,517,1068,517,578,1093,591,592,1184,2601,2739,5348,637,659,1294,492,604,1096,545,556,1104,518,542,1063,537,537,1075,2729,2904,5633,518,504
SED10034,468,487,959,475,467,941,499,491,989,457,529,988,517,443,961,2423,2419,4841,539,486,1029,520,469,985,518,487,1005,527,497,1018,564,502,1068,2670,2442,5114,518,476,991,595,509,1103,539,510,1048,544,509,1054,517,524,1040,2708,2530,5238,513,507,1021,543,417,961,491,472,957,519,479,999,463,451,910,2522,2328,4848,477,438,915,461,428,889,488,437,929,430,400,834,420,370,788,2274,2086,4359,406,361,767,367,400,766,391,353,744,395,379,772,374,406,776,1929,1894,3824,428,511,935,457,510,968,455,488,946,467,536,999,466,518,987,2269,2559,4828,498,546,1042,488,519,1009,500,553,1047,501,560,1070,544,528,1071,2524,2714,5243,496,586,1085,522,574,1088,516,528,1041,485,626,1110,562,552,1112,2575,2866,5444,503,526,1029,512,567,1079,551,596,1145,521,617,1137,591,622,1209,2676,2925,5599,604,601,1213,501,536,1030,498,532,1030,447,507,951,490,529,1021,2540,2706,5242,468,445
SED10035,771,711,1485,627,618,1251,647,536,1182,542,479,1020,505,433,939,3093,2784,5874,488,432,921,420,434,852,373,391,763,428,387,810,379,377,751,2082,2020,4098,378,329,705,361,338,707,316,335,648,345,326,673,293,287,579,1692,1616,3303,280,277,560,307,297,610,337,288,627,426,486,916,687,663,1352,2038,2017,4055,1038,901,1945,1147,1139,2284,1194,1253,2452,1408,1369,2778,1662,1575,3237,6457,6237,12697,1668,1704,3371,1782,1858,3637,1910,1893,3800,1947,1848,3807,1948,1934,3881,9250,9233,18489,2006,1848,3849,1997,1795,3795,1845,1773,3620,1753,1553,3307,1569,1362,2932,9169,8329,17503,1498,1303,2802,1409,1245,2653,1354,1129,2481,1213,1097,2315,1040,947,1984,6520,5723,12241,1026,873,1898,976,823,1802,824,817,1639,782,704,1479,757,607,1360,4366,3819,8184,713,617,1332,676,570,1246,675,552,1224,625,594,1224,644,632,1273,3334,2965,6300,660,559,1219,593,518,1116,609,524,1133,510,520,1033,515,437,948,2887,2560,5451,502,440
SED10036,593,549,1147,633,584,1219,662,610,1269,661,592,1258,647,632,1282,3202,2974,6178,676,697,1376,653,632,1289,704,696,1402,701,632,1333,757,700,1456,3495,3363,6855,686,696,1384,663,686,1348,669,667,1331,690,651,1343,733,637,1372,3444,3337,6780,652,628,1281,623,598,1222,704,577,1282,666,666,1328,652,612,1257,3289,3078,6372,691,581,1273,698,585,1286,634,560,1189,642,557,1200,606,601,1213,3276,2886,6160,625,535,1160,607,570,1175,608,592,1206,558,542,1101,541,587,1133,2934,2831,5769,579,612,1192,580,622,1200,596,660,1258,557,589,1140,592,670,1262,2895,3157,6055,630,619,1252,627,687,1308,617,664,1274,617,707,1321,651,673,1319,3138,3343,6486,643,697,1342,589,643,1239,603,620,1222,582,614,1193,578,570,1153,3001,3151,6148,594,653,1244,553,603,1154,569,660,1230,618,605,1230,614,695,1312,2948,3223,6167,591,649,1240,561,602,1162,572,591,1168,555,565,1115,527,505,1036,2808,2917,5722,549,544
SED10037,392,356,749,459,428,889,473,431,907,445,461,912,502,494,1002,2274,2178,4457,570,464,1030,610,523,1126,575,554,1133,622,532,1160,649,554,1199,3032,2621,5652,617,574,1190,616,600,1220,587,611,1201,622,601,1217,606,539,1144,3041,2926,5965,568,563,1136,571,546,1119,541,521,1064,541,495,1032,552,474,1025,2772,2604,5375,463,463,928,577,512,1099,531,446,973,487,415,899,427,392,820,2493,2230,4718,445,362,805,394,383,778,382,376,757,371,357,723,365,382,751,1955,1859,3818,375,388,766,402,458,861,407,464,875,437,519,958,466,523,984,2085,2358,4443,515,499,1017,534,598,1135,579,593,1169,582,609,1191,613,680,1292,2828,2979,5805,627,691,1315,641,690,1326,557,659,1212,624,647,1270,623,678,1305,3069,3361,6439,685,660,1347,607,637,1246,656,656,1313,669,669,1333,623,682,1303,3237,3301,6537,664,757,1416,598,653,1251,594,578,1169,511,623,1136,507,578,1085,2869,3187,6057,530,529
SED10038,467,466,932,440,433,875,493,400,894,508,435,944,456,482,936,2370,2217,4580,509,524,1029,517,492,1011,552,467,1023,555,521,1081,543,515,1062,2676,2521,5201,538,520,1060,593,574,1164,571,514,1085,538,580,1118,604,527,1130,2845,2715,5557,569,532,1095,493,459,954,531,508,1042,552,535,1085,626,691,1314,2770,2720,5490,661,592,1256,567,620,1179,574,559,1132,540,464,1006,544,403,943,2886,2637,5521,490,383,876,477,415,892,464,404,870,438,414,852,437,420,860,2304,2043,4350,465,450,914,420,509,928,465,479,942,447,496,949,430,508,940,2223,2443,4670,457,520,980,509,552,1062,464,553,1018,488,575,1057,504,548,1054,2423,2747,5173,554,577,1134,484,606,1091,498,539,1040,510,541,1051,555,525,1079,2605,2781,5388,515,534,1056,536,616,1155,551,557,1106,529,625,1158,596,611,1210,2732,2949,5677,595,639,1233,510,547,1060,511,543,1054,481,481,962,444,474,918,2540,2684,5218,495,470
SED10039,453,436,891,429,406,841,454,422,882,529,426,952,486,433,910,2348,2120,4471,487,496,975,480,475,954,509,469,978,497,465,960,489,502,992,2455,2404,4861,469,429,903,515,496,1013,472,434,909,508,469,981,518,458,978,2487,2285,4777,474,481,953,446,480,927,454,464,917,420,380,802,437,418,854,2231,2224,4456,457,366,824,416,391,812,444,360,803,427,359,788,411,404,810,2146,1884,4031,428,410,837,449,445,893,436,457,899,489,452,941,487,440,928,2296,2204,4497,499,472,971,438,464,904,409,457,859,452,471,922,497,473,973,2295,2331,4633,483,489,973,466,419,884,431,510,937,472,442,917,449,451,902,2309,2312,4619,470,446,918,431,436,867,412,433,847,434,435,874,427,432,856,2178,2181,4363,418,433,850,455,428,879,426,536,964,465,507,967,499,522,1026,2261,2420,4684,492,539,1024,452,481,935,438,494,936,453,473,922,410,447,855,2248,2431,4679,427,510
SED10040,535,463,992,508,468,975,511,460,973,489,439,936,512,481,992,2559,2311,4869,497,492,993,501,451,953,527,449,982,511,444,959,503,489,992,2540,2337,4880,439,440,880,460,433,892,496,456,951,432,451,885,466,425,896,2308,2207,4512,459,364,822,433,415,847,434,395,831,486,407,900,508,408,916,2317,1994,4308,667,574,1246,869,685,1553,935,827,1761,909,787,1700,898,778,1671,4277,3648,7929,951,919,1873,939,867,1804,900,893,1795,937,828,1767,940,820,1758,4670,4323,8990,907,883,1787,829,838,1669,908,815,1719,808,797,1602,814,735,1554,4265,4068,8330,767,758,1525,720,738,1451,736,746,1480,714,760,1480,686,700,1387,3625,3703,7329,681,607,1296,620,630,1250,574,571,1146,535,548,1085,525,588,1114,2932,2953,5885,516,549,1068,487,584,1074,505,557,1060,526,569,1095,540,643,1180,2575,2897,5469,596,609,1210,491,542,1028,483,567,1045,470,583,1052,436,537,974,2476,2841,5318,519,508
SED10041,421,334,756,398,379,774,444,404,850,478,437,916,534,494,1022,2269,2042,4314,553,507,1059,584,589,1176,637,534,1168,659,631,1287,620,618,1236,3051,2881,5932,612,657,1272,661,621,1279,629,569,1202,634,624,1260,672,615,1285,3216,3082,6291,669,605,1277,623,613,1234,633,610,1243,581,519,1103,518,530,1051,3026,2876,5902,553,499,1051,528,460,987,486,436,920,443,413,854,412,420,832,2419,2226,4642,383,389,770,375,341,720,355,319,675,339,370,706,346,370,717,1803,1786,3587,359,402,758,384,397,774,422,445,866,424,531,956,448,564,1006,2024,2333,4360,479,624,1098,563,625,1186,573,663,1235,627,788,1413,692,726,1415,2930,3421,6351,602,696,1298,628,706,1332,623,671,1292,641,643,1283,610,676,1284,3109,3392,6501,549,676,1225,598,674,1270,564,655,1216,632,696,1325,638,707,1343,2979,3401,6379,632,743,1378,615,678,1294,581,677,1251,553,606,1164,525,525,1056,2902,3232,6141,522,542
SED10042,433,405,838,453,434,885,430,405,838,470,438,913,463,451,908,2249,2129,4386,471,423,897,462,451,913,470,454,931,486,445,938,527,467,992,2421,2241,4661,406,433,834,504,429,934,489,452,939,456,426,881,496,454,950,2348,2198,4542,481,470,949,451,458,909,456,446,904,437,440,873,439,413,850,2263,2228,4489,496,414,913,472,399,872,480,422,904,443,429,872,446,418,862,2336,2085,4418,417,375,794,418,402,818,419,473,891,450,433,886,443,430,871,2150,2113,4267,450,473,923,433,456,888,407,469,881,472,523,995,425,487,915,2189,2407,4599,447,473,922,451,474,923,473,503,975,457,450,906,445,447,885,2271,2342,4618,433,435,869,427,424,848,382,426,815,422,422,844,398,444,847,2069,2153,4217,433,446,876,440,439,876,473,483,951,469,553,1019,514,545,1058,2324,2462,4783,502,529,1025,532,465,993,503,476,976,433,484,910,472,508,980,2432,2459,4886,434,529
SED10043,626,581,1206,741,718,1464,772,681,1455,739,668,1406,777,737,1514,3663,3378,7044,723,716,1441,782,708,1486,737,727,1462,704,676,1380,733,686,1416,3681,3513,7189,782,636,1419,734,667,1402,703,620,1323,673,670,1341,659,615,1268,3547,3209,6758,680,656,1337,619,574,1190,596,574,1176,606,560,1166,565,592,1155,3063,2959,6018,658,573,1228,717,611,1329,717,618,1330,725,608,1343,789,674,1465,3598,3093,6689,857,677,1535,902,751,1655,902,710,1613,866,695,1568,754,773,1535,4291,3608,7902,837,685,1522,795,696,1489,730,687,1423,715,732,1443,712,670,1384,3792,3474,7266,751,680,1430,792,690,1482,722,667,1383,734,662,1388,702,632,1328,3695,3328,7027,686,650,1339,721,631,1354,614,618,1232,648,587,1231,584,578,1156,3252,3065,6316,577,533,1106,523,558,1082,538,535,1075,537,518,1060,506,504,1011,2689,2648,5338,556,600,1155,516,554,1075,481,527,1006,484,532,1016,523,506,1032,2555,2724,5279,551,504
SED10044,499,532,1028,480,537,1021,499,479,979,505,485,993,519,477,1000,2505,2508,5019,575,517,1088,600,497,1098,513,539,1049,597,558,1159,633,539,1174,2926,2652,5577,530,486,1010,549,538,1085,533,468,1000,551,511,1062,579,524,1101,2742,2525,5262,529,473,1005,521,488,1007,532,466,1003,504,424,927,424,411,832,2515,2257,4771,460,386,848,484,401,885,502,413,916,504,478,981,520,520,1039,2478,2194,4671,496,522,1020,592,583,1178,591,605,1195,636,627,1268,598,695,1295,2915,3036,5950,629,724,1356,687,762,1455,737,744,1481,737,764,1500,714,765,1481,3509,3761,7269,716,804,1516,759,778,1538,716,804,1524,773,841,1611,701,757,1456,3664,3983,7640,691,795,1486,674,760,1430,705,762,1465,646,663,1311,604,644,1243,3315,3620,6933,604,642,1248,596,618,1216,633,636,1265,580,644,1223,628,698,1319,3035,3236,6270,638,632,1273,571,626,1197,557,611,1167,500,581,1085,535,533,1067,2807,2976,5780,475,561
SED10045,328,314,641,341,358,694,362,323,688,343,376,719,410,338,750,1780,1706,3492,412,385,797,395,384,776,436,434,870,470,432,907,451,477,931,2169,2111,4279,496,476,976,483,535,1022,551,447,998,520,492,1019,523,512,1038,2577,2467,5045,517,457,976,461,405,867,460,482,943,432,423,853,391,353,745,2272,2113,4379,395,348,742,378,333,712,350,373,722,343,328,673,351,306,656,1822,1693,3510,349,341,683,350,379,722,367,347,718,332,354,683,376,400,774,1770,1816,3586,349,384,736,345,370,721,317,419,735,342,385,726,372,362,738,1726,1921,3645,386,399,786,366,422,789,383,446,823,431,473,895,391,474,865,1959,2200,4166,412,451,864,402,447,851,412,474,888,406,456,857,391,498,889,2030,2325,4355,440,456,899,453,481,927,474,536,1010,473,497,967,507,608,1109,2335,2577,4913,528,577,1110,480,542,1022,472,517,989,492,481,973,549,579,1125,2523,2697,5218,518,539
SED10046,632,602,1236,695,643,1341,692,646,1337,697,627,1323,678,665,1339,3391,3181,6575,724,636,1360,725,692,1412,717,670,1387,753,636,1394,726,683,1405,3647,3317,6961,724,708,1433,765,666,1425,666,685,1346,686,691,1382,718,715,1432,3553,3469,7024,696,643,1338,717,668,1382,726,627,1352,725,678,1406,669,667,1340,3533,3275,6807,696,709,1404,742,748,1489,735,665,1396,733,747,1480,768,713,1486,3674,3580,7255,755,774,1530,740,744,1486,717,728,1447,727,763,1490,656,724,1378,3595,3732,7324,685,774,1455,638,777,1416,665,722,1382,637,701,1334,659,689,1352,3283,3659,6939,684,717,1397,685,738,1424,678,745,1428,702,751,1451,709,671,1380,3460,3624,7084,684,704,1388,662,665,1327,644,681,1333,598,640,1247,579,651,1228,3178,3346,6521,572,604,1172,598,677,1270,598,612,1212,648,602,1250,645,619,1263,3053,3118,6167,578,670,1250,609,602,1213,603,573,1181,581,634,1216,541,608,1152,2920,3092,6010,561,599
SED10047,1054,951,2005,1102,1066,2166,1160,1022,2183,1082,1006,2083,1036,1046,2083,5433,5093,10522,1087,1050,2143,1095,996,2089,1000,1064,2069,1050,1002,2048,1004,978,1984,5240,5088,10328,942,889,1830,901,880,1774,916,867,1784,831,814,1643,867,756,1622,4451,4205,8657,774,710,1491,769,665,1432,721,719,1436,708,665,1371,683,734,1418,3657,3487,7145,772,724,1493,761,755,1517,746,692,1441,786,835,1614,811,754,1569,3866,3770,7633,833,839,1673,843,898,1738,813,990,1805,906,988,1893,877,1030,1903,4270,4743,9017,928,1096,2019,925,1074,1997,980,1055,2041,979,1153,2139,1048,1195,2240,4856,5582,10437,1097,1226,2326,1063,1217,2274,1151,1113,2260,1131,1165,2294,1018,1027,2048,5454,5744,11203,1074,886,1957,965,875,1847,887,837,1723,792,754,1553,768,735,1501,4489,4086,8578,782,700,1486,706,661,1365,698,672,1369,761,723,1486,731,731,1458,3677,3491,7163,712,670,1388,645,610,1256,621,593,1213,584,616,1199,595,555,1150,3154,3048,6205,556,580
SED10048,887,792,1676,934,928,1864,905,896,1798,971,871,1837,935,852,1786,4626,4337,8965,973,913,1887,928,936,1863,909,936,1846,892,862,1751,920,850,1776,4617,4501,9115,858,839,1690,796,759,1552,784,786,1563,792,736,1528,739,739,1474,3962,3861,7817,747,697,1445,669,657,1332,702,652,1352,695,610,1302,654,643,1296,3466,3262,6728,659,614,1275,766,718,1485,713,660,1372,724,681,1396,717,693,1409,3573,3368,6940,681,682,1370,735,799,1537,739,773,1513,705,863,1566,762,888,1650,3625,4006,7628,789,946,1740,700,973,1673,831,1008,1839,841,1024,1859,930,1060,1992,4087,5010,9103,1000,1116,2114,988,1097,2085,953,1028,1981,1029,1008,2040,938,1031,1963,4907,5272,10187,980,922,1902,906,826,1731,864,829,1690,769,751,1526,771,721,1492,4298,4043,8344,772,694,1462,728,704,1435,659,665,1320,673,681,1347,710,649,1358,3535,3388,6926,663,640,1303,601,645,1245,581,626,1213,560,585,1145,585,594,1177,2989,3096,6087,600,628
SED10049,653,598,1255,641,581,1222,598,631,1232,636,616,1245,645,616,1260,3175,3039,6220,636,643,1283,633,673,1306,662,633,1292,669,622,1299,737,657,1388,3346,3223,6571,704,637,1342,654,615,1268,687,601,1285,606,635,1240,707,638,1346,3351,3120,6480,596,630,1233,573,560,1132,549,561,1108,559,485,1038,547,504,1055,2830,2739,5568,560,515,1072,535,565,1102,542,585,1123,532,537,1065,552,550,1100,2720,2755,5471,575,551,1130,596,561,1157,595,663,1254,596,703,1305,625,746,1375,3000,3223,6223,680,727,1406,692,740,1435,645,651,1291,612,660,1267,631,684,1317,3253,3465,6722,597,685,1287,686,686,1374,630,649,1277,535,649,1185,575,622,1195,3025,3293,6313,594,624,1215,549,575,1129,570,547,1113,562,579,1142,550,569,1126,2828,2901,5728,501,590,1091,536,523,1058,534,540,1070,545,572,1118,560,644,1203,2678,2862,5539,577,605,1178,591,566,1155,494,590,1089,446,555,1004,490,539,1029,2599,2852,5451,468,505
SED10050,577,525,1098,473,476,951,425,461,887,470,450,917,477,461,940,2420,2380,4796,492,479,971,494,461,958,535,518,1056,528,481,1009,533,510,1044,2582,2449,5032,563,563,1122,580,534,1116,589,540,1129,582,547,1130,586,542,1130,2897,2723,5622,534,510,1046,465,494,955,470,514,990,450,432,884,449,382,828,2364,2333,4704,416,366,783,413,396,808,391,398,785,431,387,815,386,476,861,2042,2019,4059,442,498,946,464,518,982,481,566,1045,542,615,1158,580,687,1266,2508,2879,5386,658,748,1406,657,687,1348,635,722,1364,644,663,1304,623,709,1328,3226,3529,6751,591,656,1241,582,616,1197,604,702,1305,628,661,1286,651,696,1347,3051,3329,6381,669,614,1276,594,650,1244,609,666,1279,606,611,1221,623,659,1285,3107,3208,6310,610,647,1262,616,690,1305,671,695,1368,674,708,1381,651,651,1305,3221,3396,6617,701,717,1422,610,634,1242,583,603,1190,576,600,1172,535,579,1118,3012,3130,6142,536,538
SED10051,512,515,1031,511,490,996,517,475,989,470,459,929,476,442,920,2485,2384,4862,504,476,981,489,440,927,487,501,981,527,510,1038,502,500,1005,2508,2431,4938,529,508,1032,484,505,984,534,492,1031,492,450,947,542,485,1024,2586,2434,5019,515,450,964,500,440,937,467,440,906,458,434,891,449,412,864,2387,2168,4565,527,453,988,534,526,1062,546,522,1065,528,554,1085,607,558,1164,2742,2615,5353,576,575,1146,581,563,1137,620,583,1200,640,629,1276,644,654,1298,3050,2995,6050,698,716,1415,689,690,1376,744,681,1427,704,696,1403,651,696,1336,3482,3481,6960,664,662,1324,707,683,1393,684,680,1360,662,659,1321,645,692,1336,3361,3374,6740,715,681,1390,672,657,1326,593,656,1246,585,646,1233,585,635,1214,3150,3265,6417,603,594,1194,597,609,1209,635,619,1254,684,655,1335,649,646,1294,3169,3114,6282,653,669,1326,558,578,1137,527,617,1150,486,574,1057,510,511,1029,2741,2961,5702,526,549
SED10052,466,456,917,428,417,840,469,453,926,456,443,895,489,486,975,2305,2246,4553,510,471,982,484,464,951,474,510,981,570,476,1049,571,477,1045,2604,2404,5010,492,498,989,501,465,970,541,485,1024,494,523,1014,528,486,1019,2554,2460,5015,499,475,977,458,472,932,510,446,956,460,456,918,433,423,854,2360,2278,4634,432,449,882,437,411,855,436,412,847,492,384,873,437,384,829,2240,2044,4288,468,446,915,461,419,878,471,440,912,458,449,902,428,494,921,2289,2245,4536,472,467,943,449,494,943,417,510,932,510,531,1040,464,492,965,2318,2496,4819,506,575,1083,498,568,1068,523,598,1121,528,567,1098,531,601,1132,2587,2909,5499,585,556,1140,479,564,1047,515,520,1036,504,499,1010,561,589,1148,2650,2727,5376,542,549,1089,547,577,1129,503,561,1058,587,572,1165,598,654,1246,2771,2915,5683,588,583,1167,516,554,1071,531,546,1073,419,490,915,469,475,940,2522,2643,5170,462,476
SED10053,497,518,1010,522,538,1061,521,499,1021,551,536,1089,538,509,1049,2626,2604,5228,574,510,1081,548,509,1052,579,473,1053,542,503,1045,559,484,1043,2797,2475,5276,564,471,1032,596,540,1140,591,509,1099,557,506,1057,554,522,1079,2864,2544,5409,502,485,980,524,495,1015,506,444,943,455,418,866,435,389,822,2414,2224,4638,444,416,856,429,433,864,530,436,965,455,473,930,520,430,948,2370,2184,4558,531,484,1020,538,555,1091,565,579,1149,573,643,1214,632,622,1252,2836,2885,5722,661,617,1285,658,679,1333,621,653,1276,636,613,1246,638,647,1289,3216,3215,6431,658,644,1300,641,589,1227,634,586,1218,566,603,1166,583,594,1179,3083,3013,6091,555,600,1155,543,526,1071,520,575,1098,489,537,1027,501,532,1036,2618,2767,5383,575,547,1122,576,550,1129,617,581,1198,613,592,1206,612,646,1261,2993,2920,5911,681,659,1343,621,658,1278,599,677,1273,605,583,1196,576,639,1221,3090,3215,6307,621,595
SED10054,606,615,1222,720,671,1393,731,662,1395,789,742,1530,704,699,1403,3558,3383,6943,757,748,1507,752,672,1425,778,768,1546,760,738,1500,733,717,1445,3781,3649,7429,778,755,1527,728,718,1446,748,748,1503,696,705,1400,724,662,1379,3666,3593,7255,692,666,1361,684,586,1261,656,599,1251,627,680,1305,704,645,1353,3363,3166,6530,672,686,1352,757,674,1430,710,645,1356,713,590,1308,675,634,1310,3533,3231,6761,657,699,1362,674,663,1337,674,628,1296,606,654,1260,605,744,1345,3219,3381,6601,622,687,1307,608,685,1293,648,703,1348,651,720,1370,629,774,1402,3156,3568,6726,688,761,1450,657,711,1369,719,723,1435,656,765,1418,668,652,1326,3388,3611,7002,691,731,1425,697,615,1310,616,650,1261,613,593,1215,593,587,1186,3216,3174,6394,582,608,1185,538,584,1125,588,586,1174,598,611,1211,617,623,1243,2928,3008,5935,625,596,1215,559,597,1153,552,603,1156,590,603,1202,537,542,1076,2862,2939,5800,527,543
SED10055,591,532,1120,577,575,1152,605,596,1202,638,547,1180,659,624,1284,3066,2873,5938,637,628,1266,730,597,1323,648,618,1262,681,615,1292,680,647,1333,3379,3101,6479,675,650,1321,689,640,1326,676,647,1323,665,680,1347,694,675,1368,3396,3292,6688,604,671,1271,726,608,1329,657,615,1276,638,646,1282,642,605,1243,3263,3136,6400,659,563,1231,595,581,1181,622,588,1212,586,547,1137,581,539,1123,3056,2825,5882,569,552,1126,559,528,1091,546,540,1080,537,546,1087,537,573,1109,2750,2747,5493,561,582,1142,555,597,1155,576,657,1235,582,614,1194,566,665,1228,2838,3113,5958,644,662,1312,576,693,1264,613,659,1269,618,643,1262,608,660,1264,3054,3322,6369,654,687,1335,622,628,1252,554,600,1156,558,608,1165,570,558,1130,2960,3080,6040,572,636,1202,578,598,1176,577,612,1185,580,629,1206,604,647,1250,2904,3123,6031,626,637,1264,589,586,1173,512,615,1127,526,545,1075,522,592,1114,2776,2976,5754,552,515
SED10056,506,462,966,571,514,1081,484,500,984,492,513,1007,507,474,979,2561,2459,5016,516,498,1018,543,507,1047,541,512,1055,550,534,1077,587,531,1116,2732,2582,5312,509,520,1028,568,523,1092,557,557,1115,600,558,1161,599,556,1151,2836,2710,5549,587,540,1127,594,549,1135,549,517,1070,489,491,973,432,387,816,2641,2482,5124,454,380,837,409,387,796,450,401,853,409,411,818,465,435,907,2190,2015,4210,447,439,886,482,487,968,546,513,1061,542,504,1043,515,503,1016,2529,2444,4975,543,580,1126,545,549,1097,508,521,1027,483,499,982,555,518,1069,2640,2663,5298,483,486,973,495,506,999,465,489,951,464,497,960,445,473,915,2347,2453,4800,438,441,879,502,449,950,466,473,939,441,495,939,452,470,921,2298,2334,4632,466,480,943,491,463,949,541,548,1089,509,522,1031,537,546,1083,2542,2557,5101,564,562,1133,516,530,1045,542,556,1095,545,510,1054,552,568,1119,2725,2728,5457,499,561
SED10057,296,303,602,338,310,653,301,342,646,306,327,638,326,351,680,1579,1636,3207,350,348,696,426,394,817,399,381,775,368,386,746,449,428,880,1990,1930,3920,451,394,845,444,425,869,472,423,898,439,429,868,477,439,916,2281,2111,4395,417,367,782,415,386,799,411,412,822,352,355,708,334,317,653,1925,1835,3756,319,304,622,288,255,543,340,278,619,287,258,545,278,247,519,1503,1338,2849,260,307,572,229,290,523,316,319,639,287,317,607,310,342,649,1414,1573,2984,292,361,655,327,319,643,279,343,626,321,342,663,292,371,664,1516,1738,3249,317,363,677,313,320,636,304,350,657,330,393,721,321,353,677,1591,1774,3364,330,355,682,306,338,650,327,371,697,314,379,700,333,387,722,1615,1837,3451,334,360,691,382,397,778,389,419,806,404,447,851,440,474,921,1950,2092,4043,490,488,976,457,467,927,436,451,883,386,480,870,424,477,896,2191,2360,4553,418,452
SED10058,419,401,827,363,365,725,381,395,775,362,352,714,393,368,757,1917,1881,3797,400,385,779,359,386,747,440,363,800,438,375,812,409,349,763,2039,1861,3897,446,389,844,413,361,771,371,403,773,410,369,775,385,374,758,2019,1899,3918,358,350,704,387,346,735,318,337,655,363,344,711,419,423,842,1848,1804,3652,500,530,1025,536,729,1267,631,703,1330,720,684,1409,645,747,1394,3029,3392,6420,719,781,1499,720,693,1411,683,695,1378,681,733,1414,621,670,1289,3425,3575,6997,709,650,1362,682,638,1317,639,684,1324,617,564,1182,613,633,1245,3259,3170,6431,554,559,1111,577,546,1129,523,578,1101,577,504,1085,562,545,1102,2791,2731,5530,489,528,1020,481,504,988,501,484,994,479,463,937,460,452,913,2417,2433,4853,429,437,870,460,479,934,494,498,990,504,506,1013,534,582,1122,2416,2502,4924,580,598,1180,481,454,932,484,493,981,477,452,931,427,531,957,2451,2524,4977,449,483
SED10059,344,325,670,302,264,564,296,252,543,238,224,458,254,227,475,1430,1285,2715,229,223,454,245,227,473,233,252,482,224,216,442,263,215,476,1192,1135,2330,246,220,467,235,227,460,239,231,469,236,206,442,236,215,445,1189,1093,2280,211,201,412,214,184,398,195,195,390,311,362,677,458,611,1069,1393,1553,2946,652,728,1378,732,852,1580,787,934,1718,904,1008,1910,1033,1220,2253,4102,4741,8842,1129,1142,2276,1151,1228,2374,1158,1236,2398,1242,1118,2362,1218,1180,2395,5900,5904,11804,1165,1158,2319,1131,1067,2205,1154,973,2122,1056,975,2030,962,832,1791,5467,5003,10474,932,791,1719,863,746,1613,823,688,1509,726,644,1371,724,632,1354,4065,3498,7567,758,580,1338,655,547,1203,656,500,1156,595,465,1060,548,495,1042,3211,2583,5793,590,480,1069,584,444,1024,547,486,1026,546,453,1001,601,496,1088,2861,2355,5212,623,489,1118,557,434,993,543,424,973,489,373,860,451,402,857,2672,2130,4800,460,344
SED10060,409,419,832,372,382,754,337,345,682,313,335,653,343,296,642,1780,1779,3558,380,312,688,324,323,650,344,322,663,299,320,624,340,372,714,1690,1650,3344,342,323,667,339,357,697,353,323,676,327,341,663,354,320,676,1714,1667,3382,335,301,636,330,299,631,325,310,638,288,274,560,291,298,585,1566,1476,3048,321,303,621,306,326,635,344,393,735,390,515,903,473,569,1047,1839,2106,3939,541,624,1160,576,672,1251,618,750,1370,620,740,1365,732,825,1554,3086,3610,6698,723,885,1608,803,888,1690,784,858,1645,715,795,1508,701,805,1502,3726,4226,7955,726,776,1505,643,724,1368,683,710,1399,650,754,1403,645,702,1340,3352,3666,7018,612,680,1289,534,646,1178,533,606,1137,527,591,1116,504,522,1021,2708,3048,5751,470,549,1016,517,533,1048,490,591,1079,489,565,1053,526,567,1092,2489,2801,5297,513,646,1159,471,549,1016,458,563,1021,418,554,972,452,498,950,2313,2801,5115,455,493
SED10061,416,398,817,484,408,897,427,384,815,456,384,836,487,478,961,2274,2055,4322,474,475,953,452,472,922,515,509,1025,529,516,1047,542,515,1058,2512,2492,5004,535,483,1021,510,524,1034,514,574,1087,483,529,1022,563,513,1078,2615,2628,5243,522,546,1069,475,504,974,510,542,1049,450,591,1040,497,551,1054,2457,2740,5195,506,526,1029,498,489,983,486,493,974,469,435,907,471,441,916,2424,2387,4807,458,480,938,479,462,939,459,491,950,462,485,948,485,502,987,2337,2417,4758,446,502,951,469,479,949,414,438,856,380,430,811,432,447,879,2151,2302,4448,407,462,871,454,471,925,414,425,840,439,461,897,408,421,832,2121,2240,4360,407,463,864,398,393,790,386,421,804,394,403,795,415,428,845,2002,2102,4107,385,461,845,426,437,865,377,467,840,485,506,988,476,526,1003,2149,2396,4542,495,533,1028,507,535,1040,502,505,1008,467,479,947,439,489,929,2410,2548,4957,471,524
SED10062,389,376,766,432,371,805,421,404,825,451,399,847,463,388,850,2151,1940,4090,490,413,897,447,440,886,551,394,948,453,484,939,536,517,1047,2473,2239,4720,481,486,970,485,472,960,456,432,889,456,501,964,462,457,918,2341,2348,4693,479,427,904,488,436,925,486,495,979,458,430,885,512,452,962,2425,2230,4658,515,481,996,535,476,1013,579,543,1123,499,494,987,482,470,954,2603,2469,5070,563,474,1037,497,410,908,511,472,985,490,481,965,475,480,952,2533,2315,4849,456,466,917,509,530,1039,489,469,954,443,498,938,474,526,998,2368,2485,4854,487,522,1009,499,547,1044,520,526,1047,547,605,1154,523,546,1072,2579,2748,5328,504,575,1078,492,524,1019,474,533,1005,455,518,979,527,543,1072,2458,2694,5153,495,502,999,518,532,1050,503,547,1049,488,601,1086,551,637,1193,2553,2816,5372,484,576,1059,488,535,1028,520,553,1080,496,570,1073,498,496,990,2484,2741,5228,475,531
SED10063,590,435,1027,525,503,1026,564,526,1094,538,473,1014,559,543,1104,2775,2490,5261,566,564,1128,585,515,1096,609,549,1161,596,565,1160,584,576,1156,2938,2775,5715,578,566,1134,594,615,1204,592,562,1157,655,597,1248,642,594,1234,3057,2927,5981,578,530,1107,573,546,1119,563,496,1056,487,421,906,382,378,768,2585,2370,4954,474,375,858,405,425,827,384,386,766,439,447,886,477,495,966,2182,2123,4305,405,450,852,467,509,972,480,507,991,440,509,947,463,495,956,2256,2467,4720,448,544,996,486,524,1010,513,519,1023,436,478,915,481,524,1001,2369,2579,4945,503,530,1031,434,562,996,478,524,1002,461,544,1005,473,517,992,2355,2674,5025,466,487,951,466,483,947,433,430,870,450,480,929,411,442,854,2225,2321,4547,461,476,940,465,508,973,439,494,935,480,495,974,530,513,1046,2379,2482,4862,523,579,1105,443,466,908,468,509,977,452,472,922,463,446,905,2352,2473,4823,460,469
SED10064,323,346,673,420,338,762,403,369,773,416,408,826,396,390,784,1958,1856,3813,432,397,825,397,395,799,426,399,820,472,434,909,460,480,937,2188,2103,4298,526,438,968,488,504,988,499,483,990,511,506,1021,477,500,980,2509,2438,4943,505,481,982,445,438,882,466,451,921,408,375,779,367,317,683,2184,2063,4245,346,317,665,300,307,607,323,290,617,323,284,601,352,306,659,1640,1505,3147,348,310,655,363,362,726,371,338,705,321,342,664,367,344,711,1766,1702,3468,355,364,721,383,349,731,375,393,769,367,411,785,316,401,717,1796,1924,3722,385,361,750,334,361,695,363,413,780,377,385,766,361,355,719,1819,1884,3706,380,389,777,377,428,801,337,372,711,382,364,743,343,400,746,1825,1959,3778,381,441,819,388,421,811,424,455,879,425,468,893,478,515,993,2101,2299,4398,499,549,1046,458,480,936,464,525,988,434,474,905,447,534,983,2303,2559,4867,464,532
SED10065,749,665,1414,717,707,1421,745,703,1449,742,726,1470,789,732,1518,3743,3528,7273,803,786,1593,796,773,1566,753,730,1480,745,735,1478,704,652,1357,3799,3679,7473,677,607,1284,630,550,1184,557,509,1066,564,534,1100,545,502,1046,2974,2702,5672,486,420,906,488,439,927,494,474,971,533,424,957,526,496,1016,2522,2246,4771,572,541,1116,819,681,1506,823,770,1593,902,769,1670,935,878,1811,4059,3632,7693,1022,970,1989,1064,959,2022,1125,1043,2166,1151,1036,2188,1109,1148,2256,5471,5155,10623,1172,1098,2274,1273,1208,2479,1238,1188,2426,1235,1286,2521,1200,1214,2418,6119,5998,12113,1195,1180,2376,1202,1244,2442,1352,1140,2493,1252,1144,2393,1209,1039,2247,6213,5750,11958,1069,887,1960,998,851,1846,915,816,1726,781,664,1440,710,660,1370,4472,3869,8340,668,699,1364,681,643,1326,640,641,1284,602,673,1278,635,635,1265,3225,3294,6520,611,652,1261,567,612,1177,593,635,1227,524,544,1067,498,585,1083,2786,3028,5815,519,538
SED10066,578,495,1081,563,535,1091,556,505,1063,560,499,1058,586,509,1096,2844,2548,5386,576,582,1155,525,537,1063,554,546,1093,583,520,1106,572,507,1074,2807,2692,5503,552,575,1121,576,498,1077,588,510,1100,543,503,1048,515,504,1022,2782,2596,5375,530,478,1014,513,462,975,487,458,941,516,496,1014,481,486,971,2522,2386,4910,560,566,1120,559,535,1097,573,629,1197,640,579,1217,628,663,1295,2957,2973,5931,645,602,1244,634,652,1290,643,696,1338,607,675,1287,660,669,1328,3193,3293,6487,622,689,1315,598,663,1268,599,594,1195,570,646,1218,562,645,1206,2954,3250,6202,635,673,1307,593,626,1220,576,614,1192,625,600,1229,585,606,1191,3014,3122,6139,585,611,1198,572,572,1146,566,539,1107,535,591,1124,539,565,1100,2791,2874,5664,554,548,1105,522,538,1060,553,533,1085,518,552,1067,527,549,1070,2676,2715,5390,525,592,1119,488,506,991,508,505,1007,459,500,961,423,467,890,2399,2565,4968,446,505
SED10067,360,337,698,347,325,671,344,342,682,352,366,723,433,381,815,1835,1748,3586,390,397,785,406,400,804,466,414,878,473,483,962,559,449,1013,2295,2140,4431,485,481,962,554,488,1044,488,470,956,540,525,1065,505,517,1025,2568,2484,5055,505,457,962,524,469,993,502,493,994,456,414,871,418,423,842,2407,2252,4662,436,360,798,437,390,824,396,380,780,363,336,700,335,298,636,1972,1768,3739,344,256,605,307,277,582,288,252,544,320,270,595,302,279,579,1564,1344,2903,307,309,614,307,306,614,299,334,630,309,321,635,330,395,728,1558,1674,3232,331,373,704,325,378,703,334,435,770,400,441,839,416,451,869,1815,2075,3889,396,473,871,391,450,841,440,496,938,437,524,954,465,491,952,2125,2431,4552,513,519,1030,487,555,1047,547,589,1139,539,537,1074,573,618,1196,2664,2814,5480,559,628,1189,543,556,1101,534,545,1080,458,549,1005,460,569,1034,2559,2849,5402,483,542
SED10068,354,319,674,348,321,669,328,332,655,368,322,687,363,326,680,1758,1614,3370,406,391,799,408,390,793,368,390,759,401,430,832,459,480,938,2047,2072,4123,484,433,915,443,456,900,475,486,955,489,456,944,514,462,973,2401,2294,4689,498,473,969,498,428,927,463,446,911,459,407,864,382,427,811,2303,2182,4487,376,350,723,403,424,823,336,316,645,309,347,653,334,306,644,1754,1742,3494,284,321,598,338,344,684,311,326,636,316,354,670,364,323,686,1609,1662,3277,327,337,662,348,386,732,340,374,714,319,360,682,307,358,666,1641,1822,3466,343,394,738,359,416,774,386,398,789,347,392,744,386,426,811,1826,2041,3863,381,449,832,397,419,820,383,394,773,370,428,800,384,411,793,1918,2103,4016,389,398,786,413,457,872,421,486,912,452,571,1024,528,569,1099,2202,2487,4686,544,589,1132,426,535,967,464,548,1017,444,489,930,431,466,895,2303,2632,4937,457,495
SED10069,359,296,651,305,351,658,376,359,738,334,346,682,372,368,735,1744,1731,3476,446,397,841,392,416,806,419,370,795,490,436,922,475,441,917,2220,2060,4280,420,430,855,491,450,935,491,471,967,498,480,980,521,500,1021,2430,2331,4760,521,467,989,464,429,897,425,387,816,494,369,861,408,375,777,2311,2035,4342,405,365,767,385,355,736,361,354,712,351,345,700,334,301,632,1839,1719,3549,309,285,596,328,334,659,354,320,680,330,367,701,333,335,667,1660,1638,3306,342,337,680,350,354,701,358,350,715,350,385,739,341,386,727,1741,1813,3553,372,375,750,360,380,739,342,381,728,394,398,794,363,391,756,1840,1924,3761,347,406,752,380,383,758,377,394,766,335,413,751,400,440,839,1840,2029,3873,387,413,794,438,457,890,452,441,897,486,536,1024,486,546,1028,2241,2394,4635,514,515,1028,442,466,906,455,520,977,419,449,868,467,494,959,2303,2432,4737,482,490
SED10070,524,515,1037,544,487,1030,530,565,1099,618,530,1149,616,539,1161,2831,2643,5468,624,553,1179,597,585,1189,651,668,1324,643,589,1231,681,613,1292,3204,3007,6206,608,622,1229,703,609,1310,598,563,1161,617,565,1177,583,602,1191,3108,2967,6072,595,558,1155,542,528,1072,537,495,1029,508,523,1025,506,477,983,2688,2585,5269,539,456,992,583,476,1059,575,503,1074,575,564,1140,593,524,1115,2858,2515,5370,606,489,1094,607,551,1156,623,577,1201,603,523,1123,551,580,1129,2982,2721,5702,524,526,1049,623,601,1221,590,610,1205,579,628,1207,573,713,1287,2890,3076,5970,610,669,1281,700,693,1392,688,742,1435,705,748,1454,720,719,1439,3428,3577,7004,693,662,1357,678,641,1324,670,643,1311,609,626,1234,631,584,1222,3281,3162,6445,559,560,1125,550,514,1065,598,527,1125,586,550,1138,570,578,1142,2868,2731,5594,494,579,1072,532,501,1027,524,511,1034,494,515,1008,500,484,989,2542,2584,5130,484,503
SED10071,938,847,1783,974,959,1935,981,948,1932,985,959,1947,1079,1008,2085,4961,4719,9685,1052,1066,2116,1068,1037,2109,1085,1034,2118,1157,1048,2209,1095,1062,2155,5452,5250,10701,1102,968,2067,1033,949,1981,958,917,1874,972,914,1892,948,868,1817,5014,4616,9633,823,780,1606,845,823,1666,794,693,1489,745,682,1425,759,648,1406,3970,3627,7599,799,724,1520,795,724,1521,742,734,1479,758,652,1413,785,760,1547,3881,3589,7467,792,725,1519,809,706,1518,756,685,1448,780,796,1578,750,822,1566,3894,3735,7627,807,934,1743,907,950,1853,830,1145,1974,957,1202,2159,1109,1285,2397,4614,5520,10132,1214,1361,2573,1279,1392,2672,1343,1423,2768,1349,1418,2763,1336,1238,2569,6523,6830,13349,1385,1237,2621,1242,1157,2405,1248,1099,2351,1116,1018,2131,1055,947,2003,6046,5459,11507,989,933,1921,950,846,1798,939,800,1738,853,783,1640,815,797,1609,4551,4166,8710,762,791,1562,667,644,1303,656,651,1309,603,681,1287,585,559,1146,3276,3332,6613,594,506
SED10072,591,538,1127,551,507,1056,503,506,1009,508,494,1004,489,468,956,2646,2517,5155,492,463,952,443,426,870,456,433,887,410,407,821,466,428,892,2268,2158,4427,445,417,861,444,425,874,411,469,875,461,400,861,400,364,760,2162,2073,4236,451,370,822,435,427,859,381,377,755,382,407,791,452,438,888,2103,2015,4111,576,483,1058,720,629,1349,772,658,1432,769,652,1420,735,794,1523,3567,3212,6780,818,880,1696,940,883,1826,910,945,1863,959,978,1933,1009,987,2000,4643,4674,9318,995,1069,2060,1038,989,2027,1006,994,2002,959,953,1911,906,890,1795,4910,4891,9798,951,835,1784,863,795,1652,798,810,1608,761,793,1554,736,728,1461,4104,3960,8063,728,621,1347,670,640,1308,620,610,1226,567,566,1131,580,557,1139,3160,2992,6152,560,534,1091,564,577,1135,571,608,1178,569,609,1171,587,581,1168,2843,2906,5751,580,615,1200,515,619,1130,522,570,1095,511,557,1077,539,535,1077,2673,2903,5574,500,519
SED10073,570,517,1085,562,553,1113,532,555,1081,578,522,1097,607,582,1188,2844,2726,5568,594,550,1141,600,541,1140,582,540,1123,591,568,1161,544,528,1072,2909,2723,5629,531,441,973,470,472,939,508,428,932,484,443,926,463,376,841,2450,2161,4611,442,362,798,481,399,874,430,343,773,475,454,929,509,525,1037,2325,2090,4414,621,611,1231,687,666,1350,680,659,1341,771,722,1492,794,744,1547,3550,3406,6952,801,832,1627,855,843,1701,891,906,1795,884,957,1840,925,985,1913,4350,4527,8876,943,1039,1984,1009,1117,2120,1021,1076,2099,1021,990,2012,1015,998,2011,5004,5224,10223,965,994,1956,995,960,1948,949,984,1929,1002,936,1938,863,901,1759,4772,4772,9546,802,840,1642,755,698,1455,727,763,1488,702,704,1405,611,584,1194,3605,3587,7190,609,664,1269,572,583,1152,606,604,1209,525,586,1111,565,574,1135,2872,3008,5882,569,645,1220,548,571,1122,491,540,1034,475,585,1051,469,518,990,2551,2863,5413,546,554
SED10074,563,528,1090,584,529,1118,580,589,1171,548,524,1069,623,609,1230,2901,2785,5682,563,584,1147,601,587,1188,635,582,1218,623,545,1173,587,565,1155,3014,2865,5877,568,538,1106,616,532,1149,542,521,1064,552,493,1048,477,488,966,2755,2575,5330,487,513,999,518,415,933,488,397,883,487,438,924,448,463,910,2430,2222,4653,483,464,955,563,462,1021,495,462,959,581,521,1098,615,490,1105,2738,2399,5134,649,525,1181,672,565,1239,617,546,1167,628,595,1225,621,615,1230,3192,2851,6039,585,634,1216,609,703,1315,663,695,1355,644,677,1322,690,761,1448,3185,3468,6657,712,783,1498,771,815,1589,745,739,1483,806,777,1580,758,719,1473,3802,3827,7622,749,721,1467,712,610,1325,622,640,1263,588,588,1172,650,559,1209,3326,3113,6437,619,529,1147,561,567,1130,546,583,1129,542,603,1140,557,552,1107,2822,2832,5658,552,590,1139,525,518,1048,492,477,965,452,472,920,442,452,893,2464,2501,4969,446,500
SED10075,501,484,990,573,492,1069,522,503,1023,553,531,1081,526,501,1029,2674,2520,5194,593,512,1104,573,553,1124,561,541,1108,621,546,1170,584,555,1136,2930,2705,5636,589,550,1137,561,609,1169,644,558,1201,655,617,1274,586,527,1112,3037,2862,5897,599,568,1170,582,542,1122,615,535,1153,544,508,1053,581,575,1160,2916,2732,5651,574,477,1050,593,545,1135,507,526,1038,519,486,1005,514,532,1046,2714,2566,5281,516,526,1036,507,535,1044,503,508,1008,508,524,1032,491,563,1056,2520,2655,5175,481,544,1030,545,559,1101,548,558,1109,500,569,1065,533,595,1131,2606,2823,5429,521,609,1134,564,617,1179,514,571,1084,528,572,1096,534,543,1076,2666,2904,5571,539,556,1094,520,561,1082,529,581,1106,514,574,1087,530,547,1082,2629,2820,5450,520,559,1079,488,538,1025,566,601,1175,590,625,1214,624,617,1244,2792,2948,5735,587,621,1212,544,612,1156,494,537,1033,480,535,1012,492,538,1029,2600,2848,5447,527,571
SED10076,371,384,752,403,406,806,375,373,749,406,378,784,452,357,807,2000,1899,3900,415,364,778,420,377,802,400,376,768,429,442,873,440,385,826,2108,1947,4048,449,389,837,404,432,839,410,445,857,469,395,869,454,419,875,2194,2081,4272,431,430,860,435,354,789,391,372,762,344,335,679,378,293,672,1973,1787,3760,319,289,613,315,288,597,341,309,651,331,323,654,328,326,653,1628,1533,3168,314,376,687,406,349,754,334,363,702,350,378,731,396,367,758,1803,1827,3635,381,400,781,352,373,725,321,414,734,418,430,855,411,396,805,1879,2013,3895,342,399,738,369,432,801,400,418,812,389,417,810,395,396,792,1897,2061,3961,391,426,818,385,373,763,352,356,705,338,397,733,369,385,754,1833,1942,3769,372,405,781,361,388,747,415,399,813,434,428,869,477,459,933,2063,2076,4139,488,517,998,401,437,842,414,451,866,424,454,877,395,484,881,2127,2350,4475,447,455
SED10077,508,502,1003,499,476,978,453,489,941,435,432,867,493,459,956,2388,2358,4739,439,486,924,500,451,950,449,437,887,479,471,949,508,481,989,2375,2331,4706,454,427,885,430,468,893,460,452,910,431,468,900,434,471,908,2215,2282,4496,414,425,834,391,445,831,461,463,926,433,438,870,583,536,1117,2278,2301,4583,826,718,1543,1262,1038,2300,1351,1048,2404,1338,1163,2498,1280,1173,2451,6058,5135,11196,1350,1155,2510,1362,1222,2584,1370,1176,2540,1324,1148,2471,1222,1059,2282,6621,5762,12386,1260,1156,2416,1224,1066,2285,1173,1022,2200,1041,1007,2047,937,917,1860,5633,5167,10801,1000,882,1880,884,793,1684,824,770,1592,821,762,1583,777,715,1498,4310,3923,8231,668,604,1275,619,619,1240,594,556,1153,534,551,1087,506,590,1100,2926,2930,5856,528,541,1068,536,570,1104,521,627,1145,530,616,1147,567,636,1207,2683,2984,5673,498,641,1138,533,577,1110,523,597,1127,475,592,1068,490,529,1022,2518,2939,5460,504,503
SED10078,374,445,821,390,341,740,381,353,736,327,359,691,336,327,667,1813,1832,3644,374,338,715,373,298,671,368,331,698,350,371,721,376,356,733,1841,1701,3537,358,378,733,407,356,766,377,360,738,368,346,719,384,344,731,1895,1790,3681,353,342,696,365,282,646,365,305,665,308,294,599,374,344,717,1763,1563,3326,426,393,818,477,463,935,542,540,1085,561,617,1175,702,706,1401,2702,2717,5419,702,741,1441,772,831,1602,758,855,1608,825,872,1700,824,900,1724,3879,4204,8080,837,896,1734,793,895,1684,840,898,1742,775,841,1615,777,809,1587,4022,4343,8366,754,793,1544,743,738,1479,711,727,1436,627,716,1344,644,649,1300,3483,3621,7100,597,662,1258,566,588,1155,591,589,1182,539,548,1080,504,539,1040,2793,2934,5723,496,578,1076,520,534,1059,585,632,1227,528,550,1082,555,603,1158,2690,2911,5600,551,597,1151,499,568,1066,525,546,1072,474,499,972,443,477,924,2496,2687,5189,475,467
SED10079,379,371,748,339,326,671,373,342,714,399,373,772,413,405,819,1905,1812,3720,436,386,817,432,432,869,410,390,801,478,424,898,475,428,906,2228,2060,4289,455,452,904,451,431,887,445,415,863,472,469,945,475,436,911,2302,2204,4508,450,425,874,450,381,835,404,384,789,447,379,828,424,373,796,2178,1944,4115,438,382,828,413,375,789,396,371,766,367,353,713,380,312,694,1999,1790,3788,406,340,748,388,332,716,353,364,717,368,368,737,386,393,778,1900,1791,3697,344,334,675,347,378,731,352,408,752,326,399,720,402,379,784,1772,1898,3662,357,404,765,414,410,825,334,440,771,396,403,801,399,440,841,1899,2102,4000,407,389,801,374,425,801,389,395,784,378,404,783,376,412,789,1933,2028,3954,388,404,793,390,448,833,443,469,914,493,442,932,439,522,959,2157,2282,4441,517,533,1046,481,506,995,452,499,953,452,493,948,466,479,946,2380,2511,4890,469,506
SED10080,367,337,699,295,302,600,280,260,533,242,235,477,224,244,471,1400,1378,2779,217,227,449,191,190,382,213,177,391,211,191,397,166,194,360,993,984,1976,161,161,327,204,167,376,177,173,353,185,178,359,137,148,287,867,825,1690,153,176,336,156,160,314,149,155,300,188,213,397,310,318,627,949,1024,1975,448,517,970,554,621,1177,686,742,1429,895,903,1797,1086,1081,2167,3673,3864,7541,1183,1336,2521,1315,1417,2729,1478,1430,2906,1525,1430,2954,1557,1432,2993,7061,7046,14103,1653,1525,3184,1627,1489,3118,1506,1366,2871,1418,1265,2677,1298,1167,2458,7495,6812,14306,1282,1088,2370,1175,1007,2179,1188,1012,2207,1139,906,2044,944,823,1768,5731,4835,10567,961,769,1729,883,702,1583,843,611,1461,710,604,1321,715,537,1258,4120,3223,7344,646,533,1180,643,482,1127,599,494,1091,647,469,1115,646,513,1162,3189,2495,5679,638,518,1156,593,462,1060,570,457,1025,585,380,965,533,408,939,2914,2234,5144,550,360
SED10081,539,428,968,539,485,1022,547,474,1017,531,507,1036,544,441,986,2702,2338,5038,555,551,1099,583,540,1123,546,501,1053,621,540,1165,602,599,1205,2905,2735,5642,578,525,1107,620,567,1190,570,536,1108,595,536,1135,618,586,1205,2983,2753,5738,617,500,1126,581,513,1093,519,492,1010,506,459,962,428,411,841,2651,2377,5031,399,373,766,436,379,810,412,411,822,435,457,893,434,478,913,2113,2090,4199,469,470,935,472,524,992,480,516,995,502,512,1014,532,529,1056,2459,2543,4999,491,558,1049,523,559,1079,477,546,1017,489,527,1015,466,537,1005,2442,2726,5170,507,511,1018,489,501,988,429,454,889,425,509,932,505,503,1009,2355,2472,4830,472,527,1001,410,475,888,394,480,874,411,449,860,420,428,847,2109,2362,4469,434,404,835,463,462,924,447,465,913,479,498,981,480,519,1007,2302,2359,4663,448,515,963,468,507,973,493,471,959,439,467,904,470,483,960,2315,2443,4765,447,471
SED10082,359,368,730,376,365,741,386,375,755,435,409,843,467,407,876,2023,1925,3944,515,441,956,487,430,915,491,462,953,520,487,1001,471,478,950,2482,2294,4779,509,510,1022,528,510,1039,555,503,1056,550,481,1034,533,572,1098,2675,2571,5246,541,457,1003,545,528,1070,500,468,961,463,475,934,436,399,835,2483,2321,4805,412,404,820,419,381,794,358,344,705,369,365,734,346,331,674,1905,1819,3729,305,316,626,308,305,612,331,305,636,310,314,622,332,276,609,1585,1513,3094,307,344,654,311,341,653,357,368,720,351,386,736,356,432,785,1677,1868,3549,388,435,826,398,430,823,384,439,821,433,462,898,447,515,961,2049,2287,4340,459,513,970,460,436,899,391,486,878,442,509,953,440,503,944,2199,2444,4644,473,529,1006,456,479,934,515,504,1022,476,543,1020,569,589,1154,2486,2644,5135,548,603,1149,488,513,1000,474,547,1023,471,505,976,495,522,1019,2474,2694,5172,464,504
SED10083,429,422,850,444,438,880,438,413,854,480,410,892,466,431,898,2261,2111,4374,516,480,991,479,450,921,483,470,958,461,453,915,502,467,966,2433,2318,4754,501,463,966,514,474,995,531,472,1004,490,456,951,523,475,1000,2557,2352,4912,526,485,1015,471,461,933,430,405,836,434,389,829,437,365,806,2302,2114,4415,457,405,865,392,359,755,421,412,839,412,390,805,418,372,796,2105,1948,4056,413,394,806,374,406,781,402,413,811,375,438,811,383,476,855,1949,2125,4069,462,506,966,449,433,887,472,475,945,454,497,950,432,489,923,2271,2404,4672,467,493,960,433,482,912,467,526,994,468,513,984,460,483,949,2293,2499,4793,463,509,966,466,464,925,468,482,950,426,447,873,438,418,852,2261,2308,4570,419,467,887,439,496,928,486,510,1000,494,507,998,447,551,1002,2282,2530,4809,476,531,1007,461,522,985,450,484,938,435,458,892,413,445,865,2245,2443,4684,470,444
SED10084,354,365,719,402,379,779,430,345,772,432,401,837,387,417,806,2001,1908,3909,494,410,905,432,432,862,473,476,948,485,436,919,540,438,981,2424,2196,4614,523,423,947,482,464,947,492,475,964,512,471,988,486,434,923,2502,2272,4767,464,480,938,473,437,906,402,403,803,395,399,793,366,370,738,2095,2090,4182,368,364,734,357,354,711,387,354,743,335,308,642,306,293,601,1752,1679,3433,365,303,672,330,341,669,355,358,709,317,380,692,328,407,733,1690,1786,3473,348,387,737,389,448,840,396,416,816,350,443,794,399,510,911,1894,2209,4108,432,468,900,463,484,950,434,513,945,457,489,948,453,509,958,2231,2458,4693,392,475,865,437,510,955,444,469,916,441,503,946,446,503,945,2163,2462,4629,463,502,966,480,493,975,468,530,995,519,526,1043,530,588,1119,2459,2641,5105,498,569,1064,454,491,941,519,517,1034,400,471,870,448,486,936,2320,2532,4854,426,489
SED10085,445,404,843,465,396,860,490,422,911,429,444,876,463,478,942,2289,2136,4428,555,498,1058,523,494,1019,572,510,1081,561,500,1060,554,551,1105,2767,2551,5317,556,560,1108,555,561,1111,549,498,1046,544,511,1061,638,539,1178,2840,2672,5510,547,495,1040,502,480,978,533,499,1029,583,398,978,503,388,892,2660,2253,4916,441,385,832,458,362,822,401,357,762,445,363,812,409,362,771,2157,1836,3993,435,395,828,454,392,845,456,450,906,433,457,890,471,482,950,2246,2179,4420,484,492,979,490,477,966,472,510,982,491,460,955,484,474,956,2423,2415,4840,468,484,951,446,497,947,493,471,962,462,511,973,454,476,932,2325,2439,4764,455,443,902,440,479,922,483,453,938,457,430,885,450,433,878,2286,2240,4526,469,465,933,490,492,976,480,518,997,519,498,1018,530,593,1121,2478,2567,5044,558,580,1139,530,521,1055,514,529,1047,498,537,1036,536,480,1013,2638,2650,5293,523,562
SED10086,476,442,916,419,408,819,387,391,776,355,354,713,391,392,783,2025,1992,4012,350,393,742,404,366,769,384,386,767,435,405,842,418,409,831,1990,1962,3951,438,413,846,441,449,888,441,410,853,490,451,938,414,450,866,2231,2162,4395,449,427,879,446,419,862,380,383,764,384,371,754,352,286,637,2018,1881,3903,330,354,691,335,391,726,330,382,711,416,510,928,411,585,999,1823,2230,4054,508,679,1187,560,770,1329,642,809,1447,746,874,1626,762,966,1728,3217,4106,7318,813,972,1792,782,930,1713,803,883,1687,796,851,1651,732,852,1589,3931,4499,8430,689,778,1468,644,744,1387,624,667,1295,607,621,1226,589,667,1260,3154,3483,6633,602,596,1196,501,566,1067,510,542,1048,522,530,1055,490,520,1018,2628,2752,5381,515,539,1054,509,536,1042,507,548,1055,540,598,1133,517,588,1105,2587,2805,5394,574,589,1160,471,563,1034,448,507,959,455,474,927,445,447,885,2393,2576,4976,413,425
SED10087,536,562,1105,529,524,1056,542,538,1079,532,517,1053,562,572,1137,2701,2712,5414,573,517,1094,607,499,1108,547,565,1110,575,505,1079,613,507,1122,2907,2598,5509,531,588,1117,567,536,1103,599,592,1193,551,545,1093,569,576,1144,2818,2838,5658,500,503,1009,528,535,1064,502,494,991,618,599,1211,628,567,1200,2779,2700,5478,640,634,1271,576,572,1152,545,600,1147,524,585,1110,558,587,1152,2849,2981,5834,539,583,1123,519,577,1095,559,586,1148,580,596,1177,576,536,1114,2774,2878,5658,513,588,1095,590,552,1147,540,548,1092,488,532,1023,511,550,1058,2647,2774,5418,541,544,1086,512,588,1094,461,582,1040,482,520,1003,481,553,1039,2474,2788,5262,447,489,936,483,424,904,504,458,958,423,462,887,423,458,886,2278,2292,4568,437,465,906,417,431,850,491,500,988,418,458,881,521,502,1020,2281,2359,4639,530,530,1066,463,490,954,443,494,942,419,480,896,431,429,862,2287,2420,4708,460,431
SED10088,516,453,961,455,413,867,480,468,943,483,470,957,543,508,1046,2469,2307,4775,547,507,1055,533,520,1060,529,499,1033,565,491,1058,568,493,1063,2743,2519,5262,581,529,1110,590,568,1160,555,530,1089,593,571,1168,590,559,1147,2909,2767,5677,585,549,1136,546,508,1059,595,467,1064,589,478,1059,503,444,947,2819,2450,5269,534,456,989,510,490,999,514,474,985,487,448,936,485,419,901,2527,2292,4818,475,443,917,430,404,838,432,439,864,429,459,882,425,497,920,2195,2233,4426,476,480,951,462,523,982,488,520,1012,498,508,1002,495,535,1032,2414,2566,4981,519,570,1086,492,586,1082,560,645,1205,576,605,1183,531,631,1167,2680,3042,5723,590,619,1208,615,579,1196,588,590,1179,581,598,1183,610,629,1232,2992,3013,6000,601,622,1221,646,686,1332,572,655,1236,648,649,1304,673,733,1404,3145,3349,6495,699,737,1437,618,654,1267,644,676,1317,535,615,1154,522,545,1067,3015,3227,6245,553,514
SED10089,535,507,1047,538,482,1017,499,470,967,480,486,967,478,462,943,2539,2404,4940,530,508,1036,531,492,1021,544,495,1043,595,488,1081,527,537,1061,2725,2519,5244,558,480,1043,530,503,1032,525,490,1012,494,495,989,475,496,972,2578,2472,5053,555,504,1053,474,459,930,516,458,975,612,664,1266,745,808,1557,2899,2887,5783,839,837,1677,842,782,1619,766,690,1455,742,692,1438,707,700,1397,3894,3696,7592,736,624,1358,681,660,1343,733,675,1407,671,663,1330,628,635,1268,3444,3255,6701,653,657,1316,639,676,1320,648,603,1249,631,635,1269,601,587,1183,3171,3161,6333,621,609,1232,623,636,1261,627,573,1204,531,607,1139,585,535,1121,2984,2966,5951,496,587,1086,553,513,1062,469,538,1007,516,473,988,470,515,992,2509,2628,5129,505,515,1014,471,514,987,519,507,1027,529,575,1100,538,569,1105,2556,2672,5228,512,545,1061,482,520,1004,478,480,953,427,447,880,460,486,945,2364,2481,4848,457,456
SED10090,457,438,892,459,438,895,516,440,959,503,458,958,542,480,1021,2479,2251,4728,549,532,1076,574,574,1154,590,538,1128,632,561,1189,538,571,1110,2878,2778,5658,543,591,1134,592,561,1147,580,555,1142,543,537,1082,519,536,1060,2783,2782,5561,514,534,1053,509,479,990,456,449,910,432,369,801,463,393,858,2378,2231,4607,413,423,842,450,446,887,446,409,856,443,442,887,465,459,928,2217,2177,4395,470,484,957,520,507,1027,464,566,1032,479,594,1071,535,576,1113,2471,2732,5205,524,643,1163,585,650,1234,591,641,1228,576,734,1308,616,670,1287,2897,3334,6226,655,705,1366,655,768,1424,649,810,1459,691,804,1493,742,808,1547,3393,3890,7285,704,790,1496,689,750,1439,692,750,1439,663,710,1370,672,746,1419,3417,3747,7165,630,724,1356,607,691,1296,644,723,1362,666,739,1402,600,664,1265,3142,3537,6686,650,707,1355,556,639,1196,560,586,1146,466,593,1060,515,539,1045,2747,3062,5807,466,520
SED10091,507,497,999,510,546,1049,573,502,1075,574,481,1053,540,537,1077,2703,2555,5257,558,518,1079,520,525,1049,614,508,1118,595,507,1100,586,535,1114,2874,2589,5465,578,554,1135,572,588,1156,600,569,1169,601,569,1170,584,573,1157,2937,2853,5789,544,554,1098,566,566,1128,580,504,1078,551,499,1051,494,421,914,2732,2549,5277,489,445,934,514,410,918,420,406,822,450,416,864,394,385,775,2253,2063,4321,379,394,777,425,436,860,443,428,873,442,479,919,431,475,910,2129,2212,4338,502,524,1023,465,497,959,495,468,963,495,507,1006,463,487,948,2416,2484,4897,511,534,1042,468,496,967,484,529,1011,550,528,1079,476,463,934,2490,2551,5042,469,501,971,457,473,936,462,480,945,444,489,933,467,528,991,2297,2472,4772,460,506,965,524,550,1079,530,577,1107,540,570,1108,597,615,1213,2652,2818,5474,548,624,1174,574,548,1125,537,536,1073,555,483,1037,498,581,1074,2715,2778,5485,457,481
SED10092,487,436,918,453,417,869,455,421,870,443,413,864,445,412,862,2282,2097,4382,484,396,874,421,397,817,414,420,833,433,424,863,437,424,857,2187,2059,4247,425,394,819,400,436,837,412,417,831,426,427,849,466,406,870,2135,2082,4216,426,380,814,447,414,860,432,393,831,467,446,908,546,586,1134,2318,2225,4544,616,682,1300,657,721,1382,765,822,1591,804,832,1631,829,753,1581,3672,3816,7487,840,752,1598,775,760,1539,744,724,1469,767,640,1408,716,688,1404,3857,3566,7417,678,677,1352,685,646,1332,617,613,1223,574,573,1144,570,552,1116,3112,3060,6173,584,560,1138,550,549,1097,488,529,1018,531,495,1033,544,476,1014,2695,2610,5301,477,457,936,490,489,980,449,477,930,467,418,887,465,463,932,2355,2305,4659,482,457,946,476,449,922,502,505,1011,524,521,1042,515,527,1044,2504,2457,4958,534,508,1037,477,496,971,472,490,960,466,510,972,501,552,1047,2445,2553,5002,521,474
SED10093,525,478,1002,520,508,1028,520,506,1027,542,516,1056,520,562,1087,2630,2569,5201,535,504,1040,579,511,1088,529,549,1084,559,494,1057,516,513,1033,2721,2573,5290,590,521,1108,538,552,1092,587,561,1149,589,518,1109,598,554,1154,2902,2708,5609,576,561,1135,525,540,1068,545,505,1055,550,510,1057,528,459,982,2718,2580,5297,474,498,976,502,512,1012,495,463,953,509,508,1015,467,475,946,2439,2456,4900,471,486,960,533,497,1026,493,558,1047,512,542,1052,492,547,1042,2504,2631,5136,465,488,949,491,529,1021,487,522,1006,466,538,1004,454,526,980,2354,2606,4958,486,535,1019,494,501,988,496,492,985,502,514,1014,482,509,994,2458,2547,5009,447,516,958,484,489,972,489,514,1001,451,528,987,469,490,950,2330,2535,4871,453,508,964,435,568,1003,523,488,1015,545,538,1086,523,597,1122,2484,2713,5190,541,588,1130,528,555,1082,512,548,1057,466,471,937,479,494,972,2527,2649,5180,466,477
SED19494,51,33,89,55,46,101,50,37,95,48,50,102,45,38,82,258,203,460,39,44,86,44,45,89,34,46,78,49,45,98,42,50,84,199,227,428,28,44,73,41,41,77,28,33,60,48,43,93,34,26,59,185,185,369,33,50,83,47,49,96,51,60,114,58,67,121,62,60,123,253,279,532,60,70,135,75,87,158,91,77,169,89,90,171,91,99,189,411,418,829,115,106,223,122,103,220,101,117,219,120,123,242,127,82,211,586,533,1118,117,109,229,111,99,211,143,99,245,103,87,190,102,98,201,574,495,1068,124,77,203,90,79,177,129,87,212,117,68,185,103,78,176,562,392,954,111,79,189,101,61,161,134,79,214,94,72,166,105,62,168,542,357,902,101,63,160,104,76,177,130,68,192,117,65,183,97,64,161,540,332,877,106,75,185,78,66,145,113,69,182,84,49,136,82,72,153,473,333,801,103,62
SED19797,0,0,0,0,0,0,0,0,0,0,0,0,0,0,0,0,0,0,0,0,0,0,0,0,0,0,0,0,0,0,0,0,0,0,0,0,0,0,0,0,0,0,0,0,0,0,0,0,0,0,0,0,0,0,0,0,0,0,0,0,0,0,0,0,0,0,0,0,0,0,0,0,0,0,0,0,0,0,0,0,0,0,0,0,0,0,0,0,0,0,0,0,0,0,0,0,0,0,0,0,0,0,0,0,0,0,0,0,0,0,0,0,0,0,0,0,0,0,0,0,0,0,0,0,0,0,0,0,0,0,0,0,0,0,0,0,0,0,0,0,0,0,0,0,0,0,0,0,0,0,0,0,0,0,0,0,0,0,0,0,0,0,0,0,0,0,0,0,0,0,0,0,0,0,0,0,0,0,0,0,0,0,0,0,0,0,0,0,0,0,0,0,0,0,0,0,0,0,0,0
