UCL_CODE_2016,Sme_Usl_ad_1_yr_ago_as_2016_M,Sme_Usl_ad_1_yr_ago_as_2016_F,Sme_Usl_ad_1_yr_ago_as_2016_P,Dif_Usl_ad_1_yr_ago_Sme_SA2_M,Dif_Usl_ad_1_yr_ago_Sme_SA2_F,Dif_Usl_ad_1_yr_ago_Sme_SA2_P,Dif_Us_ad_1_ago_Dif_SA2_NSW_M,Dif_Us_ad_1_ago_Dif_SA2_NSW_F,Dif_Us_ad_1_ago_Dif_SA2_NSW_P,Dif_Us_ad_1_ago_Dif_SA2_Vic_M,Dif_Us_ad_1_ago_Dif_SA2_Vic_F,Dif_Us_ad_1_ago_Dif_SA2_Vic_P,Dif_Us_ad_1_ago_Dif_SA2_Qld_M,Dif_Us_ad_1_ago_Dif_SA2_Qld_F,Dif_Us_ad_1_ago_Dif_SA2_Qld_P,Dif_Us_ad_1_ago_Dif_SA2_SA_M,Dif_Us_ad_1_ago_Dif_SA2_SA_F,Dif_Us_ad_1_ago_Dif_SA2_SA_P,Dif_Us_ad_1_ago_Dif_SA2_WA_M,Dif_Us_ad_1_ago_Dif_SA2_WA_F,Dif_Us_ad_1_ago_Dif_SA2_WA_P,Dif_Us_ad_1_ago_Dif_SA2_Tas_M,Dif_Us_ad_1_ago_Dif_SA2_Tas_F,Dif_Us_ad_1_ago_Dif_SA2_Tas_P,Dif_Us_ad_1_ago_Dif_SA2_NT_M,Dif_Us_ad_1_ago_Dif_SA2_NT_F,Dif_Us_ad_1_ago_Dif_SA2_NT_P,Dif_Us_ad_1_ago_Dif_SA2_ACT_M,Dif_Us_ad_1_ago_Dif_SA2_ACT_F,Dif_Us_ad_1_ago_Dif_SA2_ACT_P,Dif_Us_ad_1_ago_Dif_SA2_OT_M,Dif_Us_ad_1_ago_Dif_SA2_OT_F,Dif_Us_ad_1_ago_Dif_SA2_OT_P,Dif_Us_ad_1_ago_Dif_SA2_Tot_M,Dif_Us_ad_1_ago_Dif_SA2_Tot_F,Dif_Us_ad_1_ago_Dif_SA2_Tot_P,Difnt_Usl_add_1_yr_ago_OS_M,Difnt_Usl_add_1_yr_ago_OS_F,Difnt_Usl_add_1_yr_ago_OS_P,Difnt_Usl_add_1_yr_ago_Ns_M,Difnt_Usl_add_1_yr_ago_Ns_F,Difnt_Usl_add_1_yr_ago_Ns_P,Difnt_Usl_add_1_yr_ago_Tot_M,Difnt_Usl_add_1_yr_ago_Tot_F,Difnt_Usl_add_1_yr_ago_Tot_P,N_stated_M,N_stated_F,N_stated_P,Tot_M,Tot_F,Tot_P
UCL101001,1619566,1680476,3300041,54176,54347,108522,186670,189275,375941,4606,4191,8796,5187,5041,10230,1539,1351,2884,2714,2262,4974,328,320,652,605,486,1086,1420,1476,2893,48,24,64,203115,204419,407534,55927,61438,117362,4170,3679,7847,317392,323875,641272,166775,159980,326751,2103733,2164331,4268067
UCL102001,13757,13762,27519,528,556,1079,1111,1128,2238,99,85,181,116,113,226,36,25,66,37,39,79,9,3,16,17,24,42,566,571,1140,0,0,0,1994,1986,3979,211,206,423,44,32,72,2776,2781,5554,1392,1376,2773,17924,17923,35841
UCL102002,115607,123503,239106,4259,4802,9056,13507,14661,28164,155,156,313,404,435,841,52,69,119,120,113,232,26,29,50,38,50,89,63,80,140,3,0,3,14361,15581,29940,754,887,1641,348,349,699,19726,21615,41340,11520,12386,23904,146848,157502,304352
UCL102003,21303,23344,44646,1033,1130,2162,1772,1948,3716,121,111,228,1046,1141,2190,22,17,38,37,52,91,25,19,46,22,21,40,28,27,58,0,0,0,3068,3345,6409,202,181,382,63,76,142,4367,4732,9104,2589,2897,5484,28257,30974,59231
UCL102004,123040,128169,251207,4426,4536,8961,15115,16292,31409,255,263,518,561,549,1110,100,83,185,160,156,313,39,48,88,76,80,158,104,102,207,3,3,6,16415,17583,33998,1429,1535,2967,363,335,697,22633,23992,46621,10312,10484,20793,155986,162642,318627
UCL102005,101438,105354,206792,3500,3604,7103,10422,11102,21526,156,164,321,311,284,593,50,41,92,117,100,219,22,23,44,48,34,78,119,119,242,0,0,0,11249,11863,23104,1595,1399,2995,258,214,476,16603,17081,33680,9252,9234,18485,127291,131668,258965
UCL111001,16972,18196,35168,947,1013,1956,1603,1863,3473,625,643,1263,113,130,247,40,39,76,44,36,77,16,18,32,22,16,40,21,22,48,0,0,3,2481,2770,5251,149,181,328,69,63,130,3642,4025,7671,2185,2310,4494,22800,24533,47331
UCL111002,29442,30743,60186,1488,1611,3096,3405,3714,7120,39,54,97,145,184,324,18,20,40,42,43,91,7,4,8,21,14,34,12,12,25,0,3,7,3690,4052,7741,134,170,303,87,76,158,5396,5910,11308,2686,2810,5490,37526,39462,76981
UCL112001,6722,7285,14008,946,1095,2040,610,751,1362,24,27,48,77,103,179,0,3,3,14,13,24,8,3,9,9,5,16,13,9,18,0,0,0,744,912,1657,178,228,408,27,23,53,1896,2259,4157,952,1034,1990,9574,10580,20153
UCL112002,11808,12410,24215,1036,1137,2172,1359,1440,2797,28,25,56,59,54,117,3,11,13,23,10,37,0,7,8,4,6,12,13,18,25,0,0,0,1499,1570,3065,90,103,194,49,30,73,2662,2834,5502,1942,1505,3445,16414,16746,33163
UCL112003,11018,12141,23153,453,457,909,1038,1075,2117,16,40,58,24,25,51,10,9,17,14,14,26,7,11,19,10,9,13,11,9,18,0,0,0,1125,1192,2323,120,146,269,32,26,55,1734,1821,3558,1091,1249,2339,13845,15208,29049
UCL112004,7530,8761,16294,418,443,865,893,1064,1955,18,15,34,29,41,72,8,3,9,6,9,11,5,9,12,7,3,6,15,17,34,0,0,0,980,1154,2130,60,63,119,14,11,20,1467,1671,3141,840,968,1802,9836,11401,21241
UCL112005,7651,8307,15959,606,712,1314,691,705,1393,6,10,14,42,40,87,3,4,9,8,9,19,0,7,9,0,0,3,3,4,12,0,0,0,762,775,1538,16,13,34,30,42,68,1410,1541,2956,1611,917,2525,10668,10764,21430
UCL112006,17024,18594,35612,1020,1189,2206,1944,2149,4102,81,90,173,219,230,454,17,17,40,34,41,81,12,12,19,19,20,34,12,18,27,0,0,0,2338,2582,4918,180,261,436,87,75,163,3625,4097,7728,2088,2315,4400,22733,25007,47742
UCL112007,11822,12978,24804,760,849,1613,1667,1822,3497,48,61,110,94,99,195,20,15,32,18,20,37,5,3,8,3,4,9,7,11,16,0,0,0,1865,2043,3906,131,137,268,40,29,70,2800,3057,5856,1505,1655,3157,16123,17688,33813
UCL112008,7997,8393,16391,828,897,1722,545,571,1111,20,17,36,34,37,68,4,3,10,13,12,26,0,0,0,0,4,6,42,48,92,0,0,0,656,696,1354,77,80,157,31,15,44,1595,1684,3272,1498,1000,2495,11088,11070,22160
UCL112009,9669,10775,20448,619,665,1281,1026,1088,2113,38,32,72,154,153,305,15,8,15,15,10,29,4,9,12,8,11,18,3,4,3,3,4,4,1257,1308,2574,51,61,116,54,51,104,1984,2088,4069,1353,1422,2771,13002,14287,27290
UCL112010,852,825,1681,27,24,53,18,23,43,67,88,157,0,0,0,11,8,19,3,3,3,0,0,0,0,0,0,0,0,0,0,0,0,107,122,229,0,3,3,3,5,3,132,157,287,79,70,153,1066,1053,2113
UCL112011,10838,11551,22383,748,825,1578,1189,1307,2497,22,23,43,56,75,131,9,11,22,22,28,51,4,6,7,17,13,24,20,25,43,3,3,4,1337,1491,2826,69,78,151,31,43,79,2196,2433,4633,1997,1441,3437,15030,15425,30453
UCL112012,13129,14115,27248,980,1056,2031,1753,1847,3599,28,25,57,69,77,149,8,8,15,31,34,66,3,12,13,3,9,13,21,21,40,0,0,0,1921,2032,3957,96,127,225,49,30,79,3050,3243,6292,1503,1599,3106,17680,18962,36644
UCL112013,15893,17848,33744,1077,1195,2268,1775,1944,3722,60,56,112,168,169,338,9,19,23,19,23,43,12,7,22,7,5,13,22,27,55,0,0,0,2073,2251,4322,116,121,236,51,60,113,3310,3626,6939,1781,1957,3738,20989,23432,44425
UCL112014,11549,12850,24401,806,958,1763,1486,1605,3095,32,26,60,128,110,238,24,15,38,6,9,18,5,5,9,7,8,18,6,5,11,0,0,0,1696,1796,3492,223,136,358,38,34,75,2764,2932,5691,1689,1668,3359,15999,17446,33445
UCL112015,17332,18558,35894,1028,1187,2220,2153,2355,4503,140,151,292,164,172,333,45,35,80,40,38,80,10,9,22,19,20,37,44,45,92,0,0,3,2610,2835,5442,184,193,380,60,42,102,3879,4252,8134,1766,1813,3572,22976,24627,47604
UCL113001,5813,6407,12221,442,521,965,513,603,1118,16,30,42,117,124,248,7,3,8,7,7,13,5,4,7,4,5,7,9,5,12,0,0,0,677,776,1456,42,45,89,25,39,61,1188,1391,2578,719,853,1576,7724,8650,16371
UCL113002,4025,4448,8475,220,240,458,423,444,869,18,25,46,25,32,53,12,4,10,10,3,11,4,8,8,3,3,8,57,48,102,0,0,0,546,568,1113,19,25,43,18,17,36,810,848,1649,535,523,1061,5365,5820,11185
UCL113003,6730,7085,13818,587,688,1271,126,145,271,32,38,66,25,28,53,66,53,118,16,18,27,3,3,8,6,5,11,11,6,17,0,0,0,283,289,571,17,26,46,20,16,33,906,1020,1922,823,837,1661,8457,8944,17402
UCL113004,2048,2159,4208,130,149,276,32,34,67,212,249,453,11,13,27,0,3,9,9,7,13,0,0,0,0,3,5,0,0,0,0,0,0,265,311,570,18,15,33,8,5,11,419,480,894,221,240,461,2690,2879,5565
UCL113005,7106,7853,14964,526,584,1114,753,820,1576,16,20,36,35,32,68,0,0,7,3,3,5,0,0,0,4,0,3,0,3,4,0,0,0,814,880,1699,29,36,63,33,33,65,1407,1537,2938,866,1011,1877,9376,10400,19775
UCL113006,5982,6601,12579,555,618,1172,415,422,833,18,13,29,85,115,197,0,0,0,7,11,14,0,0,0,8,7,19,6,8,11,0,0,0,543,571,1117,12,21,38,26,17,41,1136,1230,2361,900,732,1633,8012,8571,16577
UCL113007,6832,7027,13860,647,715,1364,362,349,712,47,44,93,39,44,79,20,11,30,13,10,23,3,0,3,0,3,4,5,9,21,0,0,0,488,471,959,178,164,336,21,12,38,1341,1367,2699,1020,1027,2050,9194,9423,18615
UCL113008,3538,3903,7445,318,373,694,211,229,443,3,11,13,18,24,41,0,0,7,5,4,5,0,0,0,0,3,3,0,0,0,0,0,0,247,273,519,26,25,50,25,25,46,615,695,1306,1073,688,1761,5223,5283,10507
UCL113009,5349,5439,10794,242,251,489,415,472,890,3,16,21,15,10,30,5,0,4,8,10,20,3,3,4,0,0,0,8,10,17,0,0,0,458,527,984,36,40,73,10,6,21,749,818,1568,463,491,954,6562,6751,13311
UCL113010,6559,6604,13166,357,330,688,561,618,1181,5,6,15,25,23,50,0,0,0,4,4,12,0,0,0,3,3,5,0,0,3,0,0,0,603,659,1267,16,19,35,21,15,44,1000,1023,2027,647,743,1385,8207,8375,16576
UCL113011,4319,4481,8804,323,392,710,297,322,614,0,4,4,13,16,26,4,3,9,0,0,0,0,0,3,0,0,0,0,0,0,0,0,0,316,344,663,17,20,35,13,11,24,665,770,1437,547,599,1148,5528,5856,11381
UCL113012,7003,7430,14429,415,435,857,820,898,1724,27,18,47,41,36,73,10,3,21,14,11,19,0,0,0,3,3,5,0,3,5,0,0,0,912,979,1894,32,36,72,21,12,28,1377,1471,2846,635,641,1279,9016,9537,18556
UCL113013,3787,4044,7829,434,422,853,391,408,800,0,3,9,46,42,93,15,6,18,14,8,18,7,3,6,0,3,5,0,3,7,0,0,0,475,483,959,21,26,47,7,12,17,937,943,1882,536,554,1093,5266,5541,10802
UCL113014,3939,3838,7776,361,405,764,307,336,644,7,8,14,36,45,76,3,5,9,10,10,22,0,0,4,0,0,7,0,0,0,0,0,0,365,409,775,19,28,50,11,18,32,758,866,1623,437,407,844,5133,5108,10242
UCL113015,4954,5294,10248,468,493,955,478,520,994,17,18,35,52,53,101,8,11,16,14,10,20,5,10,12,0,3,4,3,9,16,0,0,0,572,623,1193,52,55,104,32,49,82,1122,1209,2335,623,658,1284,6706,7162,13863
UCL113016,4976,5151,10126,314,390,706,420,441,860,10,13,19,31,27,57,11,7,17,9,4,9,3,0,4,6,5,16,5,5,12,0,0,0,496,502,998,19,27,45,21,15,33,844,929,1775,598,619,1211,6415,6699,13116
UCL113017,4952,4998,9948,513,518,1031,325,388,716,6,10,17,71,68,135,9,4,17,14,27,38,0,0,0,16,15,29,3,6,10,0,0,0,451,508,953,26,32,65,19,22,38,1003,1078,2086,522,489,1004,6474,6568,13039
UCL113018,3779,4046,7822,249,299,544,365,363,730,15,15,27,26,20,50,0,4,3,0,0,4,4,7,10,3,8,13,18,12,25,5,11,16,432,433,867,23,18,37,13,10,25,716,766,1479,375,377,750,4873,5180,10056
UCL113019,6600,7308,13912,567,634,1205,518,522,1039,4,15,19,38,32,78,3,0,6,3,4,12,3,3,5,4,0,4,0,3,3,0,0,0,579,578,1161,18,33,53,41,45,87,1210,1294,2502,754,767,1516,8557,9374,17932
UCL113020,4842,5142,9983,441,474,913,351,368,716,16,16,27,22,21,41,5,4,9,4,6,15,0,3,6,3,0,4,29,33,62,0,0,0,440,449,888,34,38,64,9,19,31,926,977,1897,506,555,1065,6281,6673,12947
UCL114001,1816,2237,4056,85,106,190,152,182,334,5,3,8,19,23,42,0,0,0,7,3,5,0,0,3,0,0,4,0,0,4,0,0,0,186,224,403,7,3,16,0,8,12,279,338,621,144,200,341,2237,2774,5011
UCL114002,1934,1941,3884,81,107,187,169,200,371,14,7,23,9,9,19,0,0,0,0,0,0,0,0,0,0,3,3,0,0,3,0,0,0,198,220,419,9,11,23,0,3,3,285,342,630,231,279,515,2455,2568,5023
UCL114003,2873,3030,5904,279,303,580,231,305,539,47,71,119,73,77,153,3,4,10,6,8,16,3,4,9,3,3,8,0,3,5,0,0,0,380,480,859,90,129,221,21,20,40,762,934,1699,770,794,1566,4405,4758,9168
UCL114004,2795,2949,5743,195,244,443,211,242,452,7,8,14,39,33,67,0,5,6,7,3,7,4,3,6,0,0,7,6,3,5,0,0,0,271,293,559,12,13,24,13,8,21,487,557,1042,339,368,708,3623,3870,7494
UCL114005,3556,3929,7479,334,361,690,245,278,522,5,12,16,68,62,136,4,4,10,3,3,6,3,3,5,4,0,4,0,0,0,0,0,0,336,362,695,7,9,20,15,18,32,690,750,1440,448,458,909,4697,5139,9833
UCL114006,2281,2374,4656,184,205,390,135,166,303,12,11,21,16,12,31,0,3,3,0,3,3,0,3,4,3,3,11,15,15,35,0,0,0,185,219,402,19,13,36,6,3,9,393,451,843,496,329,823,3173,3149,6324
UCL114007,2137,2322,4456,184,190,372,102,111,213,11,5,19,7,17,25,3,3,5,5,5,10,3,5,4,3,3,7,9,4,17,0,0,0,132,157,291,6,14,19,4,3,12,331,364,696,232,233,469,2700,2924,5617
UCL114008,2008,2117,4128,166,182,341,57,60,118,63,75,136,12,10,29,10,6,13,3,3,5,0,0,0,0,0,0,0,3,3,0,0,0,145,157,302,4,9,14,3,3,9,321,350,669,242,254,490,2571,2720,5293
UCL114009,3051,3285,6341,234,281,516,177,196,374,0,3,6,24,15,40,0,0,7,0,4,4,0,0,0,0,3,3,7,6,15,0,0,0,212,229,448,8,5,14,15,8,23,471,534,1002,378,411,785,3905,4231,8131
UCL114010,2490,2667,5160,220,273,490,79,76,160,47,68,118,9,7,12,8,3,17,7,4,7,0,0,0,0,0,3,3,0,4,0,0,0,157,162,321,16,17,35,8,3,18,404,453,861,357,392,749,3251,3520,6768
UCL114011,2626,2695,5318,267,299,566,120,145,263,3,3,5,13,14,27,0,0,0,5,8,8,0,0,0,0,6,7,3,3,7,0,0,0,142,179,321,9,8,16,7,4,10,422,492,913,361,356,714,3407,3543,6956
UCL114012,1784,1972,3760,195,228,420,100,85,187,3,3,3,32,28,58,0,0,5,0,3,10,0,0,0,0,0,3,3,3,8,0,0,0,137,138,275,7,9,16,6,13,20,343,376,724,291,327,615,2425,2679,5108
UCL114013,2875,3006,5887,282,326,609,234,221,460,0,8,7,54,43,95,6,3,12,13,9,17,0,0,0,0,3,3,0,0,0,0,0,0,306,287,591,19,16,33,17,13,26,619,645,1267,339,375,717,3839,4030,7868
UCL114014,2482,2547,5027,117,106,225,174,163,340,11,6,11,0,5,10,0,0,0,3,3,5,3,3,3,0,0,0,0,0,3,0,0,0,200,180,376,10,16,23,4,11,16,327,307,637,160,158,319,2974,3009,5982
UCL114015,3265,3681,6944,457,531,988,246,236,481,7,6,10,54,55,106,3,0,3,6,3,11,0,0,0,0,4,6,0,0,0,0,0,0,312,309,619,18,17,33,24,15,40,803,866,1674,375,425,800,4439,4977,9415
UCL114016,2492,2640,5126,247,272,519,143,156,294,15,16,30,25,28,47,0,3,7,3,3,10,4,0,3,0,0,0,3,5,13,0,0,0,191,213,405,21,14,37,7,20,26,468,515,985,344,387,727,3306,3537,6843
UCL114017,2238,2390,4629,158,169,327,188,244,431,18,22,39,33,44,79,5,3,6,3,8,9,0,3,3,8,3,9,3,0,3,0,0,0,254,328,582,20,26,53,10,3,16,445,531,970,231,209,441,2908,3127,6039
UCL114018,3454,3513,6964,189,192,379,355,329,688,9,8,22,18,21,43,11,5,18,6,9,15,0,4,4,19,16,30,3,6,7,0,0,0,422,409,834,12,13,29,8,14,19,630,621,1254,339,315,657,4427,4451,8878
UCL114019,2685,2959,5650,243,262,509,179,209,383,61,59,125,16,13,34,3,3,7,5,3,14,0,3,4,0,0,0,38,40,76,0,0,0,303,330,638,19,19,40,13,10,17,580,627,1206,288,331,616,3549,3919,7466
UCL114020,2602,2636,5237,246,309,553,147,164,310,3,7,7,33,40,74,0,0,0,3,3,3,0,0,0,3,0,5,0,0,0,0,0,0,188,214,400,10,12,26,14,13,29,461,541,1007,507,499,1007,3565,3680,7244
UCL114021,2900,3091,5992,140,170,314,340,326,670,4,9,12,17,22,41,0,0,0,3,0,5,0,3,6,3,0,3,6,4,8,0,0,0,370,369,737,82,54,136,6,9,17,599,602,1204,292,285,579,3796,3972,7769
UCL114022,3329,3679,7012,206,250,464,294,333,630,17,14,38,105,109,214,0,6,6,5,10,13,6,5,11,3,4,12,0,0,0,0,0,0,436,480,916,15,23,37,10,15,23,667,772,1436,343,365,717,4344,4814,9162
UCL114023,2251,2462,4716,143,171,309,188,223,412,11,6,20,41,55,95,3,4,3,7,5,11,3,0,0,3,0,3,5,4,16,0,0,0,260,306,562,3,10,15,18,10,29,423,500,919,297,331,632,2975,3290,6262
UCL114024,2132,2234,4364,173,207,377,131,139,270,12,8,19,21,19,37,0,0,0,0,3,3,0,0,0,0,0,0,0,0,0,0,0,0,165,164,330,7,11,15,4,0,4,353,381,734,330,389,718,2809,3008,5814
UCL114025,3598,3878,7477,362,380,744,187,204,397,10,12,15,24,26,50,5,4,9,5,0,5,0,0,0,3,8,9,3,9,11,0,0,0,242,264,499,13,17,28,9,9,16,628,672,1297,500,544,1045,4720,5090,9815
UCL114026,2347,2546,4896,198,226,428,167,206,373,8,15,26,88,113,202,3,3,6,4,6,11,3,0,4,6,3,8,0,0,0,0,0,0,279,347,623,16,11,29,18,17,38,514,607,1124,230,226,458,3094,3381,6471
UCL114027,1952,2102,4056,136,148,287,160,175,333,8,5,10,9,12,15,0,0,0,0,3,3,0,0,3,3,8,11,0,0,3,0,0,0,179,205,381,12,12,21,5,0,9,331,368,704,218,264,477,2506,2732,5237
UCL114028,1882,1921,3801,149,168,314,175,178,358,7,6,13,19,27,44,0,0,0,8,6,12,0,0,0,3,0,5,0,0,0,0,0,0,207,219,431,11,13,16,6,0,6,366,401,770,192,214,403,2442,2534,4975
UCL114029,2308,2270,4579,79,113,193,249,243,493,0,0,0,8,15,22,0,0,0,0,3,0,0,0,0,4,3,3,0,0,0,0,0,0,266,265,527,11,6,17,10,10,15,360,388,746,206,186,393,2869,2843,5714
UCL114030,2240,2361,4599,190,219,412,127,135,259,8,4,9,24,18,48,0,0,0,5,3,10,0,0,0,3,0,3,0,8,11,0,0,0,165,171,333,10,8,16,0,4,5,359,405,765,352,363,721,2957,3132,6086
UCL114031,2448,2731,5173,199,255,456,212,251,465,6,6,15,20,22,42,3,6,9,4,4,7,3,0,8,3,0,3,0,0,0,0,0,0,258,291,547,5,15,21,4,12,20,476,575,1047,299,289,584,3218,3594,6806
UCL114032,2187,2337,4522,196,228,429,120,116,237,10,8,21,74,73,142,0,0,0,5,4,5,4,4,8,10,8,16,4,3,9,0,0,0,230,215,442,14,15,31,10,15,25,455,474,927,268,275,541,2909,3090,5995
UCL114033,738,746,1484,26,32,61,20,21,34,74,80,162,5,9,11,0,0,0,0,0,6,0,0,0,0,3,3,0,0,0,0,0,0,106,114,222,0,4,4,8,4,11,137,153,292,73,90,163,951,992,1944
UCL114034,1972,2172,4148,173,193,361,117,118,235,0,0,3,14,17,28,3,7,7,0,0,0,0,0,0,0,0,0,70,74,145,0,0,3,209,216,428,14,8,20,3,13,16,396,426,823,205,218,424,2575,2821,5392
UCL114035,2520,2806,5328,330,380,711,135,181,311,16,10,26,14,19,35,8,11,14,6,0,3,0,0,0,0,0,0,13,14,26,0,0,0,184,236,418,15,14,26,7,5,11,533,630,1168,277,302,576,3337,3730,7069
UCL115001,754,741,1495,35,30,64,59,71,129,0,3,6,0,0,0,0,0,0,0,0,0,0,0,0,0,0,0,0,0,0,0,0,0,64,69,129,0,0,0,4,3,12,96,101,200,96,87,182,942,933,1878
UCL115002,625,603,1227,14,8,19,56,49,109,0,0,0,0,3,3,0,0,0,0,0,0,0,0,0,0,0,0,0,0,0,0,0,0,54,56,114,4,0,3,3,0,3,75,69,140,40,33,71,739,699,1441
UCL115003,622,633,1254,27,30,56,44,31,81,4,9,10,12,9,18,0,0,0,0,0,0,0,0,0,3,5,11,0,0,0,0,0,0,66,55,120,10,10,21,0,0,3,102,100,198,89,90,176,809,820,1626
UCL115004,470,449,914,32,26,59,14,14,28,7,3,9,4,4,11,0,0,0,0,0,0,0,0,0,0,0,3,0,0,0,0,0,0,23,26,51,4,4,8,0,0,0,56,56,118,55,62,115,579,567,1151
UCL115005,585,674,1258,33,38,69,61,63,122,8,4,14,13,12,25,0,0,0,0,0,0,0,0,0,0,0,0,0,0,3,0,0,0,78,88,164,10,9,21,0,0,0,122,129,251,66,90,156,774,894,1666
UCL115006,1342,1349,2690,35,23,58,117,104,219,0,3,3,0,0,0,0,0,0,0,0,7,0,0,0,0,0,0,0,3,3,0,0,0,127,108,240,3,0,5,4,4,3,169,136,302,120,107,224,1634,1588,3221
UCL115007,421,459,876,32,32,64,10,8,18,27,26,46,3,3,4,0,0,0,0,3,3,0,0,0,3,3,7,0,0,0,0,0,0,39,46,83,0,0,0,4,0,4,73,81,151,63,66,125,551,605,1151
UCL115008,649,611,1262,31,38,68,8,11,23,48,58,108,8,3,4,0,0,0,0,0,0,0,0,0,0,0,0,0,0,0,0,0,0,62,74,138,6,17,25,0,0,3,105,131,234,74,73,151,829,814,1648
UCL115009,401,456,854,25,29,55,21,39,53,0,0,0,3,7,6,0,0,0,0,0,0,0,0,0,0,0,0,0,0,0,0,0,0,27,41,70,0,3,3,0,0,0,49,76,128,74,64,135,527,589,1117
UCL115010,584,626,1209,31,41,77,37,43,86,0,3,3,3,5,5,0,0,0,0,0,0,0,0,4,3,0,0,3,0,6,0,0,0,46,56,101,0,4,3,0,0,4,80,99,177,65,77,141,729,806,1535
UCL115011,402,386,786,24,32,59,15,12,29,3,0,4,3,4,5,0,0,0,0,0,0,0,0,0,0,0,0,0,0,0,0,0,0,20,23,42,13,8,19,0,0,0,61,56,118,50,56,110,510,494,1005
UCL115012,1495,1617,3112,155,168,323,89,111,204,12,11,16,7,10,18,0,0,0,0,0,0,0,0,3,0,0,3,10,9,14,0,0,0,124,141,261,3,6,5,3,4,5,280,319,597,192,183,376,1960,2123,4083
UCL115013,1087,1283,2370,84,113,198,65,107,168,12,12,22,23,11,39,0,0,0,0,5,3,3,0,4,0,3,4,0,3,0,0,0,0,99,141,241,4,8,10,10,10,16,191,269,464,106,109,211,1382,1661,3043
UCL115014,580,605,1188,37,36,68,26,31,52,9,7,17,0,0,0,0,0,0,0,0,0,0,0,0,0,0,0,0,3,3,0,0,0,33,46,75,0,4,8,0,0,0,78,81,156,56,61,123,714,750,1460
UCL115015,692,857,1553,52,69,115,97,132,231,0,0,0,3,0,8,0,0,0,0,0,0,0,0,0,3,0,0,0,0,0,0,0,0,105,140,242,6,3,5,0,3,7,165,210,374,54,68,124,910,1135,2049
UCL115016,378,428,810,32,35,70,20,29,48,0,0,0,3,7,14,0,0,0,0,0,0,0,0,0,0,0,0,0,0,0,0,0,0,20,34,59,0,0,0,0,0,0,50,72,124,66,75,137,495,572,1066
UCL115017,1565,1741,3308,71,75,142,177,188,360,3,8,11,3,11,11,0,0,0,0,3,3,0,0,3,0,0,0,0,0,0,0,0,0,189,206,397,11,13,30,3,0,3,283,289,570,160,171,332,2007,2204,4214
UCL115018,1073,1127,2206,127,130,263,86,85,170,0,5,5,3,5,11,0,0,0,3,0,5,0,0,0,0,0,0,0,0,0,0,0,0,93,93,191,0,6,9,0,3,7,225,235,459,142,120,263,1439,1481,2924
UCL115019,471,455,923,40,46,82,18,15,39,9,9,20,4,6,12,3,3,4,0,0,0,0,0,0,0,3,3,3,0,4,0,0,0,39,43,83,0,0,0,3,0,3,84,87,167,40,50,90,599,590,1189
UCL115020,1086,1155,2234,56,68,122,71,71,140,0,3,0,11,10,27,0,0,3,0,3,4,0,0,0,0,0,0,0,0,0,0,0,0,89,85,178,4,7,10,3,0,3,153,163,314,90,94,177,1324,1409,2727
UCL115021,482,478,968,36,38,71,24,25,57,0,0,0,3,5,11,0,0,0,0,0,0,0,3,4,0,0,0,3,11,12,0,0,0,40,45,80,0,0,0,7,3,4,82,79,162,48,50,96,607,613,1225
UCL115022,612,625,1235,38,64,99,28,48,81,0,0,0,0,0,0,0,0,0,3,0,3,0,0,0,0,0,0,0,0,0,0,0,0,35,51,87,0,7,6,4,0,4,72,122,197,173,190,366,857,935,1792
UCL115023,579,591,1168,30,24,55,63,49,115,0,0,0,3,0,3,0,0,3,0,0,0,0,0,0,0,0,0,0,0,0,0,0,0,71,52,119,0,0,4,0,0,3,98,82,182,55,44,96,726,715,1448
UCL115024,434,470,907,49,66,116,25,31,56,0,0,0,3,6,10,0,0,0,0,0,0,0,0,0,0,0,0,9,5,10,0,0,0,35,46,78,3,7,11,4,4,12,91,117,210,50,86,134,580,678,1255
UCL115025,1038,1046,2086,79,107,185,104,107,205,3,0,4,3,3,8,0,0,0,0,3,5,0,0,0,0,0,0,0,0,0,0,0,0,112,110,225,0,4,6,3,0,4,192,226,420,105,123,230,1330,1393,2729
UCL115026,831,897,1723,40,41,82,84,114,200,12,5,11,4,8,15,0,0,0,0,0,0,0,0,0,0,0,0,4,10,9,0,0,0,112,128,237,6,7,6,0,0,3,150,179,327,86,104,189,1066,1174,2241
UCL115027,540,600,1142,32,49,79,41,60,103,5,3,7,8,19,23,0,0,0,0,0,0,0,0,0,0,0,0,0,0,0,0,0,0,59,84,137,6,5,10,3,3,8,96,144,238,86,84,165,723,825,1548
UCL115028,426,416,843,32,35,69,55,49,104,0,0,0,0,3,3,0,0,0,0,0,0,0,0,0,0,0,0,0,0,0,0,0,0,54,55,111,3,3,3,4,0,3,97,89,180,40,33,73,559,537,1099
UCL115029,980,1077,2056,36,53,90,78,104,180,4,5,11,0,7,9,0,6,6,0,0,0,0,0,0,0,0,0,3,3,3,0,0,0,84,119,203,3,3,3,14,6,21,137,185,324,66,76,146,1178,1341,2519
UCL115030,759,854,1614,40,43,82,44,37,75,0,0,0,4,0,4,0,0,0,0,0,0,0,0,0,0,0,0,0,0,0,0,0,0,47,36,80,0,3,3,0,0,0,88,82,167,59,45,106,909,984,1893
UCL115031,1257,1230,2490,95,105,200,83,87,168,5,4,8,6,7,15,3,4,3,4,3,9,0,0,3,4,5,9,39,38,79,0,0,0,145,147,287,12,11,22,3,0,3,257,259,520,130,119,251,1647,1613,3258
UCL115032,700,705,1400,30,31,62,48,48,96,0,0,0,0,0,0,0,0,0,0,0,0,0,0,0,0,0,0,0,0,3,0,0,0,51,55,107,4,3,3,0,0,0,85,92,180,53,64,116,833,858,1689
UCL115033,1073,1160,2232,84,93,181,128,144,266,3,3,5,4,6,7,0,0,0,0,0,0,0,0,0,0,0,0,0,0,0,0,0,0,136,152,289,0,6,5,7,4,8,232,256,484,104,112,211,1406,1521,2927
UCL115034,1213,1206,2419,46,45,86,132,115,247,3,3,9,8,4,9,0,0,0,0,0,0,0,0,0,0,0,0,0,4,9,0,0,0,146,130,278,3,6,9,3,7,8,189,187,380,137,122,258,1534,1518,3053
UCL115035,484,501,983,31,35,60,24,24,54,0,0,0,0,3,3,0,0,0,0,0,3,0,0,0,0,0,0,0,0,0,0,0,0,32,31,63,4,5,10,0,0,0,66,68,137,29,21,51,583,591,1170
UCL115036,524,595,1117,39,49,94,25,32,51,0,0,0,0,0,3,0,3,3,0,0,0,0,0,0,0,0,0,0,0,0,0,0,0,28,32,62,4,3,7,0,3,3,73,89,166,47,60,110,647,743,1389
UCL115037,1348,1302,2648,144,156,297,70,63,134,7,5,16,16,16,29,8,4,14,7,3,4,0,0,4,0,0,0,0,3,7,0,0,0,104,96,204,11,9,16,0,0,4,259,262,517,271,248,518,1875,1813,3688
UCL115038,543,544,1087,12,10,19,67,71,137,3,0,3,4,3,8,0,0,0,0,0,0,0,6,3,0,0,0,3,3,9,0,0,0,76,79,159,0,0,0,0,4,3,91,96,184,62,66,127,698,703,1399
UCL115039,1022,1096,2116,127,125,250,45,61,101,5,3,7,5,11,11,0,0,0,0,0,3,0,0,0,0,0,0,0,3,3,0,0,0,52,78,125,5,6,8,6,5,12,186,211,397,161,142,301,1367,1447,2816
UCL115040,588,656,1242,78,64,139,36,44,78,3,4,7,0,5,6,0,0,0,5,5,8,0,0,0,0,0,0,0,0,0,0,0,0,50,55,103,0,0,0,0,3,5,134,121,253,87,94,186,803,866,1676
UCL115041,909,1004,1911,83,121,199,32,48,79,3,0,5,3,0,5,0,0,0,0,0,0,0,0,0,0,0,3,0,0,0,0,0,0,39,53,90,4,9,9,7,0,6,129,175,310,139,157,292,1180,1340,2516
UCL115042,797,846,1642,90,87,177,42,47,91,0,0,0,0,0,4,0,0,0,0,3,4,0,0,0,0,0,0,0,0,0,0,0,0,42,54,101,0,0,3,3,0,3,139,148,285,222,219,443,1154,1219,2374
UCL115043,578,563,1138,51,67,115,47,57,108,5,0,5,6,7,18,3,0,4,0,3,4,0,0,0,0,0,3,0,0,0,0,0,0,64,73,137,3,3,9,0,0,0,117,145,267,59,62,116,751,764,1517
UCL115044,797,853,1650,73,67,145,55,54,114,0,0,0,3,0,5,0,0,0,0,0,0,0,0,0,0,0,0,3,0,3,0,0,0,64,59,124,0,0,3,0,0,0,138,130,270,83,87,163,1017,1066,2084
UCL115045,1335,1313,2653,69,77,144,114,119,235,7,3,6,11,12,19,0,0,0,3,3,6,0,0,0,0,0,0,5,4,10,0,0,0,136,137,277,10,8,15,20,18,38,234,247,479,164,156,321,1739,1712,3448
UCL115046,466,434,900,27,35,64,23,16,36,6,6,10,3,3,9,0,0,0,0,0,0,0,0,0,0,0,0,0,0,0,0,0,0,30,30,56,6,0,4,0,0,0,60,65,128,49,45,102,578,545,1125
UCL115047,712,778,1496,45,59,106,39,49,82,3,5,12,3,3,9,0,0,0,0,0,0,0,0,0,0,0,3,9,9,19,0,0,0,55,70,129,4,3,5,7,13,20,118,147,267,75,94,170,903,1018,1921
UCL115048,500,526,1029,33,36,74,47,50,95,0,4,4,4,0,4,0,0,0,0,0,0,0,0,0,0,0,0,0,0,0,0,0,0,51,49,101,0,0,3,3,0,3,87,92,178,50,37,86,636,661,1295
UCL115049,381,473,850,34,40,69,24,20,44,0,0,0,3,0,9,0,0,0,3,0,4,0,0,0,0,0,0,0,0,0,0,0,0,29,27,52,3,0,3,7,3,8,63,65,135,20,29,49,467,569,1032
UCL115050,469,441,911,4,0,4,26,35,59,0,0,0,3,0,0,0,0,0,0,0,0,0,0,0,0,0,0,0,0,0,0,0,0,32,36,62,0,0,0,3,4,5,39,40,73,35,33,62,541,507,1044
UCL115051,827,893,1723,67,81,146,39,40,85,0,4,7,3,0,3,0,0,0,0,0,0,0,0,0,0,0,0,0,0,0,0,0,0,45,47,91,0,3,3,0,3,3,117,131,248,79,86,170,1029,1113,2137
UCL115052,1153,1192,2343,58,67,128,63,68,135,33,19,54,3,7,10,0,0,0,5,6,12,0,3,4,3,3,3,8,3,8,0,0,0,115,112,233,0,3,5,3,3,7,182,191,376,140,157,298,1477,1541,3015
UCL115053,1032,1196,2228,65,86,153,275,373,652,18,29,54,14,12,27,10,4,12,5,4,10,0,5,4,10,11,14,6,5,16,0,0,0,337,445,785,17,25,42,3,3,4,427,555,983,86,117,204,1543,1872,3421
UCL115054,1071,1079,2152,74,95,169,64,78,138,0,0,5,16,26,45,0,0,0,7,5,7,0,0,0,3,3,5,0,0,0,0,0,0,93,115,207,8,3,8,0,6,3,177,213,385,131,148,280,1375,1442,2817
UCL115055,537,605,1143,62,51,112,40,40,77,3,3,3,0,3,3,0,0,0,0,0,0,0,0,0,0,0,0,0,0,0,0,0,0,38,48,83,0,0,0,3,0,3,108,92,200,118,145,263,761,841,1605
UCL115056,684,719,1402,74,79,156,17,14,36,11,25,33,3,3,7,0,0,0,0,3,3,0,0,3,0,0,0,0,0,0,0,0,0,37,44,80,10,7,14,0,0,0,120,132,251,102,111,213,902,964,1868
UCL115057,798,710,1500,42,41,79,140,125,269,17,11,31,65,41,105,6,10,14,5,4,9,8,4,6,8,4,9,12,3,14,0,0,0,264,197,463,3,5,11,9,0,6,312,238,557,78,68,148,1190,1017,2199
UCL115058,413,490,904,32,34,62,25,44,70,0,0,0,3,0,10,0,0,0,0,0,0,0,0,0,0,0,0,0,0,0,0,0,0,36,52,86,0,0,0,3,0,7,66,82,153,30,46,67,506,621,1121
UCL115059,551,594,1138,14,9,26,33,30,68,0,0,0,0,0,0,0,0,0,0,0,0,0,0,0,0,0,0,0,0,0,0,0,0,34,37,67,0,3,6,0,0,0,52,43,98,46,40,82,648,679,1319
UCL115060,446,484,936,12,23,32,61,55,121,0,0,0,0,0,0,0,0,0,0,0,0,0,0,0,0,0,0,0,0,0,0,0,0,61,58,119,0,0,0,0,0,0,76,77,153,27,20,44,550,586,1134
UCL115061,1647,1765,3410,80,83,156,152,184,341,0,0,0,10,10,18,0,0,0,0,0,3,0,3,3,0,3,6,5,3,9,0,0,0,174,208,380,13,8,23,0,9,9,264,304,570,179,206,389,2093,2272,4363
UCL115062,934,1053,1989,82,79,162,55,53,112,0,3,6,4,8,10,0,0,0,0,0,0,0,0,0,0,0,0,0,0,0,0,0,0,63,67,131,4,6,17,3,3,6,152,157,313,140,122,267,1227,1336,2563
UCL115063,1044,1012,2061,48,43,87,74,82,152,0,0,0,0,3,4,0,0,0,0,0,0,0,0,0,0,0,0,0,0,0,0,0,0,75,87,160,5,3,6,0,0,3,126,129,257,75,74,156,1247,1225,2469
UCL115064,852,950,1804,95,109,201,72,80,155,0,0,0,7,4,14,0,0,0,0,0,0,0,0,0,0,0,0,0,0,0,0,0,0,81,92,172,5,3,8,3,4,5,181,207,388,66,110,175,1098,1262,2366
UCL115065,352,368,717,16,19,38,154,170,318,0,0,0,7,4,8,0,3,3,0,0,0,0,0,0,0,0,4,115,123,240,0,0,0,276,297,577,14,9,23,0,4,8,314,326,643,49,61,117,717,759,1475
UCL115066,497,463,963,22,10,27,43,44,92,0,0,0,0,0,0,0,0,0,3,0,3,0,0,3,0,0,0,0,0,3,0,0,0,52,48,103,0,0,0,0,0,0,73,63,134,63,49,104,635,570,1203
UCL115067,756,802,1561,67,60,125,33,39,76,0,0,3,3,0,5,0,0,0,0,0,0,0,0,0,0,0,0,3,4,10,0,0,0,43,45,89,5,4,10,0,3,5,115,119,230,76,86,162,950,1007,1957
UCL115068,1114,1037,2148,50,56,103,123,128,250,0,3,3,10,7,19,0,0,0,6,4,11,0,0,0,0,0,6,0,0,0,0,0,0,141,151,283,0,5,4,0,0,0,187,208,395,83,79,155,1381,1316,2698
UCL115069,668,720,1388,78,73,151,56,58,115,0,0,0,0,4,4,0,0,0,3,0,3,0,0,0,0,0,3,0,0,0,0,0,0,64,67,125,0,4,8,3,0,6,149,141,286,128,120,252,943,983,1926
UCL115070,621,641,1262,57,53,104,26,40,64,4,4,7,30,26,53,0,3,0,0,0,0,0,0,0,0,0,0,0,0,0,0,0,0,64,70,128,0,0,0,0,0,0,119,119,241,47,40,86,784,802,1590
UCL115071,730,771,1501,62,63,123,29,53,83,0,3,9,8,3,9,0,0,0,0,0,4,0,0,0,0,0,0,0,0,0,0,0,0,45,59,103,0,0,0,0,0,3,112,127,239,79,91,168,919,987,1905
UCL115072,729,784,1514,59,57,117,50,50,97,3,0,4,5,6,15,0,0,0,0,0,0,0,3,3,0,0,0,0,0,0,0,0,0,59,58,115,3,9,11,5,9,16,124,131,259,95,99,190,949,1021,1961
UCL115073,737,851,1592,48,54,107,39,48,88,0,3,3,0,0,5,0,0,0,0,0,0,0,0,0,0,0,0,3,9,10,0,0,0,47,66,111,3,0,3,0,0,3,101,117,220,63,74,131,906,1042,1951
UCL115074,1113,1113,2221,79,89,165,128,122,252,0,0,0,19,23,33,0,0,3,0,0,0,0,3,3,0,0,0,0,0,0,0,0,0,144,150,293,0,3,0,0,7,9,228,244,465,91,98,186,1427,1455,2881
UCL115075,860,873,1737,64,81,143,23,32,52,9,15,23,6,3,8,3,0,3,0,0,0,0,0,0,3,8,7,0,0,3,0,0,0,42,53,103,13,7,17,3,0,8,124,148,265,149,148,297,1129,1170,2300
UCL115076,878,847,1723,36,36,71,85,92,182,0,0,0,4,4,9,0,0,0,0,0,0,0,0,0,0,0,0,0,0,0,0,0,0,96,99,194,0,0,3,0,0,0,130,143,266,80,69,156,1088,1062,2144
UCL115077,377,399,778,42,43,88,18,18,39,3,3,10,4,0,7,4,0,4,0,0,0,3,0,3,4,3,5,0,0,0,0,0,0,28,31,57,16,12,26,0,3,4,89,83,172,63,65,133,529,551,1080
UCL115078,483,528,1011,32,38,68,19,24,45,4,7,11,0,0,0,0,0,0,0,0,0,0,0,0,0,0,0,0,0,0,0,0,0,24,31,58,0,4,4,0,0,0,57,71,132,60,74,135,602,676,1276
UCL115079,905,907,1812,59,56,114,30,42,73,42,41,88,6,5,14,0,3,3,0,0,3,0,0,0,0,0,0,0,0,4,0,0,0,89,99,183,4,3,15,0,0,0,153,160,314,140,137,275,1193,1203,2396
UCL115080,665,651,1320,50,60,110,41,41,76,0,0,0,26,26,50,3,0,3,0,0,0,3,0,3,0,3,3,0,0,0,0,0,0,73,66,137,0,0,3,0,0,0,117,132,249,78,57,142,869,837,1705
UCL115081,591,520,1117,86,96,185,75,63,138,9,5,22,11,22,33,3,3,3,0,0,0,0,0,0,0,0,0,8,3,10,0,0,0,117,94,207,37,22,56,0,0,6,239,211,453,112,87,201,949,820,1769
UCL115082,494,511,1009,20,22,38,39,52,92,14,17,30,3,0,3,0,0,0,0,0,0,0,0,0,0,0,0,0,0,0,0,0,0,53,66,119,3,5,8,0,0,0,73,92,166,42,54,103,611,659,1271
UCL115083,502,532,1035,46,45,91,32,28,58,0,0,0,3,9,8,0,0,0,0,3,4,0,0,0,0,0,0,0,0,0,0,0,0,35,38,72,4,0,6,0,0,3,84,82,170,30,27,61,619,647,1263
UCL115084,1437,1448,2883,113,116,230,90,105,201,5,4,13,3,11,13,7,8,13,5,3,4,0,0,0,0,0,0,3,0,7,0,0,0,110,130,242,36,24,57,0,0,3,259,274,537,1075,222,1295,2776,1940,4715
UCL115085,455,454,916,38,39,72,37,30,61,0,0,0,0,5,9,0,0,0,0,0,0,0,0,0,0,0,0,0,0,0,0,0,0,35,31,69,0,0,4,0,0,3,77,71,152,97,88,183,632,623,1248
UCL115086,501,449,952,30,19,51,41,55,97,3,3,6,3,0,7,0,0,0,0,0,0,0,0,0,0,0,0,0,0,0,0,0,0,47,60,111,0,0,0,3,3,7,81,79,159,62,54,121,648,581,1228
UCL115087,592,687,1279,27,51,79,62,76,136,0,0,0,5,4,4,0,3,3,0,0,0,0,0,0,0,0,0,0,0,0,0,0,0,63,78,144,0,0,4,4,0,3,101,131,230,59,80,139,750,899,1647
UCL115088,412,443,851,33,33,66,37,33,74,0,0,0,0,0,3,0,0,0,3,0,7,0,0,0,0,0,0,0,0,0,0,0,0,38,40,81,0,3,4,0,0,3,70,71,148,44,42,83,524,557,1081
UCL115089,963,1112,2076,73,85,159,53,49,104,0,0,0,13,21,36,0,0,0,0,0,0,0,0,0,4,0,4,0,0,3,0,0,0,73,75,145,3,0,5,6,5,7,153,162,321,163,166,330,1279,1438,2722
UCL115090,440,462,910,33,37,74,18,26,42,0,0,0,3,3,7,0,0,0,4,3,4,0,0,0,0,0,0,0,0,0,0,0,0,26,28,53,0,0,0,0,0,3,60,69,130,99,106,206,604,637,1245
UCL115091,1146,1230,2374,44,41,87,98,117,220,0,3,3,12,9,17,0,0,0,0,0,4,3,3,4,0,0,0,0,0,0,0,0,0,118,133,252,3,0,8,0,0,3,170,180,346,96,88,187,1411,1495,2900
UCL115092,997,937,1940,61,64,127,108,93,198,9,3,5,6,3,12,3,0,0,3,7,10,3,4,9,3,7,8,0,4,3,0,0,0,138,117,250,5,3,13,0,3,3,199,188,394,114,119,230,1312,1250,2557
UCL115093,530,495,1020,47,47,95,32,37,68,0,0,0,0,4,4,0,0,4,0,0,3,0,0,0,0,0,0,0,0,0,0,0,0,33,45,76,3,0,0,3,3,8,83,102,186,113,99,219,723,695,1425
UCL115094,994,1118,2110,53,60,110,100,106,207,0,0,0,7,10,16,0,0,0,0,0,0,0,0,0,0,0,0,0,0,0,0,0,0,110,117,229,4,0,4,3,3,8,171,184,350,144,151,293,1305,1449,2750
UCL115095,948,1055,2001,81,97,184,56,70,126,0,3,3,26,28,56,0,0,0,4,3,8,0,0,0,0,0,0,0,0,0,0,0,0,92,100,192,3,0,3,3,6,5,180,206,382,106,119,223,1232,1381,2610
UCL115096,777,823,1601,50,46,94,93,98,192,0,4,3,7,3,13,0,0,3,3,0,3,3,3,8,0,0,0,7,20,29,0,0,0,120,126,243,3,3,7,3,0,3,170,179,351,123,115,244,1069,1122,2189
UCL115097,760,803,1563,80,74,156,48,55,101,0,0,3,4,10,16,0,0,0,0,0,0,0,0,0,0,0,0,0,0,0,0,0,0,55,62,114,0,0,0,0,0,0,133,143,276,110,142,251,1000,1084,2084
UCL115098,430,501,930,37,70,111,51,61,116,0,0,0,0,3,6,0,0,0,0,0,0,3,0,3,0,0,0,3,3,5,0,0,0,59,68,131,0,0,0,5,8,10,105,149,253,56,58,118,588,710,1293
UCL115099,605,674,1280,63,77,141,38,55,92,0,0,0,3,5,9,0,0,0,0,0,0,0,0,0,0,0,0,0,0,0,0,0,0,44,55,99,3,3,3,0,0,0,110,142,244,53,68,121,760,878,1646
UCL115100,974,983,1954,66,81,143,41,57,102,0,3,3,3,7,11,0,0,0,0,0,0,3,0,3,0,0,0,8,5,17,0,0,0,59,78,137,6,5,7,4,3,9,132,165,294,112,139,253,1218,1280,2501
UCL115101,1070,1276,2346,82,97,180,89,115,202,12,21,35,15,23,33,4,6,8,3,0,3,0,0,0,0,0,0,0,0,4,0,0,0,123,162,287,11,15,26,4,9,8,226,281,501,168,196,366,1464,1756,3218
UCL115102,728,715,1442,15,17,27,10,13,23,0,0,0,0,4,4,0,0,0,0,0,3,0,0,0,0,0,0,58,69,131,0,0,0,74,86,159,3,0,3,0,0,0,91,104,198,47,32,78,869,851,1713
UCL115103,1271,1284,2551,92,113,204,66,51,115,21,20,37,4,3,8,5,0,4,0,0,0,0,0,0,3,0,4,14,21,31,0,0,0,103,89,197,3,4,8,8,4,12,203,214,421,169,179,353,1650,1673,3322
UCL115104,1290,1424,2718,132,134,259,84,67,149,17,17,31,0,3,0,5,5,12,3,0,3,3,0,0,0,0,0,0,0,3,0,0,0,110,99,208,8,18,32,3,5,6,253,251,505,231,240,476,1781,1917,3697
UCL115105,1297,1372,2663,109,143,248,71,89,158,0,0,0,7,9,14,0,0,0,0,0,0,0,0,0,0,3,3,0,0,0,0,0,0,81,105,185,3,5,9,3,5,13,195,261,451,167,194,367,1656,1823,3485
UCL115106,759,761,1524,54,61,109,26,41,67,0,0,0,12,15,21,0,0,3,3,4,4,0,0,0,0,0,0,0,0,0,0,0,0,45,58,104,3,3,5,0,0,0,96,125,221,105,111,213,964,992,1955
UCL115107,896,911,1811,96,91,188,66,63,133,4,3,7,0,0,4,0,0,0,0,0,0,0,0,0,0,0,0,0,0,3,0,0,0,77,75,147,4,0,10,3,0,4,181,166,349,153,152,305,1227,1228,2459
UCL115108,1513,1656,3169,95,102,195,123,146,269,5,22,29,24,20,44,0,3,9,3,5,8,0,0,0,0,0,0,0,0,3,0,0,0,163,203,363,16,27,42,11,14,31,286,341,626,233,235,468,2025,2236,4259
UCL115109,1327,1494,2828,97,106,203,161,174,336,0,3,0,5,7,18,0,0,0,6,4,8,0,4,3,0,0,3,0,0,0,0,0,0,180,196,377,6,8,16,4,3,9,286,314,599,141,185,330,1756,1995,3755
UCL115110,546,612,1159,36,46,81,70,76,145,3,3,4,3,3,5,0,0,0,0,0,0,0,0,0,0,0,0,6,8,12,0,0,0,82,85,166,0,0,0,0,4,10,120,139,258,52,60,115,719,808,1532
UCL115111,566,649,1214,48,67,119,34,39,75,10,8,17,3,5,7,0,0,0,0,7,3,0,0,0,3,0,3,0,3,3,0,0,0,49,61,113,5,3,4,0,0,3,104,136,235,48,69,116,716,856,1571
UCL115112,1324,1437,2760,58,67,126,134,144,278,6,3,4,3,8,14,0,0,0,0,0,3,0,0,0,0,0,0,0,0,0,0,0,0,145,150,300,3,4,4,3,3,12,208,226,434,104,103,208,1640,1767,3407
UCL115113,891,871,1756,66,71,134,181,194,370,3,3,4,4,3,3,0,0,0,0,0,0,0,0,0,0,0,0,0,0,0,0,0,0,187,196,383,4,3,10,0,0,3,257,271,529,76,66,149,1223,1205,2430
UCL115114,752,732,1487,38,27,59,48,43,94,0,0,0,8,4,5,0,0,0,0,0,0,0,0,0,0,0,0,0,0,0,0,0,0,50,46,100,3,3,5,0,3,6,93,79,173,137,130,266,985,937,1926
UCL115115,989,1065,2062,84,87,176,74,79,152,3,4,7,23,15,40,3,3,8,6,0,7,0,0,0,0,0,0,0,0,0,0,0,0,104,104,204,3,0,3,3,3,4,192,191,384,83,126,214,1273,1382,2651
UCL115116,1417,1614,3031,73,70,142,177,202,381,0,3,7,4,6,8,0,0,0,0,0,0,0,0,0,3,0,3,0,0,0,0,0,0,185,210,401,0,3,11,3,0,4,262,288,556,105,139,245,1789,2049,3831
UCL115117,506,539,1052,28,38,66,45,41,87,0,3,4,0,0,0,0,0,0,0,0,0,0,0,0,0,0,3,0,0,0,0,0,0,42,51,92,3,5,11,0,0,0,79,96,166,56,52,107,642,691,1331
UCL115118,1366,1409,2774,73,114,188,124,148,274,7,6,12,18,20,40,6,6,9,5,5,13,0,0,0,0,0,0,3,0,6,0,0,0,156,193,343,5,16,22,4,0,3,235,315,555,125,151,267,1726,1871,3601
UCL115119,1821,1918,3738,161,172,335,150,149,302,7,11,21,21,4,33,0,0,4,0,4,5,0,0,0,0,0,0,0,0,0,0,0,0,186,176,358,11,24,39,3,7,12,364,376,742,209,207,418,2392,2502,4895
UCL115120,1189,1216,2407,78,80,159,99,102,196,0,0,3,4,3,10,0,0,0,3,3,4,0,0,0,3,0,4,3,3,3,0,0,0,108,115,220,6,11,17,5,0,5,197,202,402,123,117,242,1508,1542,3046
UCL115121,1903,1884,3783,56,50,106,166,129,296,0,0,0,3,8,10,0,0,0,4,0,8,0,0,0,0,0,0,0,0,0,0,0,0,171,139,313,6,3,9,0,6,6,239,196,437,149,132,279,2281,2207,4496
UCL115122,451,454,900,23,8,29,37,35,69,0,0,0,10,9,15,0,0,0,0,0,0,0,0,0,0,0,0,0,0,0,0,0,0,44,52,91,3,3,9,0,0,0,68,59,130,37,24,59,560,541,1094
UCL115123,481,456,940,39,50,85,39,55,98,0,0,3,3,0,3,0,0,0,0,0,0,0,0,0,0,0,0,0,0,0,0,0,0,50,62,105,3,4,10,0,0,0,85,114,202,41,37,83,616,605,1222
UCL115124,691,811,1499,38,64,101,59,84,145,7,5,15,19,25,41,0,0,0,0,0,0,0,0,0,0,4,4,0,0,0,0,0,0,86,118,206,10,5,14,3,0,3,139,187,330,75,75,149,909,1070,1979
UCL115125,593,544,1134,16,33,50,45,40,81,0,0,0,0,0,0,0,0,0,0,0,0,0,0,0,0,0,0,0,0,0,0,0,0,49,43,90,7,8,11,0,0,3,76,77,151,39,44,84,707,661,1371
UCL115126,1344,1340,2684,48,70,117,126,118,242,8,4,5,12,7,21,0,0,0,0,3,4,0,0,0,0,0,0,9,4,14,0,0,0,154,132,289,0,5,5,0,3,3,204,210,413,125,127,250,1668,1673,3347
UCL115127,1728,1825,3554,88,101,196,180,196,379,3,3,7,3,3,6,0,0,3,0,0,0,0,0,0,0,0,0,0,0,0,0,0,0,186,204,391,4,10,14,7,0,10,288,317,606,153,174,328,2164,2320,4490
UCL115128,1544,1560,3109,118,128,241,143,151,291,0,4,5,15,10,19,0,0,0,0,0,3,0,0,0,0,0,0,3,0,6,0,0,0,162,172,331,3,5,10,7,10,13,285,310,595,158,159,317,1996,2027,4020
UCL115129,588,598,1185,43,45,92,36,31,67,6,3,15,0,0,0,0,0,0,0,0,0,3,3,3,0,0,0,7,7,17,0,0,0,53,48,101,3,5,10,0,3,3,103,105,208,77,62,142,770,761,1537
UCL115130,898,943,1839,68,73,142,90,98,185,0,4,4,0,3,7,0,0,0,3,0,3,0,0,3,0,0,0,0,0,0,0,0,0,92,109,201,5,4,13,3,0,3,165,193,361,79,73,155,1143,1213,2358
UCL115131,1546,1623,3177,150,168,316,96,79,177,3,3,5,9,7,11,0,0,0,3,0,5,0,0,0,0,0,0,3,0,3,0,0,0,118,94,209,3,5,5,3,8,10,274,276,545,132,147,283,1956,2049,4000
UCL115132,984,1136,2123,68,93,157,44,49,93,0,0,0,29,33,61,0,0,0,4,0,3,0,0,0,0,0,3,0,0,0,0,0,0,72,88,162,4,4,5,3,4,9,143,191,332,194,237,429,1326,1560,2890
UCL115133,691,740,1431,13,17,26,58,64,114,0,0,0,7,4,9,0,0,0,0,0,0,0,0,0,0,0,0,0,0,0,0,0,0,58,65,125,0,3,4,0,0,0,79,83,156,29,32,65,803,853,1656
UCL115134,1188,1246,2434,67,62,134,96,96,197,0,0,0,4,0,3,0,0,0,0,0,0,0,0,0,0,3,3,0,0,0,0,0,0,104,99,207,0,4,4,4,3,6,179,170,349,102,98,195,1469,1512,2975
UCL115135,881,906,1788,51,81,135,12,12,23,49,45,100,3,9,9,0,0,0,0,0,0,0,0,0,3,4,9,0,0,0,0,0,0,73,72,144,6,5,13,3,3,4,134,162,292,118,125,250,1129,1192,2327
UCL115136,370,355,721,21,18,45,35,34,64,0,0,0,0,0,0,0,0,0,0,0,0,0,3,3,0,0,0,6,4,13,0,0,0,46,38,86,0,3,6,0,0,0,71,61,131,77,64,146,514,485,995
UCL115137,539,550,1083,63,65,130,31,25,57,10,10,14,8,4,8,3,0,3,0,0,0,0,0,0,0,0,0,0,0,3,0,0,0,48,42,90,3,4,6,0,0,0,117,109,225,58,89,145,714,745,1460
UCL115138,891,932,1822,41,53,93,49,51,106,3,7,12,7,5,11,0,0,0,3,3,3,0,0,0,0,3,4,15,18,35,0,0,0,81,85,162,7,0,11,0,0,3,129,141,271,72,71,139,1087,1135,2230
UCL115139,912,1034,1942,55,74,136,58,66,124,0,0,0,7,9,16,0,3,3,0,0,0,0,0,0,0,0,0,0,0,0,0,0,0,63,78,139,3,4,8,5,5,11,124,163,288,78,87,164,1110,1285,2395
UCL115140,933,967,1900,85,88,168,94,113,210,7,4,7,12,6,14,0,0,0,3,0,4,0,0,3,3,3,3,0,0,0,0,0,0,120,128,244,4,7,6,3,0,3,208,216,427,133,124,261,1276,1306,2582
UCL115141,479,560,1035,19,20,39,51,54,108,0,3,7,8,3,14,0,0,0,0,3,3,0,0,4,0,0,0,0,0,0,0,0,0,64,66,128,5,9,14,0,0,0,93,91,179,39,44,77,606,696,1298
UCL115142,993,1070,2066,31,54,81,102,127,229,3,5,11,3,3,6,0,0,0,0,3,6,4,0,3,0,0,0,8,8,18,0,3,5,125,156,277,16,18,32,3,4,7,175,219,396,111,107,224,1276,1397,2676
UCL115143,535,573,1105,44,44,84,28,30,53,0,0,0,0,7,7,0,0,0,0,0,0,0,0,0,0,0,0,0,0,0,0,0,0,28,35,58,0,0,3,0,0,0,67,78,147,89,96,192,694,748,1442
UCL115144,537,556,1087,46,61,104,37,30,64,0,3,8,3,4,8,0,0,0,0,0,0,0,0,3,0,0,0,0,0,0,0,0,0,42,39,84,0,3,4,4,3,5,96,103,198,116,126,239,748,782,1530
UCL115145,429,419,850,6,3,5,43,54,98,0,0,0,5,3,10,0,0,0,0,0,0,0,0,0,0,0,0,0,0,0,0,0,0,54,55,110,0,0,0,0,0,0,58,59,118,62,53,114,549,531,1081
UCL115146,796,793,1587,30,34,67,51,62,114,0,0,0,5,0,3,0,0,0,0,0,0,0,0,0,0,0,0,0,0,0,0,0,0,59,65,122,0,0,0,3,0,5,89,109,197,132,124,254,1019,1019,2039
UCL115147,426,464,885,43,60,103,35,24,58,0,0,0,4,7,7,0,0,0,0,0,0,0,0,0,0,0,0,0,0,0,0,0,0,41,29,67,3,0,3,3,0,3,87,92,177,54,51,103,567,605,1173
UCL115148,554,604,1156,28,31,64,39,34,70,0,0,0,0,0,5,0,0,0,0,3,4,0,0,0,0,0,0,0,0,0,0,0,0,43,36,78,3,0,3,3,0,4,74,67,146,94,106,205,732,777,1510
UCL115149,606,562,1172,51,71,122,35,40,71,0,0,0,3,3,10,0,0,0,0,0,0,0,0,0,0,0,0,0,0,0,0,0,0,39,46,82,0,0,0,6,0,7,98,114,208,108,112,224,811,795,1606
UCL115150,1579,1703,3281,150,184,330,87,103,195,3,3,8,4,16,23,3,3,3,0,0,3,0,0,0,0,0,0,0,0,0,0,0,0,100,125,228,5,8,14,3,0,3,266,316,580,297,299,597,2142,2315,4459
UCL115151,452,460,911,33,46,78,15,12,34,18,18,34,3,0,8,3,3,3,0,0,0,0,0,0,4,3,4,0,0,0,0,0,0,43,39,84,0,0,0,3,3,4,84,86,172,69,65,135,601,614,1216
UCL115152,558,537,1090,28,30,59,35,40,73,0,0,0,7,3,6,0,0,6,0,0,0,0,3,3,0,0,0,0,0,0,0,0,0,48,49,94,0,0,0,0,0,0,77,79,153,93,92,182,725,707,1431
UCL115153,1017,1048,2066,82,98,179,32,48,79,4,3,10,3,3,7,0,0,0,0,0,0,0,5,5,0,0,0,3,3,3,0,0,0,47,61,109,6,3,11,0,3,3,135,171,300,151,202,356,1304,1422,2725
UCL115154,837,816,1655,18,21,35,52,68,123,0,0,0,0,3,4,0,0,0,0,0,0,0,0,0,0,0,0,0,0,0,0,0,0,56,74,128,0,0,3,3,0,6,80,95,170,82,67,155,1002,981,1977
UCL115155,585,559,1146,13,12,18,52,61,110,0,0,0,0,0,0,0,0,0,0,0,3,0,0,0,0,0,0,0,0,0,0,0,0,59,60,115,3,4,8,0,0,0,67,75,143,22,21,37,677,652,1331
UCL115156,1683,1896,3581,70,100,176,154,179,333,0,0,0,10,9,19,0,0,0,0,0,0,0,0,0,0,0,3,0,3,3,0,0,0,171,190,359,0,3,3,0,5,9,241,298,539,183,187,368,2106,2382,4491
UCL115157,811,842,1653,46,74,126,73,65,134,6,13,14,16,19,36,0,0,5,0,0,0,0,0,0,0,0,3,0,0,0,0,0,0,95,107,202,3,8,12,3,4,7,145,196,340,54,53,112,1012,1089,2102
UCL115158,1806,1884,3694,147,159,304,102,91,190,13,11,28,31,20,51,0,0,3,3,3,8,0,0,0,0,0,0,0,0,0,0,0,0,157,128,281,40,48,91,3,13,11,347,339,684,254,275,524,2406,2491,4902
UCL115159,629,640,1272,19,10,32,65,62,122,0,0,0,0,0,4,0,0,0,0,0,0,0,0,0,0,0,0,0,0,0,0,0,0,68,62,125,0,0,3,0,0,0,88,73,164,63,54,112,782,765,1548
UCL115160,482,494,984,6,4,14,56,39,101,0,0,0,0,0,0,0,0,0,0,0,0,0,0,0,0,0,0,0,0,0,0,0,0,56,45,97,0,0,0,0,0,0,68,49,115,35,35,70,586,579,1171
UCL115161,413,424,835,17,13,30,23,19,43,0,0,6,0,0,0,3,0,4,0,0,0,0,0,0,0,0,0,0,0,0,0,0,0,22,26,49,0,4,3,0,0,0,40,47,89,44,50,92,495,514,1012
UCL121001,345,341,684,9,8,17,22,24,43,0,0,0,6,6,7,0,0,0,0,0,0,0,0,0,0,0,0,0,0,0,0,0,0,26,28,55,0,0,0,0,0,3,38,37,76,35,36,65,411,414,826
UCL121002,247,248,493,19,18,33,11,13,23,0,0,0,0,4,3,0,0,0,0,0,0,0,0,0,0,0,0,0,0,0,0,0,0,7,22,30,0,0,0,0,0,0,29,38,63,29,28,62,305,310,618
UCL121003,273,284,552,5,10,16,18,17,41,3,7,8,0,0,0,0,0,0,0,0,0,0,0,0,0,0,0,4,0,4,0,0,0,25,22,55,0,0,0,0,0,0,36,36,72,18,25,45,335,345,678
UCL121004,254,276,531,8,10,18,10,7,15,0,0,0,3,0,4,0,0,0,0,0,0,0,0,0,0,0,0,0,0,0,0,0,0,17,12,21,0,0,0,0,0,0,20,20,41,13,20,35,291,319,604
UCL121005,253,249,498,3,3,12,11,21,36,0,0,0,0,0,0,0,0,0,0,0,0,0,0,0,0,0,0,0,0,0,0,0,0,10,21,32,0,0,0,0,0,0,22,27,50,15,17,30,285,287,579
UCL121006,244,241,481,12,4,16,13,14,30,0,0,0,0,3,3,0,0,0,0,0,0,0,0,4,0,0,0,0,0,0,0,0,0,18,20,37,0,0,0,0,0,0,29,21,56,16,17,31,289,275,570
UCL121007,384,337,717,43,43,82,21,25,54,4,6,8,3,8,7,0,0,0,0,0,0,0,0,0,0,0,0,4,8,5,0,0,0,33,42,74,0,0,3,0,0,0,77,82,161,34,35,69,489,449,947
UCL121008,351,356,709,27,43,65,12,7,16,6,8,15,3,3,5,0,0,0,0,0,0,0,0,0,0,0,0,0,0,0,0,0,0,21,15,33,0,0,0,0,0,0,46,54,105,59,52,112,461,471,928
UCL121009,219,226,445,9,5,12,8,9,17,0,0,0,9,15,24,0,0,0,0,0,0,0,0,0,0,0,0,0,0,0,0,0,0,24,26,46,0,0,0,6,6,13,37,31,66,22,12,32,274,271,547
UCL121010,314,322,636,18,18,35,23,22,40,0,0,0,4,3,6,0,0,3,0,0,0,0,0,0,0,0,0,0,0,0,0,0,0,29,30,55,0,0,0,0,0,0,48,44,94,71,55,124,434,417,851
UCL121011,387,358,745,19,25,39,30,27,58,0,0,0,0,0,3,0,0,0,0,0,0,0,0,0,0,0,0,0,0,0,0,0,0,31,32,60,0,0,0,0,0,0,52,53,105,39,55,87,471,472,937
UCL121012,378,381,762,3,3,6,19,26,38,0,0,0,0,0,0,0,0,0,0,0,0,0,0,0,0,0,0,0,0,0,0,0,0,19,26,45,0,0,0,0,0,0,17,27,50,22,19,38,418,430,847
UCL121013,314,307,626,22,19,36,27,23,48,0,0,0,0,0,0,0,0,0,0,3,3,0,0,0,0,0,0,0,0,0,0,0,0,24,27,54,0,0,0,3,3,6,51,49,98,71,45,114,438,398,838
UCL121014,296,271,563,7,3,14,29,23,50,3,3,3,0,0,0,0,0,0,0,0,4,0,0,0,0,0,0,0,0,0,0,0,0,38,25,64,0,3,4,3,0,3,47,36,82,41,28,72,381,334,715
UCL121015,196,216,413,7,11,17,13,19,29,0,0,0,7,7,8,0,0,0,0,0,0,0,0,0,0,0,0,0,0,0,0,0,0,19,24,41,3,0,3,0,0,0,27,33,55,15,26,46,243,276,518
UCL121016,361,358,717,14,12,31,34,35,72,0,0,0,0,0,0,0,0,0,0,0,0,0,0,0,0,0,0,0,0,0,0,0,0,39,38,78,0,0,0,0,3,3,50,54,102,41,37,78,448,448,901
UCL121017,283,277,560,9,8,17,14,10,29,0,0,0,3,0,6,0,0,0,0,0,0,0,0,0,0,0,0,0,0,0,0,0,0,19,11,34,0,4,4,0,0,0,28,21,54,19,17,37,329,322,648
UCL121018,197,201,397,7,6,14,22,27,49,3,0,3,8,3,9,0,0,0,0,0,0,0,0,0,0,0,0,0,0,0,0,0,0,33,32,62,0,3,3,0,0,0,40,38,77,17,24,36,255,261,512
UCL121019,267,243,510,18,19,36,8,11,22,4,3,3,0,0,0,0,0,0,0,4,4,0,0,0,0,0,0,0,0,0,0,0,0,19,16,32,0,6,4,0,0,3,33,40,74,37,36,75,334,322,657
UCL121020,307,305,608,14,19,31,10,14,23,0,3,3,3,4,9,0,0,0,0,0,0,0,0,0,0,0,0,0,0,0,0,0,0,13,25,36,0,3,3,0,0,4,32,43,72,45,59,101,381,407,788
UCL121021,178,162,342,9,8,22,30,27,53,0,0,3,0,0,3,0,0,0,0,0,0,0,0,0,0,0,0,0,0,0,0,0,0,30,29,55,0,0,0,0,0,0,41,38,81,46,33,80,268,233,501
UCL121022,396,442,845,12,11,25,35,35,75,0,0,3,7,9,14,0,0,0,0,0,0,0,0,0,0,0,0,0,0,0,0,0,0,44,41,86,0,3,3,0,0,0,61,58,122,54,64,121,513,565,1082
UCL121023,218,243,461,8,11,18,12,19,29,0,0,0,0,0,0,0,0,0,0,0,0,0,0,0,0,0,0,0,0,0,0,0,0,9,19,35,0,0,0,3,0,3,21,31,55,26,19,46,259,295,554
UCL121024,266,273,543,0,3,0,14,12,25,0,0,0,0,0,0,0,0,0,0,0,0,0,0,0,0,0,0,0,0,0,0,0,0,14,12,25,0,3,3,0,5,4,17,22,36,18,11,30,300,303,601
UCL121025,341,339,681,25,29,53,24,27,55,0,0,0,3,5,3,0,0,0,0,0,3,0,0,0,0,0,0,0,0,0,0,0,0,29,32,63,3,3,4,0,3,9,58,71,126,52,45,92,453,451,906
UCL121026,208,221,437,10,9,18,6,12,19,0,0,0,3,0,3,0,0,0,3,0,4,0,0,0,0,0,0,0,0,0,0,0,0,7,19,26,3,3,7,0,0,4,21,31,46,17,17,31,250,273,514
UCL121027,378,409,787,10,10,18,39,43,80,0,0,0,4,6,5,0,0,0,0,0,0,0,0,0,0,0,0,0,0,0,0,0,0,44,50,92,0,0,0,0,0,0,54,55,111,31,25,57,457,494,949
UCL121028,254,229,477,10,15,19,17,20,36,0,0,0,3,0,8,0,0,3,0,0,3,0,0,0,0,0,0,0,0,0,0,0,0,24,21,45,0,0,0,0,0,0,35,36,63,21,21,43,308,283,588
UCL121029,244,233,479,5,7,18,18,17,38,0,0,0,0,3,7,0,0,0,0,0,0,0,0,0,0,0,0,0,0,0,0,0,0,23,18,40,0,0,0,0,0,0,29,28,59,23,31,53,299,287,591
UCL121030,201,195,398,0,8,11,3,3,6,0,9,12,0,0,0,3,0,3,0,0,0,0,0,0,0,0,0,0,0,0,0,0,0,12,10,20,0,0,0,24,16,39,35,35,71,14,10,25,250,241,495
UCL121031,379,343,724,28,23,48,24,19,43,4,3,4,0,0,3,0,0,0,0,0,0,0,0,0,0,0,0,0,3,3,0,0,0,30,30,55,0,3,0,0,0,0,59,48,112,50,40,90,486,434,920
UCL121032,342,355,695,23,20,45,36,42,71,0,4,4,0,0,0,0,0,0,0,0,0,0,0,0,0,0,0,0,0,0,0,0,0,39,44,76,0,0,0,0,0,0,60,65,125,19,29,53,421,453,874
UCL121033,280,307,591,18,21,35,12,13,29,0,0,3,0,0,0,0,0,0,0,0,0,0,0,0,0,0,0,0,0,0,0,0,0,15,14,32,0,3,3,0,0,0,32,33,68,37,41,76,350,385,740
UCL121034,203,227,436,38,33,67,24,20,36,0,0,0,3,0,4,0,0,0,0,0,0,0,0,0,3,0,3,0,0,0,0,0,0,29,19,48,0,0,0,0,0,0,67,56,125,29,15,41,304,303,604
UCL121035,336,362,698,18,7,22,49,52,100,0,0,0,3,0,4,0,0,0,0,0,0,0,0,0,0,0,0,0,0,0,0,0,0,51,54,104,0,0,0,0,0,0,66,63,125,34,34,67,437,451,896
UCL121036,395,411,808,10,11,21,27,28,58,0,0,0,0,3,3,0,0,0,3,3,7,0,0,0,0,0,0,0,0,0,0,0,0,32,34,68,0,0,3,3,3,6,53,49,96,26,25,58,473,480,957
UCL121037,322,294,618,6,8,22,32,37,66,3,0,3,0,0,0,0,0,0,0,0,0,0,0,0,0,0,0,0,3,3,0,0,0,41,37,76,0,3,5,3,0,3,49,50,104,29,18,48,402,366,763
UCL121038,208,193,407,17,15,27,8,12,12,0,0,0,4,3,6,0,0,0,0,0,0,0,0,0,0,0,0,0,0,0,0,0,0,10,11,22,0,3,3,0,0,4,29,32,56,25,25,47,262,244,509
UCL121039,187,185,376,3,10,12,3,3,7,8,16,30,0,0,0,0,0,0,0,0,0,0,0,0,0,0,0,0,0,0,0,0,0,12,23,38,0,0,0,3,0,3,18,31,54,50,40,81,252,258,512
UCL121040,187,176,369,6,3,10,22,36,57,3,3,8,4,0,6,0,0,0,0,0,4,0,0,0,0,0,0,0,0,0,0,0,0,30,45,71,4,8,16,0,0,0,41,51,95,51,55,111,282,285,572
UCL121041,233,224,453,0,0,0,25,25,51,0,0,0,0,0,0,0,0,0,0,0,3,0,0,0,0,0,0,0,0,0,0,0,0,23,25,52,0,0,0,0,0,0,23,28,49,17,11,35,275,263,539
UCL121042,231,237,469,6,12,19,15,17,38,0,0,0,0,0,0,3,0,3,0,3,3,0,0,0,0,0,0,0,0,0,0,0,0,20,23,37,0,0,0,0,0,0,22,36,60,29,36,67,286,303,594
UCL121043,224,227,452,7,6,20,38,35,80,0,0,0,4,3,7,0,0,0,0,0,3,0,0,0,0,0,0,0,0,0,0,0,0,45,41,91,3,6,9,4,0,3,59,62,123,33,38,69,320,320,642
UCL121044,270,279,557,8,10,18,21,18,37,0,0,0,0,0,0,0,0,0,0,0,0,0,0,0,0,0,0,0,0,0,0,0,0,21,17,35,0,0,3,0,0,0,28,31,59,26,32,53,328,339,667
UCL121045,204,196,399,14,27,44,21,17,41,0,0,0,0,0,3,0,0,0,0,0,0,0,0,0,0,0,0,0,0,0,0,0,0,20,22,42,3,0,3,0,0,0,38,46,88,16,21,38,265,266,529
UCL121046,192,202,394,11,21,35,17,16,32,0,0,0,4,0,4,0,0,0,0,0,0,0,0,0,0,0,0,17,18,31,0,0,0,35,34,70,3,3,5,0,0,0,50,58,108,17,18,36,260,272,536
UCL121047,315,381,697,32,43,79,49,53,102,0,0,8,0,3,3,0,0,0,0,0,0,0,0,0,0,0,0,0,0,0,0,0,0,51,56,111,0,3,5,0,3,3,91,100,194,20,23,44,432,506,937
UCL121048,242,240,483,6,8,15,21,21,44,3,4,5,0,3,3,0,0,0,0,0,0,0,0,0,0,0,0,0,0,0,0,0,0,26,26,50,4,0,4,0,0,0,31,36,69,28,14,43,302,294,597
UCL121049,224,283,510,8,3,9,20,20,38,0,0,3,11,8,16,0,0,0,0,0,0,0,0,0,0,0,0,0,0,0,0,0,0,28,32,63,0,3,5,0,5,5,36,41,82,32,28,61,295,356,647
UCL121050,466,433,894,41,49,87,59,53,110,0,0,0,5,7,9,0,0,0,0,0,3,0,0,0,0,0,0,0,0,0,0,0,0,66,61,124,6,6,9,0,0,0,106,113,215,49,54,102,624,593,1214
UCL121051,356,373,734,39,34,71,27,21,52,0,0,3,0,6,3,0,0,0,0,0,0,0,0,0,0,0,0,0,0,0,0,0,0,25,33,57,0,0,0,10,0,10,73,63,132,32,37,65,456,477,937
UCL121052,294,297,591,16,8,24,24,37,63,0,0,3,0,0,0,0,0,0,0,0,0,0,0,3,0,0,0,0,0,0,0,0,0,32,40,67,3,4,8,0,0,0,42,60,104,30,47,81,375,401,778
UCL121053,383,407,792,5,4,11,46,47,91,0,0,0,0,0,0,0,0,0,0,0,0,0,0,0,0,0,0,0,0,0,0,0,0,44,43,87,0,0,3,0,3,0,52,53,109,40,31,66,475,485,963
UCL121054,319,300,620,8,14,28,10,8,21,8,3,13,0,0,0,0,0,0,0,0,0,0,0,0,0,0,0,0,0,0,0,0,0,18,15,33,0,0,3,0,0,0,33,35,66,60,58,115,404,390,802
UCL121055,317,347,663,0,0,0,31,30,59,0,0,3,0,0,0,0,0,0,0,0,0,0,0,0,0,0,0,0,0,0,0,0,0,29,25,63,0,0,0,0,0,0,29,29,61,16,22,34,370,395,757
UCL121056,262,261,526,17,17,30,21,22,47,3,3,3,0,0,0,0,0,0,0,0,0,0,0,0,0,0,0,7,3,5,0,0,0,30,32,59,0,0,3,0,0,0,44,48,93,45,37,81,351,346,703
UCL121057,322,349,668,26,31,60,26,21,43,0,0,0,5,8,8,0,0,0,0,0,0,0,0,3,0,3,7,0,0,0,0,0,0,32,28,55,0,0,0,0,0,0,57,60,122,26,29,52,406,441,845
UCL121058,308,272,578,6,4,8,27,27,52,0,0,0,0,4,4,0,0,0,0,3,0,0,0,0,0,0,0,0,0,0,0,0,0,32,30,62,0,0,0,0,0,0,37,39,70,9,9,18,351,319,669
UCL121059,605,631,1238,14,28,37,76,62,147,3,3,7,0,0,4,0,3,4,0,0,0,0,0,0,0,0,0,0,0,0,0,0,0,89,72,161,0,3,3,3,0,3,102,103,202,57,57,114,767,790,1559
UCL121060,208,221,432,16,29,45,20,13,33,0,0,0,0,0,0,0,0,0,0,0,0,0,0,0,0,0,0,0,0,0,0,0,0,22,18,34,0,3,6,0,0,0,39,45,84,17,23,38,257,290,553
UCL121061,382,378,752,15,13,27,21,15,34,0,0,0,0,0,0,0,0,0,4,3,3,0,0,0,0,0,0,0,0,0,0,0,0,21,17,37,0,0,0,3,0,4,42,35,75,50,40,96,477,451,929
UCL121062,370,378,743,14,14,31,32,45,81,0,0,0,0,0,0,0,0,0,0,0,0,0,0,0,0,0,0,0,0,0,0,0,0,32,51,83,4,0,5,0,0,0,49,64,116,38,44,79,461,481,947
UCL121063,282,260,541,3,12,11,12,14,35,0,3,3,3,0,4,0,0,0,0,0,0,0,0,0,0,0,0,0,0,0,0,0,0,23,20,38,3,4,7,0,0,0,27,34,60,15,18,39,324,316,637
UCL121064,330,330,655,3,11,13,19,26,44,4,3,11,10,4,16,0,0,0,0,0,0,0,0,0,0,0,0,0,0,0,0,0,0,34,33,66,0,0,3,0,0,0,38,47,85,43,44,93,416,420,829
UCL121065,319,332,651,23,30,50,13,19,32,0,3,3,0,0,3,3,3,3,0,0,0,0,0,0,0,0,0,0,0,0,0,0,0,16,25,39,0,0,0,0,0,0,43,52,89,27,41,66,390,422,810
UCL121066,577,604,1178,25,25,47,57,48,105,3,3,8,0,0,3,0,0,0,5,3,12,0,0,0,0,0,0,9,14,17,0,0,0,73,66,142,3,0,0,0,0,0,103,95,193,76,65,141,755,760,1515
UCL121067,235,212,453,0,0,6,17,16,32,0,0,0,0,0,0,0,0,0,0,0,0,0,0,0,0,0,0,0,0,0,0,0,0,20,16,34,0,0,0,0,0,0,23,17,42,13,11,18,273,238,507
UCL121068,211,226,440,12,16,24,8,6,17,0,0,0,3,3,4,0,0,0,0,0,0,0,0,0,0,0,0,0,0,0,0,0,0,14,10,20,0,0,0,0,0,0,26,24,46,8,8,14,242,260,503
UCL121069,282,262,547,9,9,18,28,34,59,0,0,0,0,3,5,0,0,0,0,0,0,0,0,0,0,0,0,3,0,0,0,0,0,37,33,70,0,0,0,3,0,3,45,49,91,12,15,28,342,325,666
UCL121070,287,267,550,9,9,20,5,6,8,9,13,26,0,0,0,0,0,0,0,0,0,0,0,0,0,0,0,0,0,0,0,0,0,18,25,35,0,3,3,0,0,0,25,34,62,19,23,45,331,321,658
UCL121071,225,245,471,16,13,27,8,18,26,0,0,0,0,3,3,7,3,5,0,0,0,0,0,0,0,0,0,0,0,0,0,0,0,12,24,33,4,3,11,0,0,0,34,37,77,26,19,44,282,306,589
UCL121072,220,273,491,0,3,5,26,40,67,0,0,0,0,0,0,0,0,0,0,0,0,0,0,0,0,0,0,0,0,0,0,0,0,31,41,68,3,3,4,0,3,3,31,48,83,13,22,36,268,338,612
UCL121073,350,373,721,45,56,104,26,28,51,4,3,8,3,0,3,0,0,0,0,0,0,0,0,0,0,0,0,0,0,0,0,0,0,29,29,59,3,0,0,3,0,3,79,86,168,42,48,83,467,500,967
UCL121074,262,284,545,14,10,22,37,48,85,0,0,0,0,0,0,0,0,0,0,0,0,0,0,0,0,0,0,0,0,0,0,0,0,37,48,85,0,0,0,0,0,0,47,56,102,55,47,102,359,394,754
UCL121075,259,296,554,16,21,37,17,41,63,0,0,0,0,0,0,0,0,0,0,0,0,0,0,0,0,0,0,0,0,0,0,0,0,18,41,61,0,0,3,0,0,0,41,63,104,30,30,60,331,392,720
UCL121076,325,305,627,7,8,15,22,25,48,0,0,0,0,0,0,0,0,0,0,0,0,0,0,0,0,0,0,0,0,0,0,0,0,22,25,49,0,0,3,0,0,0,29,31,64,8,4,13,365,344,709
UCL121077,232,229,464,0,8,6,3,4,10,0,0,0,4,3,3,0,0,0,0,0,0,0,0,0,0,0,0,0,0,0,0,0,0,6,12,17,0,0,0,0,0,0,8,18,25,17,23,40,266,264,529
UCL121078,279,302,578,9,11,21,70,73,144,0,0,3,8,3,14,0,0,0,0,0,0,0,0,0,0,0,0,0,0,0,0,0,0,77,80,155,0,0,0,0,0,0,94,88,182,24,21,52,396,416,810
UCL121079,218,213,425,3,3,7,25,21,50,0,0,4,3,5,8,0,0,0,0,0,0,0,0,0,3,0,6,0,0,0,0,0,0,30,28,62,3,0,0,3,3,4,39,34,80,20,16,31,275,261,534
UCL121080,373,389,763,30,28,60,21,23,43,3,3,4,0,5,6,0,3,3,0,0,0,0,0,0,0,0,0,3,8,12,0,0,0,29,45,70,3,5,7,3,3,3,68,70,140,37,32,70,482,492,971
UCL121081,342,346,684,19,24,43,50,45,98,0,0,0,0,0,0,0,0,0,0,0,0,0,0,0,0,3,3,0,0,0,0,0,0,48,49,103,4,4,8,0,0,0,76,81,156,65,57,119,479,478,962
UCL121082,320,318,634,3,8,10,29,26,55,0,0,0,0,0,0,0,0,0,0,0,0,0,0,0,0,0,0,0,0,0,0,0,0,29,26,55,0,0,0,0,0,0,30,28,59,19,15,36,372,361,736
UCL121083,322,346,667,38,30,66,62,60,120,0,3,3,0,0,0,0,0,0,0,0,4,0,0,0,0,0,0,0,0,0,0,0,0,60,67,128,0,3,11,0,0,0,104,103,205,23,23,47,451,471,927
UCL121084,300,363,659,18,22,36,25,26,47,0,0,0,3,0,4,0,0,0,0,0,0,0,0,0,0,3,4,0,0,0,0,0,0,27,27,56,0,0,0,0,4,7,47,49,93,58,61,123,402,473,879
UCL121085,254,247,495,9,10,16,22,26,55,0,0,0,4,0,7,0,0,0,0,0,0,0,0,0,0,0,0,0,0,0,0,0,0,24,27,58,0,0,0,4,0,6,40,42,83,22,21,48,314,307,624
UCL121086,219,241,459,10,12,26,21,27,51,0,0,0,0,0,0,0,0,0,0,0,0,0,0,0,0,0,0,0,0,0,0,0,0,21,27,51,0,0,5,0,0,0,38,39,79,12,24,42,268,304,575
UCL121087,361,346,705,14,14,31,27,36,66,0,0,0,0,0,0,0,0,0,0,0,0,0,0,0,0,0,0,0,0,0,0,0,0,32,35,63,0,0,3,9,0,8,53,48,104,39,28,70,455,426,876
UCL121088,240,231,473,10,10,24,27,36,62,0,0,0,3,0,8,0,0,0,0,0,0,0,0,0,0,0,0,0,0,0,0,0,0,30,34,66,0,0,0,0,0,0,43,50,87,28,21,47,304,302,603
UCL121089,375,379,753,12,9,17,20,31,50,0,0,0,0,0,0,0,0,0,0,0,0,0,0,0,0,0,0,0,0,0,0,0,0,26,28,51,0,0,0,0,0,0,38,38,73,35,22,60,439,444,890
UCL121090,265,276,535,10,5,14,20,25,43,0,0,5,4,8,8,0,0,0,4,0,4,0,0,0,0,0,0,0,0,0,0,0,0,29,34,61,0,0,0,0,0,0,35,38,76,22,18,42,320,329,650
UCL121091,442,418,859,12,10,23,39,54,99,0,0,0,0,0,0,0,0,0,0,0,0,0,0,0,0,0,0,0,0,0,0,0,0,39,56,98,3,3,6,0,0,0,55,66,123,37,36,75,538,521,1061
UCL121092,357,344,702,13,13,29,18,43,62,0,0,0,0,0,0,0,0,0,0,0,0,0,0,0,0,0,0,0,0,0,0,0,0,18,43,62,0,0,0,0,0,0,32,55,93,45,59,105,441,458,895
UCL121093,267,276,540,19,28,45,20,20,48,4,0,5,0,0,0,0,0,0,0,0,0,0,3,3,0,0,0,0,0,0,0,0,0,24,28,49,0,3,3,3,0,4,44,55,106,40,38,76,354,368,719
UCL121094,228,227,452,11,15,18,17,14,30,0,0,0,0,0,0,0,0,0,0,0,0,0,0,0,0,0,0,0,0,0,0,0,0,19,14,33,3,0,7,0,0,0,28,30,58,22,26,49,281,284,564
UCL121095,164,190,356,15,16,36,38,33,72,0,0,0,3,0,4,0,0,0,0,0,0,0,0,0,0,0,0,0,0,0,0,0,0,45,36,76,0,0,0,3,3,7,65,57,121,18,17,34,246,265,510
UCL121096,260,278,533,4,7,6,24,27,51,0,0,0,0,0,3,0,0,0,0,0,0,0,0,0,0,0,0,0,0,0,0,0,0,25,26,55,0,0,0,5,0,4,32,36,69,17,22,40,306,336,645
UCL121097,325,354,686,7,11,17,17,38,52,0,0,0,4,5,11,0,0,0,0,0,0,0,0,0,0,0,3,0,0,0,0,0,0,24,45,68,0,0,0,3,0,3,31,57,85,17,29,48,379,437,819
UCL121098,232,252,485,21,24,48,19,17,33,0,0,0,0,3,3,0,0,0,0,3,0,0,0,0,0,0,0,0,0,0,0,0,0,23,25,39,0,0,0,0,0,0,41,47,90,35,31,59,305,326,632
UCL121099,361,380,745,29,21,58,31,18,47,0,0,0,0,3,4,0,0,0,0,0,0,0,0,0,3,0,3,0,0,0,0,0,0,38,26,63,3,7,15,0,0,0,69,60,133,28,25,55,465,465,929
UCL121100,451,446,897,13,22,32,40,42,81,0,0,0,0,3,3,0,0,0,0,0,0,0,0,0,3,0,5,0,0,0,0,0,0,47,44,93,0,0,0,3,0,3,64,67,130,46,46,94,562,558,1118
UCL121101,354,329,682,23,29,55,35,29,63,3,0,3,10,10,11,0,0,0,0,0,6,0,0,0,0,0,0,0,0,0,0,0,0,46,40,85,0,3,3,0,0,0,72,68,142,34,38,69,460,431,895
UCL121102,360,389,752,19,17,34,24,20,45,0,0,0,0,0,0,0,0,0,0,0,0,0,0,0,0,0,0,0,0,0,0,0,0,27,22,49,0,0,0,0,0,0,47,46,86,38,51,85,444,478,924
UCL121103,258,314,572,18,22,45,29,28,61,0,0,0,0,0,0,0,0,0,0,0,0,0,0,0,0,0,0,0,0,0,0,0,0,30,28,57,0,0,0,0,3,3,51,53,105,18,17,35,324,386,709
UCL121104,252,246,498,21,16,43,32,29,61,0,0,0,6,5,10,0,0,0,0,0,0,0,0,0,0,0,0,0,0,0,0,0,0,36,35,72,0,0,0,0,0,0,58,57,114,36,30,69,342,329,674
UCL121105,268,270,537,19,15,38,39,47,82,0,0,0,0,0,0,0,0,0,0,0,0,0,0,0,0,0,3,0,0,3,0,0,0,40,50,89,0,0,0,0,0,0,58,68,127,19,20,36,339,356,695
UCL121106,346,353,699,10,22,35,19,24,40,0,0,0,0,3,3,0,0,0,0,0,0,0,0,0,3,0,3,3,0,3,0,0,0,25,29,50,0,0,0,4,0,4,34,51,87,49,47,91,433,446,877
UCL121107,263,304,566,31,19,49,30,33,63,0,0,0,6,4,10,0,0,0,0,0,0,0,0,0,0,0,0,0,0,0,0,0,0,39,37,71,3,0,3,0,0,3,68,52,122,27,35,54,357,386,747
UCL121108,223,195,415,5,3,6,10,14,30,0,0,0,7,4,9,0,0,0,0,0,0,0,0,0,0,0,0,0,0,3,0,0,0,17,25,38,0,0,0,0,0,0,25,29,50,21,33,52,269,253,524
UCL121109,345,365,712,15,24,46,23,14,43,0,0,0,5,3,10,0,0,3,0,0,3,0,0,0,0,0,0,0,0,0,0,0,0,35,22,55,0,3,0,0,0,0,50,50,103,29,30,60,429,440,874
UCL121110,306,293,604,24,27,42,15,15,25,0,0,0,0,0,0,0,0,0,3,0,3,0,0,0,0,0,0,0,0,0,0,0,0,17,16,36,0,0,0,0,0,0,36,40,78,43,45,88,393,377,769
UCL121111,298,303,600,13,16,27,31,25,59,0,0,3,0,0,0,0,0,0,0,0,0,0,0,0,0,0,0,0,0,0,0,0,0,33,27,65,0,0,0,0,0,0,46,45,91,36,31,69,375,378,752
UCL121112,228,231,461,7,5,13,8,19,25,3,12,10,0,0,0,0,0,0,0,0,0,0,0,0,0,0,6,0,0,0,0,0,0,16,28,49,0,0,0,0,0,0,21,40,62,17,17,36,270,292,562
UCL121113,263,263,530,30,26,54,25,24,46,0,0,3,5,8,15,0,0,0,0,0,0,0,0,0,0,0,0,0,0,0,0,0,0,26,32,62,0,0,3,3,0,6,59,65,121,16,12,27,335,342,674
UCL121114,236,232,467,11,8,20,16,16,39,0,9,6,0,0,3,0,0,0,0,0,0,0,0,0,3,0,3,5,5,10,0,0,0,26,34,60,0,3,4,0,0,0,37,47,82,29,24,50,303,301,601
UCL121115,424,411,832,7,3,10,24,32,59,0,0,0,0,0,0,0,0,0,0,0,0,0,0,0,0,0,0,0,0,0,0,0,0,24,32,56,0,0,0,0,0,0,32,37,69,23,26,53,472,473,953
UCL121116,243,232,471,11,15,31,22,18,48,0,0,3,4,4,6,0,0,0,0,0,0,0,0,0,0,0,0,0,0,0,0,0,0,30,25,54,8,3,8,0,3,5,50,46,102,45,40,85,332,325,657
UCL121117,342,379,721,5,9,15,24,34,63,0,0,0,5,4,5,0,0,0,0,0,0,0,0,0,0,0,0,4,0,0,0,0,0,36,44,77,0,3,5,0,0,0,46,53,97,28,20,48,413,456,863
UCL121118,213,239,450,0,5,7,7,15,21,0,0,0,0,3,3,0,0,0,0,0,0,0,0,0,0,0,0,0,0,0,0,0,0,11,16,29,3,3,3,16,13,35,36,36,70,17,8,22,261,277,540
UCL121119,236,232,473,5,7,12,26,27,55,0,0,0,0,5,3,0,0,0,3,5,3,0,0,0,0,0,0,0,0,0,0,0,0,29,33,60,0,0,0,0,0,0,33,43,74,23,30,49,296,301,595
UCL121120,240,222,461,14,18,32,18,13,32,0,0,0,3,7,5,0,0,0,0,0,3,0,0,0,0,0,0,0,0,0,0,0,0,22,17,43,0,0,0,0,0,0,31,37,73,40,37,76,305,299,604
UCL121121,307,310,611,22,15,40,15,16,33,0,0,0,12,10,22,0,0,0,0,0,3,0,0,0,0,0,0,0,0,0,0,0,0,35,27,59,0,0,0,0,0,3,56,45,105,51,52,106,413,411,822
UCL121122,250,244,495,13,29,43,10,9,22,0,3,0,7,5,8,0,0,0,0,0,0,0,0,0,0,0,0,0,0,0,0,0,0,20,21,34,0,0,0,0,0,0,33,48,77,13,13,31,298,304,603
UCL121123,206,197,401,19,29,45,8,7,18,0,0,0,0,0,0,0,0,0,0,0,0,0,0,0,0,0,0,0,0,0,0,0,0,11,9,21,0,0,0,0,0,0,31,35,68,23,18,40,257,256,508
UCL121124,203,205,405,15,15,30,0,0,5,0,0,0,0,3,3,0,0,0,0,0,0,0,0,0,0,0,0,0,0,0,0,0,0,8,7,11,0,0,0,0,0,0,21,18,42,23,26,47,252,243,499
UCL121125,268,271,540,3,3,3,25,32,49,0,0,0,0,0,0,0,0,0,0,0,0,0,0,0,0,0,0,0,0,0,0,0,0,25,32,49,0,0,0,0,0,0,22,33,58,21,28,55,322,332,652
UCL121126,462,492,951,6,5,13,25,32,58,0,0,3,0,0,0,0,0,0,0,0,0,0,0,0,0,0,0,0,0,0,0,0,0,27,39,65,0,3,3,3,0,3,36,47,88,39,35,76,538,575,1115
UCL122001,109,99,210,5,0,6,8,4,14,0,0,0,0,0,0,0,0,0,0,0,0,0,0,0,0,0,0,0,0,0,0,0,0,8,4,14,0,0,0,0,0,0,14,9,16,25,31,60,147,135,287
UCL122002,97,79,178,5,3,7,6,4,14,0,0,0,0,0,0,0,0,0,0,0,0,0,0,0,0,0,0,0,0,0,0,0,0,6,10,17,3,0,3,0,0,0,9,9,24,3,4,9,111,92,210
UCL122003,152,143,299,0,3,6,9,7,11,0,0,0,0,0,0,0,0,0,0,0,0,0,0,0,0,0,0,0,0,0,0,0,0,9,7,11,0,0,0,0,0,0,6,9,22,6,8,19,167,165,331
UCL122004,85,90,174,9,4,16,0,0,6,0,0,0,0,0,0,0,0,0,0,0,0,0,0,0,0,0,0,0,0,0,0,0,0,0,7,9,0,0,0,0,0,0,9,14,21,12,12,23,102,118,222
UCL122005,134,137,270,5,3,11,8,10,16,0,0,0,0,0,0,0,0,0,0,0,0,0,0,0,0,0,0,0,0,0,0,0,0,9,9,23,0,0,3,0,0,0,13,15,35,39,35,77,188,193,385
UCL122006,105,99,205,0,3,3,9,14,27,0,0,0,0,0,0,0,0,0,0,0,0,0,0,0,0,0,0,0,0,0,0,0,0,9,11,22,0,0,0,0,0,0,15,18,26,8,6,17,126,122,248
UCL122007,171,179,350,3,5,8,8,19,31,0,0,0,7,7,13,0,0,0,0,0,0,0,0,0,0,0,0,0,0,0,0,0,0,18,30,43,0,0,0,0,0,0,23,37,51,18,23,35,201,236,437
UCL122008,119,116,234,8,9,21,7,8,11,0,0,0,0,0,0,0,0,0,0,0,0,0,0,0,0,0,0,0,0,0,0,0,0,7,8,11,0,0,0,0,0,0,18,14,33,11,19,23,144,145,292
UCL122009,128,132,261,11,11,18,8,14,24,0,0,0,0,0,0,0,0,0,0,0,0,0,0,0,0,0,0,0,0,0,0,0,0,14,14,23,0,0,0,0,0,0,22,24,39,17,13,22,166,169,332
UCL122010,151,137,283,3,4,9,4,9,14,0,0,0,0,0,0,0,0,0,0,0,0,0,0,0,0,0,0,0,0,0,0,0,0,4,9,14,0,0,0,0,3,7,11,20,34,11,15,26,176,170,340
UCL122011,141,132,275,0,0,0,16,12,30,0,0,0,0,0,0,0,0,0,0,0,0,0,0,0,0,0,0,0,0,0,0,0,0,15,12,33,3,3,9,0,0,0,23,18,40,3,4,12,169,149,320
UCL122012,130,106,239,6,4,11,19,12,33,0,0,3,0,0,0,0,0,0,0,0,0,0,0,0,0,0,0,0,0,0,0,0,0,18,14,35,0,0,0,0,0,0,22,25,45,20,23,37,173,152,328
UCL122013,84,83,170,5,6,12,5,8,15,0,0,0,0,0,0,0,0,0,0,0,0,0,0,0,0,0,0,0,0,0,0,0,0,5,8,15,0,0,0,0,0,0,14,15,28,8,7,18,114,114,224
UCL122014,124,133,256,0,0,0,10,11,18,0,0,0,0,0,0,0,0,0,0,0,0,0,0,0,0,0,0,0,0,0,0,0,0,13,11,19,0,0,0,0,0,3,15,8,23,19,18,39,161,160,316
UCL122015,139,122,263,3,3,10,8,3,6,0,0,3,0,0,0,0,0,0,0,0,0,0,0,0,0,0,0,0,4,8,0,0,0,10,5,17,0,0,0,0,0,0,12,12,24,14,19,34,164,153,317
UCL122016,74,79,154,4,3,4,16,10,27,0,0,0,3,0,3,0,0,0,0,0,0,0,0,0,0,0,0,0,0,3,0,0,0,14,15,32,0,0,0,0,0,0,20,17,35,7,5,13,102,100,199
UCL122017,100,101,208,3,6,7,10,8,17,0,0,0,0,0,0,0,0,0,0,0,0,0,0,0,0,0,0,0,0,0,0,0,0,12,5,19,0,0,0,0,0,0,18,10,27,5,5,12,123,121,251
UCL122018,131,117,248,12,16,33,12,6,20,0,0,0,0,0,3,0,0,0,0,0,0,0,4,5,0,0,0,5,6,8,0,0,0,14,17,34,0,0,0,0,0,0,35,30,62,8,7,18,168,162,328
UCL122019,171,161,331,18,10,24,10,10,26,0,0,0,0,0,3,0,0,0,0,0,0,0,0,0,0,0,0,0,0,0,0,0,0,13,14,25,0,0,0,0,0,0,27,21,53,23,23,41,217,204,424
UCL122020,114,119,235,0,3,7,12,4,17,0,0,3,0,0,0,0,0,0,0,0,0,0,0,0,0,0,0,0,0,0,0,0,0,16,9,23,0,0,0,3,3,7,21,14,29,12,15,22,143,141,292
UCL122021,114,120,233,3,0,9,8,9,16,0,0,0,0,0,3,0,0,0,0,0,0,0,0,0,0,0,0,0,0,0,0,0,0,7,13,23,3,0,3,0,0,0,17,19,36,21,15,32,151,153,303
UCL122022,87,72,159,0,0,0,3,6,12,0,0,0,0,0,0,0,0,0,0,0,0,0,0,0,0,0,0,0,0,0,0,0,0,3,4,12,0,0,0,0,0,0,3,7,13,12,8,17,103,85,191
UCL122023,179,169,354,11,11,24,7,4,15,0,0,0,0,0,0,0,0,0,0,0,0,0,0,0,0,0,0,0,0,0,0,0,0,7,4,15,0,0,0,0,0,0,25,19,41,15,16,40,219,212,430
UCL122024,155,144,300,15,9,25,10,16,25,0,3,5,0,0,0,0,0,0,0,0,0,0,0,3,0,0,0,0,0,0,0,0,0,20,16,31,0,0,0,0,3,3,30,30,65,9,8,12,195,182,383
UCL122025,194,169,365,21,16,36,6,15,24,0,0,0,4,0,4,0,0,0,0,0,0,3,3,3,0,0,0,0,0,0,0,0,0,15,16,31,5,3,8,0,0,0,37,37,78,23,15,35,255,224,475
UCL122026,120,115,239,3,4,6,3,8,9,0,0,0,0,0,0,0,0,0,0,0,0,0,0,0,0,0,4,0,0,0,0,0,0,3,10,12,0,0,0,0,0,0,7,13,19,12,17,30,141,144,279
UCL122027,194,167,363,11,3,11,16,21,31,3,3,4,6,7,14,0,0,0,0,0,3,0,0,0,0,0,0,0,0,0,0,0,0,23,32,51,3,4,3,0,0,0,37,39,71,26,19,47,252,228,481
UCL122028,96,99,195,3,6,4,14,5,16,0,0,0,0,0,0,0,0,0,0,0,0,0,0,0,0,0,0,0,0,0,0,0,0,14,5,16,0,0,0,0,0,0,11,14,22,10,7,11,121,112,231
UCL122029,92,89,179,0,0,0,4,3,6,0,0,0,3,0,8,0,0,0,0,0,0,0,0,0,0,0,0,0,0,0,0,0,0,11,5,13,0,3,3,0,0,0,10,11,19,8,0,8,109,101,208
UCL122030,150,166,316,5,3,11,12,20,34,0,0,3,3,3,3,0,0,0,0,0,0,0,0,0,0,0,0,0,0,0,0,0,0,16,23,35,0,0,0,0,0,3,19,23,50,18,14,29,184,208,399
UCL122031,76,87,161,0,0,5,11,12,28,3,0,3,0,0,0,0,0,0,0,0,0,0,0,0,0,0,0,0,0,0,0,0,0,17,10,26,0,0,0,0,0,0,17,17,32,5,8,11,93,110,207
UCL122032,138,145,291,3,3,11,4,4,11,0,0,0,0,0,3,0,0,0,0,0,0,0,0,0,0,0,0,0,4,4,0,0,0,4,9,19,0,0,0,0,0,0,8,13,26,27,15,42,176,179,355
UCL122033,142,131,270,0,0,0,12,8,22,0,0,0,0,0,3,0,0,0,0,0,0,0,0,0,0,0,0,0,0,0,0,0,0,15,10,23,0,0,0,0,0,0,15,10,23,7,4,5,161,144,304
UCL122034,185,167,354,0,4,11,4,7,15,0,0,0,9,8,13,0,0,0,0,0,0,0,0,0,0,0,3,7,7,15,0,0,0,18,23,40,0,0,3,0,0,0,20,31,50,26,19,44,233,213,448
UCL122035,87,86,171,3,10,7,0,7,8,0,0,0,0,0,0,0,0,0,0,0,0,0,0,0,0,0,0,0,0,0,0,0,0,0,7,8,0,0,0,0,0,0,3,16,20,8,3,11,93,103,197
UCL122036,91,96,184,3,7,9,18,20,33,0,0,0,0,0,0,0,0,0,0,0,0,0,0,0,0,0,0,0,0,0,0,0,0,18,20,33,0,0,0,0,0,0,23,21,47,10,14,20,118,128,249
UCL122037,98,89,186,0,0,0,3,3,7,0,0,0,0,0,0,0,0,0,0,0,0,0,0,0,0,0,0,0,0,0,0,0,0,3,3,7,0,0,0,0,0,0,8,4,8,3,3,10,106,98,205
UCL122038,131,159,293,4,16,23,11,7,22,0,3,3,0,3,4,0,0,0,0,0,0,0,0,0,0,0,0,0,0,0,0,0,0,15,13,24,0,5,3,0,0,0,19,29,51,20,27,44,172,216,386
UCL122039,173,160,329,8,14,17,19,23,39,0,0,0,3,3,8,4,0,4,0,0,0,0,0,0,0,0,0,0,0,0,0,0,0,24,23,48,0,0,0,10,3,12,38,38,80,11,8,17,223,205,429
UCL122040,135,129,261,7,3,12,12,21,33,0,0,0,0,0,0,0,0,0,0,0,0,0,0,0,0,0,0,0,0,0,0,0,0,16,21,28,0,3,3,0,0,0,20,26,48,18,12,29,168,169,338
UCL122041,140,154,291,11,10,19,13,14,24,0,0,0,0,0,0,0,0,0,0,0,0,0,0,0,0,0,0,0,0,0,0,0,0,13,17,28,0,0,0,0,0,0,26,26,46,10,10,24,174,191,366
UCL122042,151,146,302,4,4,9,13,10,22,0,0,0,0,3,3,0,0,0,0,0,0,0,0,0,0,0,0,0,0,0,0,0,0,14,16,28,0,0,3,4,0,4,20,23,42,20,25,40,195,194,388
UCL122043,132,133,265,3,8,9,12,7,15,0,0,0,0,0,0,0,0,0,0,0,0,0,0,0,0,0,0,0,0,0,0,0,0,12,7,15,0,0,0,0,0,0,12,8,24,13,10,16,152,148,303
UCL122044,147,122,271,0,4,3,9,9,19,0,0,0,0,0,0,0,0,0,0,0,0,0,0,0,0,0,0,0,0,0,0,0,0,9,9,19,0,0,0,0,0,0,8,16,24,13,5,16,172,140,312
UCL122045,75,63,133,0,0,0,3,3,9,0,0,0,0,0,0,0,0,0,0,0,0,0,0,0,0,0,0,0,0,0,0,0,0,3,3,9,0,0,0,0,0,0,6,6,8,27,36,68,110,103,212
UCL122046,127,91,219,6,4,14,9,0,8,0,0,0,4,0,4,0,0,0,0,0,3,0,0,0,0,0,3,0,0,0,0,0,0,14,3,18,0,0,0,0,0,0,17,8,28,11,6,24,158,111,263
UCL122047,178,164,342,8,8,14,15,15,25,0,0,0,0,0,0,0,0,0,0,0,3,0,0,0,0,0,0,0,0,0,0,0,0,16,14,27,0,0,0,0,0,0,19,27,45,36,23,61,239,211,448
UCL122048,102,123,220,17,17,31,10,6,20,0,0,0,0,0,0,0,0,0,0,0,0,0,0,0,0,0,0,0,0,0,0,0,0,10,6,20,0,0,0,0,0,0,22,26,48,18,14,31,143,163,304
UCL122049,121,112,232,0,7,10,11,15,24,0,0,0,3,3,5,0,0,0,0,0,0,0,0,0,0,0,0,0,0,0,0,0,0,16,20,30,0,0,0,0,3,3,16,28,40,11,13,25,146,157,304
UCL122050,116,96,216,7,6,17,0,3,6,0,0,0,0,0,0,0,0,0,0,0,0,0,0,0,0,4,4,0,0,0,0,0,0,4,3,11,0,0,0,0,0,0,11,15,26,18,14,36,143,128,273
UCL122051,106,97,204,9,0,4,14,13,23,0,0,0,3,3,9,0,0,0,0,0,0,0,0,0,0,0,0,0,0,0,0,0,0,19,18,36,0,0,0,0,0,0,24,19,39,15,22,36,139,139,282
UCL122052,164,174,341,3,7,9,6,4,12,0,0,0,4,3,8,0,0,0,0,0,0,0,0,0,0,0,0,0,0,0,0,0,0,10,5,19,0,0,0,0,0,0,12,16,29,19,11,36,203,206,411
UCL122053,92,85,176,0,6,3,13,3,16,0,0,0,0,0,3,0,0,0,0,0,0,0,0,0,0,0,0,0,0,0,0,0,0,15,11,20,0,0,0,0,0,0,17,9,26,7,7,17,115,105,219
UCL122054,125,120,250,8,11,19,4,10,14,0,0,0,3,0,3,0,0,0,0,0,0,0,0,0,0,0,0,0,0,0,0,0,0,10,11,16,0,0,0,0,0,0,13,21,34,23,21,38,158,167,327
UCL122055,146,184,326,4,16,19,17,19,36,0,0,0,0,0,0,0,0,0,0,0,0,0,0,0,0,0,0,0,0,0,0,0,0,13,19,36,0,0,0,0,0,0,21,36,53,11,13,19,172,223,404
UCL122056,122,133,255,4,4,7,3,3,9,0,0,4,3,3,3,0,0,0,0,0,0,0,0,0,0,0,3,0,0,0,0,0,0,3,10,13,0,0,0,0,0,0,9,14,23,4,3,9,143,148,287
UCL122057,113,98,208,0,0,0,16,17,33,0,0,0,0,0,0,0,0,0,0,0,0,0,0,0,0,0,0,0,0,0,0,0,0,13,17,32,0,0,0,0,0,0,13,18,31,16,23,43,144,139,287
UCL122058,184,160,344,3,5,5,12,16,27,0,0,3,0,4,3,0,0,0,0,0,0,0,0,0,0,0,0,0,0,0,0,0,0,18,19,36,0,0,0,0,0,0,20,22,43,43,43,91,248,223,471
UCL122059,179,188,369,8,6,15,19,16,36,0,0,0,0,0,0,0,0,0,0,0,0,0,0,0,0,0,0,0,0,0,0,0,0,20,16,41,0,0,0,0,0,0,30,26,58,25,17,49,231,235,469
UCL122060,162,160,318,3,4,3,18,15,34,0,0,0,0,0,3,0,0,0,0,0,0,0,0,0,0,0,0,0,0,0,0,0,0,15,18,34,0,0,0,0,0,0,23,22,39,24,20,44,206,195,406
UCL122061,198,183,377,3,6,11,19,23,40,0,0,0,3,8,8,0,0,0,0,0,0,0,0,0,0,0,0,0,0,0,0,0,0,21,31,50,0,0,0,0,0,0,24,33,63,24,22,43,242,238,478
UCL122062,67,86,153,0,3,4,3,7,11,0,0,0,0,5,3,0,0,0,0,0,0,0,0,0,0,0,0,0,0,0,0,0,0,5,12,14,0,0,0,0,0,3,7,15,23,0,0,0,72,104,175
UCL122063,127,111,239,6,3,14,10,7,16,0,0,0,0,0,0,0,0,0,0,0,0,0,0,0,0,0,0,0,0,0,0,0,0,8,7,17,0,0,0,0,0,0,14,12,28,11,10,16,153,132,283
UCL122064,138,124,260,7,8,12,11,7,16,0,0,0,0,0,0,0,0,0,0,0,0,0,0,0,0,0,0,0,0,0,0,0,0,11,7,16,0,0,0,0,4,4,19,21,36,6,3,11,158,148,303
UCL122065,142,138,281,6,3,9,13,18,32,3,3,5,0,0,0,0,0,0,0,0,0,0,0,0,0,0,0,0,0,0,0,0,0,16,22,30,0,0,0,0,0,0,23,22,40,34,40,72,191,201,393
UCL122066,181,179,357,3,10,14,5,12,20,0,3,4,0,0,0,0,0,0,4,4,9,0,0,0,0,0,0,16,11,22,0,0,0,25,28,56,0,0,0,0,0,0,30,33,65,21,20,40,230,239,469
UCL122067,162,162,320,5,3,13,22,19,40,0,0,0,0,0,0,0,0,0,0,0,0,0,0,0,0,0,0,0,0,0,0,0,0,23,20,44,0,0,0,3,3,3,29,28,62,13,8,21,200,202,403
UCL122068,144,117,265,5,0,3,8,10,15,0,0,0,0,0,0,0,0,0,0,0,0,0,0,0,0,0,0,0,0,0,0,0,0,15,10,20,0,0,0,0,0,0,16,7,22,7,5,11,170,129,300
UCL122069,146,155,297,4,6,6,11,6,14,0,0,0,0,0,0,0,0,0,0,0,0,0,0,0,0,0,0,0,0,0,0,0,0,11,6,14,0,0,0,0,0,0,10,13,23,17,10,24,167,172,347
UCL122070,164,167,325,16,7,28,10,15,27,0,0,0,0,0,3,5,3,7,0,0,0,0,0,0,0,0,0,0,0,0,0,0,0,17,16,36,0,0,0,0,0,0,31,31,64,21,11,32,212,211,421
UCL122071,54,51,108,0,4,8,0,0,0,0,0,0,0,0,0,0,0,0,0,0,0,0,0,0,0,0,0,0,0,0,0,0,0,0,0,0,3,3,8,0,0,0,8,5,11,62,22,85,121,76,196
UCL122072,117,143,257,6,4,9,10,5,15,0,6,7,0,0,3,0,0,0,0,0,0,0,0,0,0,0,0,0,0,0,0,0,0,13,10,23,0,0,0,0,0,0,20,16,33,15,19,37,151,175,329
UCL122073,152,183,333,4,3,4,13,14,28,0,0,0,0,0,0,0,0,0,0,0,0,0,0,0,0,0,0,0,0,0,0,0,0,13,19,34,3,3,3,0,0,0,24,21,42,16,9,24,190,214,405
UCL122074,86,81,169,6,0,7,5,6,12,3,3,7,0,0,0,0,0,0,0,3,4,0,0,0,0,0,0,0,0,0,0,0,0,10,13,21,0,0,0,0,0,0,12,14,25,17,14,31,119,108,228
UCL122075,112,94,203,3,0,12,6,7,12,0,0,0,0,4,5,3,0,4,0,0,0,0,0,0,0,0,0,3,0,3,0,0,0,16,9,26,0,0,0,0,0,0,25,10,33,10,8,19,141,113,254
UCL122076,159,152,316,0,0,0,17,16,38,0,0,0,0,0,0,0,0,0,0,0,0,0,0,0,0,0,0,0,0,0,0,0,0,17,16,38,0,0,0,0,0,0,17,18,40,15,18,26,193,186,377
UCL122077,116,94,213,6,5,14,10,9,22,0,0,0,0,0,0,0,0,0,0,0,0,0,0,0,0,0,0,0,0,0,0,0,0,16,9,21,0,0,0,0,0,0,19,15,33,13,18,39,155,130,286
UCL122078,117,120,233,8,9,14,3,9,13,0,0,0,0,0,0,0,0,0,0,0,0,0,0,0,0,0,0,0,0,0,0,0,0,3,8,16,0,0,0,0,0,0,19,18,30,7,0,10,136,138,272
UCL122079,84,80,164,4,3,7,4,6,12,0,0,0,0,0,0,0,0,0,0,0,0,0,0,0,0,0,0,0,0,0,0,0,0,8,10,15,0,0,0,0,3,4,11,16,26,4,8,17,100,108,202
UCL122080,177,158,331,4,3,7,17,19,36,0,0,0,0,0,3,0,0,0,0,0,0,0,0,0,0,0,0,0,0,0,0,0,0,20,23,40,0,0,0,0,0,0,22,24,51,17,7,23,216,190,409
UCL122081,100,94,190,12,4,14,0,0,0,0,0,0,0,0,0,0,0,0,0,0,0,0,0,0,0,0,0,0,0,0,0,0,0,3,0,5,0,0,0,0,3,4,16,7,23,10,9,17,119,112,228
UCL122082,147,155,302,7,4,9,10,13,20,0,0,0,0,0,0,0,0,0,0,0,0,0,0,0,0,0,0,0,0,0,0,0,0,10,13,20,0,0,0,0,0,0,17,15,33,10,15,21,171,188,364
UCL122083,87,107,193,0,4,4,9,19,24,0,0,0,0,3,5,0,0,0,0,0,0,0,0,0,0,0,0,0,0,0,0,0,0,11,19,31,0,0,3,0,3,4,17,31,39,11,27,36,113,159,274
UCL122084,130,114,240,0,0,4,5,10,22,0,0,0,7,0,6,0,0,0,0,0,0,0,0,0,0,0,0,0,0,0,0,0,0,11,14,28,0,0,3,0,0,0,12,21,28,11,16,23,150,145,298
UCL122085,179,185,365,3,7,13,10,11,30,0,0,0,0,5,5,0,0,0,0,0,0,0,0,0,0,0,0,0,0,0,0,0,0,10,16,29,0,0,0,0,0,3,20,27,41,18,18,30,217,220,439
UCL122086,140,148,292,6,4,14,15,11,25,0,4,4,3,3,4,0,0,0,0,0,0,0,0,4,0,0,0,0,0,0,0,0,0,21,14,35,0,0,0,0,0,0,27,27,50,20,20,33,186,189,379
UCL122087,181,187,367,0,0,0,22,15,39,0,0,0,0,0,0,0,0,0,0,0,0,0,0,0,0,0,0,0,0,0,0,0,0,22,15,39,0,0,0,0,0,0,24,15,38,15,14,32,216,215,434
UCL122088,98,124,224,3,4,10,7,7,14,0,0,0,0,0,0,0,0,0,0,0,0,0,0,0,0,0,0,0,0,0,0,0,0,7,6,15,0,0,0,0,0,0,12,13,26,9,6,18,116,144,265
UCL122089,146,158,303,7,8,16,11,8,25,3,3,4,0,0,0,0,0,0,0,0,0,0,0,0,0,0,0,0,0,3,0,0,0,16,17,32,0,0,0,0,3,3,20,27,45,7,10,19,176,191,370
UCL122090,185,201,391,13,14,28,3,4,10,0,0,0,0,3,3,0,0,0,0,0,0,0,0,0,0,0,0,0,0,0,0,0,0,4,8,14,0,0,0,0,0,0,15,22,35,27,28,56,231,249,480
UCL122091,91,79,175,3,0,5,15,11,31,0,0,0,0,0,0,0,0,0,0,3,5,0,0,0,0,0,0,0,0,0,0,0,0,20,17,36,0,0,0,0,0,0,19,14,35,16,19,33,132,116,239
UCL122092,128,115,244,3,3,3,5,7,15,0,0,0,0,0,0,0,0,0,0,0,0,0,0,0,0,0,0,0,0,0,0,0,0,5,7,15,0,0,0,0,0,0,10,7,20,19,17,40,161,141,302
UCL122093,85,81,168,4,0,3,17,16,29,0,0,0,0,0,0,0,0,0,0,0,0,0,0,0,0,0,0,0,0,0,0,0,0,17,16,29,0,0,0,0,0,0,19,18,33,10,9,22,120,105,221
UCL122094,103,95,202,0,4,8,16,11,24,0,0,0,0,0,0,0,0,0,0,0,0,0,0,0,0,0,0,0,0,0,0,0,0,16,11,24,0,0,0,0,0,0,18,16,33,12,15,29,136,130,265
UCL122095,175,152,334,8,9,15,6,13,18,0,0,0,0,0,0,0,0,0,0,0,0,0,0,0,0,0,0,0,0,0,0,0,0,13,13,19,0,0,0,3,4,7,18,19,39,21,20,38,219,191,415
UCL122096,92,70,166,0,3,4,0,0,0,0,0,0,3,0,3,0,0,0,0,0,3,0,0,0,0,0,0,0,0,0,0,0,0,4,3,13,0,0,0,0,0,0,5,4,17,13,14,23,114,89,202
UCL122097,100,89,191,0,7,6,3,12,15,0,0,0,0,0,0,0,0,0,0,0,0,0,0,0,0,0,0,3,0,5,0,0,0,9,8,17,0,0,0,0,0,0,8,15,27,16,11,31,127,126,252
UCL122098,135,150,283,0,0,0,12,23,36,0,0,0,0,0,0,0,0,0,0,0,0,0,0,0,0,0,0,0,0,0,0,0,0,12,23,32,0,0,0,0,0,0,16,23,37,16,17,30,158,195,350
UCL122099,169,161,330,3,0,6,18,22,38,0,0,0,0,0,0,0,0,0,0,0,0,0,0,4,0,0,0,0,0,0,0,0,0,16,20,40,0,0,0,0,0,0,18,19,40,7,9,16,203,189,389
UCL122100,117,106,219,12,11,19,0,0,3,8,9,14,0,0,0,0,0,0,0,4,4,0,0,0,0,0,0,0,0,0,0,0,0,5,9,20,0,3,3,0,0,0,17,21,42,17,18,40,159,141,303
UCL122101,133,151,283,4,10,10,12,12,23,0,0,0,0,0,0,0,3,3,0,0,0,0,0,0,0,0,0,0,0,0,0,0,0,13,15,23,0,0,0,0,0,0,15,16,36,13,17,32,163,187,347
UCL122102,149,150,303,25,27,46,3,0,3,3,0,4,11,5,14,0,0,0,0,0,0,0,0,0,0,0,0,0,0,0,0,0,0,13,9,25,0,0,0,0,0,0,40,35,77,31,39,65,215,224,444
UCL122103,125,129,251,15,16,29,13,27,44,0,0,0,0,4,5,0,0,0,0,0,0,0,0,0,0,0,0,0,0,0,0,0,0,14,27,46,0,0,3,0,0,0,34,42,74,12,4,16,166,178,338
UCL122104,83,81,168,7,5,10,16,16,33,0,0,3,3,0,3,0,0,0,0,0,0,0,0,0,0,0,0,0,0,0,0,0,0,17,22,35,0,0,0,0,0,0,22,20,46,3,3,8,109,113,220
UCL122105,73,81,161,0,0,6,8,19,26,0,0,0,0,0,0,0,0,0,0,0,0,0,0,0,0,0,0,0,0,0,0,0,0,12,19,28,0,0,0,0,0,0,14,22,36,7,8,13,101,113,209
UCL122106,88,86,169,6,3,11,12,8,19,0,0,0,0,0,0,0,0,0,0,0,0,0,0,0,0,0,0,0,0,0,0,0,0,12,9,17,0,0,0,0,0,0,18,9,31,6,8,15,107,106,216
UCL122107,150,158,305,11,8,17,10,6,13,0,0,0,0,0,3,0,0,0,0,0,0,0,0,0,0,0,0,0,0,0,0,0,0,7,13,23,0,0,3,0,3,4,17,23,42,50,53,105,217,229,446
UCL122108,100,94,193,3,0,8,3,0,4,0,0,0,0,0,0,0,0,0,0,0,0,0,0,0,0,0,0,3,3,9,0,0,0,10,7,14,0,0,0,0,0,0,10,10,21,11,7,15,119,112,226
UCL122109,157,152,308,3,14,14,20,19,37,0,0,0,0,0,3,0,0,0,0,3,3,0,0,0,0,0,0,0,0,0,0,0,0,22,24,44,0,0,0,0,3,0,25,37,60,21,9,32,203,196,402
UCL122110,151,137,283,7,5,9,9,11,22,0,0,0,0,0,0,0,0,0,0,0,0,0,0,0,0,0,0,0,0,0,0,0,0,13,11,20,0,0,0,0,0,0,19,17,30,25,23,46,188,173,363
UCL122111,130,125,257,4,3,4,4,5,9,0,0,0,0,0,0,0,0,0,0,0,0,0,0,0,0,0,0,0,0,0,0,0,0,3,5,11,0,0,0,0,0,0,6,5,16,16,17,29,155,146,303
UCL122112,97,88,179,3,8,11,13,4,17,3,3,8,0,0,0,0,0,0,0,0,0,0,0,0,0,0,0,0,3,3,0,0,0,10,12,24,0,0,0,0,0,0,14,16,35,7,3,7,113,104,226
UCL122113,188,179,373,3,0,0,9,7,17,0,0,0,0,0,0,0,0,0,0,0,0,0,0,0,0,0,0,0,0,0,0,0,0,9,7,17,0,0,0,0,0,0,9,10,22,9,3,10,213,197,406
UCL122114,125,112,231,3,0,6,19,24,41,0,0,0,0,0,0,0,0,0,0,0,0,0,0,0,0,0,3,0,0,0,0,0,0,23,22,44,0,0,0,0,0,0,24,29,54,5,4,11,158,135,294
UCL122115,122,111,231,3,0,5,4,0,6,0,0,0,0,0,0,0,0,0,0,0,0,0,0,0,0,0,0,0,0,0,0,0,0,4,0,6,0,0,0,0,0,0,8,3,11,14,20,36,146,135,277
UCL122116,150,143,293,0,0,3,11,9,13,0,0,0,0,0,0,0,0,0,0,0,0,0,0,0,0,0,0,0,0,0,0,0,0,11,9,13,0,0,0,0,0,0,9,8,19,3,5,14,163,162,329
UCL122117,76,71,147,9,8,18,8,3,16,0,0,0,0,0,0,0,0,0,0,0,0,0,0,0,0,0,0,0,0,0,0,0,0,8,3,16,0,0,0,0,0,0,15,16,35,8,5,15,102,97,194
UCL122118,45,23,73,0,0,0,3,0,4,3,0,3,3,0,3,0,0,0,0,0,0,0,0,0,0,0,0,0,0,0,0,0,0,12,0,9,0,3,5,0,0,0,11,3,12,17,3,22,74,30,102
UCL122119,158,190,349,0,3,3,7,19,29,0,0,0,0,0,0,0,0,0,0,0,0,0,0,0,0,0,0,0,0,0,0,0,0,7,19,29,0,0,0,0,0,0,8,21,33,22,13,34,191,222,414
UCL122120,142,143,280,0,0,0,14,19,35,6,0,4,0,0,0,0,0,0,0,0,0,0,0,0,0,0,0,0,0,0,0,0,0,18,21,41,0,0,0,0,0,0,23,26,44,9,4,12,167,165,340
UCL122121,110,111,222,5,4,10,7,11,19,0,0,0,4,0,7,0,0,0,0,0,0,0,0,0,0,0,0,0,0,0,0,0,0,9,13,25,0,0,0,0,3,4,18,17,38,11,14,26,141,142,281
UCL122122,86,89,177,0,3,3,10,6,23,0,0,0,0,0,0,0,0,0,0,0,0,0,0,0,0,0,0,0,0,0,0,0,0,10,6,23,0,0,0,0,0,0,14,12,22,3,4,8,106,102,210
UCL122123,125,110,236,4,8,5,5,8,13,0,0,0,3,5,8,0,0,0,0,0,0,0,0,0,0,0,0,0,0,0,0,0,0,7,14,25,5,0,4,0,0,0,17,23,36,11,15,29,155,141,300
UCL122124,109,100,206,4,4,10,12,12,23,0,0,0,0,0,0,0,0,0,0,0,0,0,0,0,0,0,3,0,0,0,0,0,0,15,17,27,0,0,0,0,0,0,21,22,41,23,19,43,150,142,292
UCL122125,175,147,324,3,3,4,6,4,8,0,0,0,0,0,6,0,0,0,0,0,0,0,0,0,0,0,0,0,0,0,0,0,0,6,7,15,3,0,4,0,0,0,12,7,21,19,12,32,204,175,373
UCL122126,200,171,371,4,3,10,5,8,12,0,0,0,0,0,0,0,0,0,0,0,0,0,0,0,0,0,0,0,0,0,0,0,0,5,8,12,0,0,0,0,0,0,15,13,26,9,10,24,222,192,416
UCL122127,116,129,243,0,7,5,6,16,21,0,0,0,0,0,0,0,0,0,0,4,6,0,0,0,0,0,0,0,0,0,0,0,0,9,18,25,0,0,0,0,0,0,15,25,33,9,11,14,134,158,296
UCL122128,122,123,246,3,0,6,7,9,22,0,3,4,0,0,0,3,3,4,0,0,0,0,0,0,0,0,0,0,0,3,0,0,0,12,17,32,0,0,0,0,0,0,19,17,36,29,29,56,169,168,334
UCL122129,194,183,381,10,0,12,7,13,20,0,0,3,0,3,3,0,0,0,0,0,0,0,0,3,0,0,0,0,0,0,0,0,0,10,19,26,0,0,0,0,0,0,22,22,43,16,25,40,233,226,461
UCL122130,113,115,230,3,3,6,13,11,21,0,0,0,0,0,0,0,0,0,0,0,0,0,0,0,0,0,0,0,0,0,0,0,0,13,12,22,0,0,0,0,0,0,19,17,32,11,10,20,143,143,284
UCL122131,188,169,358,10,7,16,14,11,20,0,0,0,3,0,3,0,0,0,0,0,0,0,0,0,0,0,0,0,0,0,0,0,0,13,11,26,0,3,3,0,0,0,27,23,45,15,10,30,224,205,433
UCL122132,77,88,166,0,3,3,8,0,11,0,0,0,0,0,0,0,0,0,0,0,0,0,0,0,3,3,3,0,0,4,0,0,0,7,7,17,0,0,0,0,0,0,7,12,16,8,4,13,94,109,198
UCL122133,98,99,198,0,0,0,3,3,7,0,0,0,0,0,0,0,0,0,0,0,3,0,0,0,0,0,0,11,10,25,0,0,0,15,16,28,0,0,0,0,0,0,15,19,35,11,9,17,121,119,245
UCL122134,90,86,172,0,0,0,9,3,12,0,0,0,0,0,0,0,0,0,0,0,0,0,0,0,0,0,0,0,0,0,0,0,0,9,8,15,0,0,0,0,0,0,9,4,18,20,15,27,112,110,219
UCL122135,134,118,251,0,3,7,12,12,28,0,0,0,3,0,3,0,0,0,0,0,0,0,0,0,0,0,0,0,0,0,0,0,0,19,15,36,0,0,0,0,0,0,18,19,39,9,0,9,153,141,299
UCL122136,129,115,242,9,7,22,18,12,31,0,0,0,0,0,0,0,0,0,0,0,0,0,0,0,0,0,0,0,0,0,0,0,0,18,18,34,0,0,0,3,3,7,35,30,61,15,20,33,172,157,333
UCL122137,73,66,137,5,12,14,11,5,18,0,0,0,0,0,4,0,0,0,0,0,0,0,0,0,0,0,0,0,0,0,0,0,0,14,12,21,0,0,0,0,0,0,17,20,41,19,13,31,112,99,205
UCL122138,121,122,245,3,5,4,4,7,13,0,0,0,0,0,0,0,0,0,3,0,3,0,0,0,0,0,0,0,3,7,0,0,0,11,8,18,0,0,0,0,0,0,11,16,24,3,12,15,136,146,286
UCL122139,76,77,154,0,0,0,10,13,21,0,0,0,0,0,0,0,0,0,0,0,0,0,0,0,0,0,0,0,0,0,0,0,0,10,14,25,0,0,0,0,0,0,12,14,27,10,12,23,92,104,197
UCL122140,138,95,226,5,9,14,11,8,21,3,0,0,0,3,5,0,3,4,0,0,0,0,0,0,0,0,0,0,0,0,0,0,0,16,18,27,3,6,5,0,0,0,21,27,50,68,47,111,222,168,389
UCL122141,184,172,353,3,12,15,9,5,12,0,0,0,3,4,13,0,0,0,0,0,0,0,0,0,0,0,0,0,0,0,0,0,0,15,9,25,0,0,0,0,0,4,16,22,42,44,36,77,239,228,467
UCL122142,114,59,172,0,0,0,30,17,40,0,0,0,3,3,5,0,0,0,3,0,4,0,0,0,0,0,0,0,0,0,0,0,0,34,19,50,0,0,0,0,0,0,36,19,51,35,17,58,178,99,278
UCL122143,169,168,336,0,0,0,8,7,15,0,0,0,0,0,0,0,0,0,0,0,0,0,0,0,0,0,0,0,0,0,0,0,0,13,7,17,0,0,0,0,0,0,13,7,17,11,7,20,189,188,375
UCL122144,55,62,122,0,0,4,0,3,5,0,6,9,0,0,0,0,0,0,0,0,0,0,0,0,0,0,0,0,0,0,0,0,0,7,6,15,0,0,0,0,0,0,9,11,18,16,21,37,83,95,172
UCL122145,78,95,170,0,0,0,5,3,8,0,0,0,5,5,10,0,0,0,0,0,0,0,0,0,0,0,0,0,0,0,0,0,0,8,9,21,0,0,0,0,0,3,14,14,24,0,0,0,89,106,194
UCL122146,126,117,240,7,9,15,10,10,20,0,0,0,0,0,0,0,0,0,0,0,0,0,0,0,0,0,0,0,0,0,0,0,0,10,8,17,0,0,0,3,0,3,18,17,35,22,27,55,166,166,330
UCL122147,168,162,332,12,6,17,5,3,9,0,0,0,0,0,0,0,0,0,0,0,0,0,0,0,0,0,0,0,0,0,0,0,0,5,3,9,0,3,3,0,0,0,18,16,28,22,31,49,206,202,411
UCL122148,92,98,190,4,6,15,12,7,17,0,0,0,4,4,11,0,0,0,0,0,0,0,0,0,0,0,0,0,0,0,0,0,0,13,15,33,0,0,0,0,0,0,18,19,40,15,10,28,123,130,259
UCL122149,84,86,168,7,8,14,0,0,3,0,0,0,0,0,4,0,0,0,0,0,0,0,0,0,0,0,0,0,0,0,0,0,0,3,3,6,0,0,0,0,0,0,9,12,18,11,8,24,105,106,213
UCL122150,122,145,265,0,0,5,16,14,27,0,0,0,5,10,15,0,0,0,0,0,0,0,0,0,0,0,3,0,0,0,0,0,0,20,26,49,0,0,0,0,3,5,23,31,55,16,17,30,159,195,354
UCL122151,94,110,210,3,3,4,3,5,12,0,0,0,0,3,3,0,0,0,0,0,0,0,0,0,0,0,0,0,0,0,0,0,0,3,10,17,0,0,0,0,0,0,6,12,20,12,11,27,114,139,259
UCL122152,57,65,125,7,5,17,7,5,14,0,0,0,0,0,0,0,0,0,0,0,0,0,0,0,0,0,0,0,0,0,0,0,0,11,6,17,0,0,0,0,0,0,18,18,36,8,15,27,88,95,181
UCL122153,163,193,356,9,6,18,14,13,29,0,0,0,0,3,6,0,0,0,0,0,0,0,0,0,0,0,0,0,0,0,0,0,0,21,18,38,0,0,0,0,0,0,28,29,56,15,11,27,206,229,433
UCL122154,105,119,228,4,7,5,5,0,7,0,0,0,0,0,0,0,0,0,0,0,0,0,0,0,0,0,0,0,0,0,0,0,0,5,0,7,0,0,0,0,0,0,9,9,16,16,20,39,132,153,287
UCL122155,106,90,194,6,6,9,3,3,9,0,0,0,0,0,0,0,0,0,0,0,0,0,0,0,0,0,0,0,0,0,0,0,0,10,3,16,0,0,0,0,0,0,15,12,25,38,32,73,165,132,291
UCL122156,58,75,131,0,3,3,6,3,15,0,0,0,3,4,4,0,0,0,0,0,0,0,0,0,0,0,0,0,0,0,0,0,0,14,6,24,0,0,0,0,0,0,16,10,30,21,31,45,92,110,208
UCL122157,91,87,185,4,0,4,6,3,5,0,0,0,0,0,0,0,0,0,0,0,0,0,0,0,0,0,0,0,0,0,0,0,0,6,3,5,0,0,0,0,0,0,11,3,14,7,3,16,112,97,210
UCL122158,214,205,418,0,8,7,13,11,28,0,0,0,0,0,0,0,0,0,0,0,0,0,0,0,0,0,0,0,0,0,0,0,0,13,11,25,0,0,0,0,0,0,15,17,35,5,9,17,232,241,475
UCL122159,153,124,277,4,4,8,3,5,13,0,4,7,0,0,0,0,0,0,0,0,0,0,0,0,0,0,0,0,0,0,0,0,0,6,9,18,0,0,0,0,0,0,13,19,29,21,24,47,182,166,349
UCL122160,182,183,365,8,3,9,15,25,37,0,0,0,0,0,0,0,0,0,0,0,0,0,0,0,0,0,0,0,0,0,0,0,0,19,23,41,0,0,0,0,0,0,25,29,50,16,20,36,224,236,457
UCL122161,155,153,312,10,4,11,15,16,32,0,0,0,0,0,0,0,0,0,0,0,0,0,0,0,0,0,0,0,0,0,0,0,0,17,22,32,0,0,0,0,0,0,19,24,44,22,13,35,197,192,390
UCL122162,115,115,226,7,9,7,4,13,19,0,0,0,3,0,3,0,0,0,0,0,0,0,0,0,0,0,0,0,0,0,0,0,0,13,11,19,0,0,0,0,0,0,16,19,31,9,14,30,137,150,289
UCL122163,139,109,247,7,12,18,10,18,30,0,0,0,0,0,0,0,0,0,0,0,0,0,0,0,0,0,0,0,0,0,0,0,0,10,18,30,0,0,0,0,0,0,14,23,41,14,16,29,174,150,325
UCL122164,175,147,327,14,13,21,14,13,22,3,0,0,0,6,7,0,0,0,0,0,0,0,0,0,0,0,0,0,0,0,0,0,0,20,20,35,0,0,3,0,0,0,31,31,65,10,14,22,216,193,413
UCL122165,149,144,290,0,3,3,8,10,13,0,0,0,0,0,0,0,0,0,0,0,0,0,0,0,0,0,0,0,0,0,0,0,0,8,10,13,0,0,0,0,0,0,8,13,17,12,7,20,166,162,327
UCL122166,157,160,317,7,11,19,3,5,6,0,0,0,3,3,4,0,0,0,0,0,4,0,0,0,0,0,0,0,0,0,0,0,0,7,10,18,0,3,4,0,0,0,20,22,43,23,19,42,199,210,401
UCL122167,188,184,379,0,0,0,18,19,34,0,0,0,0,0,0,0,0,0,0,0,0,0,0,0,0,0,0,0,0,0,0,0,0,18,19,34,3,3,7,3,0,4,23,21,41,11,14,24,223,224,440
UCL122168,101,114,211,9,11,21,10,15,28,0,0,0,0,0,0,0,0,0,0,0,0,0,0,0,0,0,0,0,0,0,0,0,0,10,15,26,0,0,0,0,0,0,20,29,50,13,14,24,130,153,285
UCL131777,224432,211648,436082,6673,6650,13325,16133,16082,32216,765,733,1492,1666,1590,3255,168,133,299,295,254,551,79,68,145,164,146,313,621,611,1225,5,4,10,19891,19616,39514,837,912,1751,540,481,1017,27938,27665,55603,30020,25577,55592,282390,264884,547273
UCL179997,138,182,322,0,0,0,6,19,29,0,0,4,0,0,0,0,0,3,0,0,0,0,0,0,0,0,0,0,0,0,0,0,0,9,23,31,7,3,6,0,0,0,14,21,43,22,32,52,171,239,412
UCL199994,1571,849,2420,430,257,688,1715,1489,3200,142,134,269,234,218,450,41,40,80,79,59,140,18,18,38,12,20,32,32,22,54,3,0,4,2271,1994,4263,508,493,1001,151,96,243,3356,2845,6200,2379,1210,3591,7308,4904,12213
