SA2_CODE_2021,I_4000more_1AW_OthNW,I_4000more_BNW,I_4000more_LFsta_NS,I_4000more_Tot,Part_inc_stated_BE_WFT,Part_inc_stated_BE_WPT,Part_inc_stated_BE_BAW,Part_inc_stated_1EFT_OthPT,Part_inc_stated_1EFT_OthAW,Part_inc_stated_1EFT_OthNW,Part_inc_stated_1EPT_OthAW,Part_inc_stated_1EPT_OthNW,Part_inc_stated_1AW_OthNW,Part_inc_stated_BNW,Part_inc_stated_LFsta_NS,Part_inc_stated_Tot,All_inc_NS_BE_WFT,All_inc_NS_BE_WPT,All_inc_NS_BE_BAW,All_inc_NS_1EFT_OthPT,All_inc_NS_1EFT_OthAW,All_inc_NS_1EFT_OthNW,All_inc_NS_1EPT_OthAW,All_inc_NS_1EPT_OthNW,All_inc_NS_1AW_OthNW,All_inc_NS_BNW,All_inc_NS_LFsta_NS,All_inc_NS_Tot,Tot_BE_WFT,Tot_BE_WPT,Tot_BE_BAW,Tot_1EFT_OthPT,Tot_1EFT_OthAW,Tot_1EFT_OthNW,Tot_1EPT_OthAW,Tot_1EPT_OthNW,Tot_1AW_OthNW,Tot_BNW,Tot_LFsta_NS,Tot_Tot
101021007,0,3,0,65,0,0,0,0,0,5,0,0,0,0,35,39,3,0,0,0,0,0,0,0,0,3,4,11,122,43,7,93,10,61,10,64,10,205,40,670
101021008,0,0,0,89,3,0,0,0,0,0,0,0,0,0,23,30,0,0,0,0,0,0,0,0,0,3,4,9,247,23,12,109,13,77,7,45,6,239,34,808
101021009,0,8,0,117,0,0,0,0,0,0,0,0,0,0,28,37,0,0,0,0,0,0,0,0,0,3,9,11,382,51,9,187,22,120,12,48,14,249,36,1132
101021010,0,8,0,76,0,0,3,0,0,0,0,0,0,0,20,31,0,0,0,0,0,0,0,0,0,0,5,7,185,22,9,77,10,63,3,31,0,103,29,524
101021012,0,5,0,270,0,0,3,0,0,0,0,0,0,0,41,49,4,0,0,0,0,0,0,0,0,4,3,9,361,36,9,131,22,121,15,66,10,291,49,1111
101021610,0,0,0,155,0,0,0,0,0,0,0,0,0,0,11,16,0,0,0,0,0,0,0,0,0,0,4,0,278,7,9,51,20,47,4,11,4,57,13,503
101021611,6,19,0,457,4,0,0,0,3,0,0,0,0,3,69,85,7,0,0,0,0,0,0,0,0,8,13,24,541,94,11,254,60,191,16,166,29,581,86,2035
101031013,0,3,0,20,0,0,0,3,0,0,0,0,0,0,7,12,0,0,0,0,0,0,0,0,0,3,0,4,76,17,6,56,8,25,5,22,7,110,11,339
101031014,0,3,0,54,0,0,0,0,0,0,0,0,0,0,38,44,0,0,0,0,0,0,0,0,0,7,8,21,157,30,10,101,10,83,8,59,14,281,48,795
101031015,0,3,0,46,5,0,0,0,0,0,0,0,0,0,29,32,0,0,0,0,0,0,0,0,0,0,4,10,115,27,3,81,8,27,3,36,3,152,38,493
101031016,0,3,0,74,0,0,0,0,0,0,0,0,0,0,39,44,0,0,0,0,0,0,0,0,0,5,4,15,192,74,4,153,9,62,12,65,10,189,50,816
101041017,0,8,0,38,0,0,0,0,0,0,0,0,0,6,30,41,0,0,0,0,0,0,0,0,0,15,6,25,104,48,11,120,10,79,15,99,19,669,49,1208
101041018,4,12,0,73,0,0,0,3,0,3,0,0,0,11,44,65,0,0,3,0,0,0,0,0,0,9,16,34,132,63,10,126,9,82,19,136,19,759,74,1441
101041019,0,11,0,66,0,3,0,3,0,0,0,0,0,0,42,49,0,0,0,0,0,0,0,0,0,8,5,16,148,69,7,134,12,68,18,98,13,492,56,1116
101041020,0,8,0,61,3,0,0,0,0,0,0,0,0,5,44,58,0,0,0,0,0,0,0,0,0,8,8,20,176,115,18,206,22,98,23,147,20,547,58,1436
101041021,0,3,0,29,0,0,0,0,0,0,0,0,0,0,18,19,0,0,0,0,0,0,0,0,0,4,4,11,53,26,4,35,11,31,8,47,8,298,26,553
101041022,0,0,0,0,0,0,0,0,0,0,0,0,0,0,0,0,0,0,0,0,0,0,0,0,0,0,0,0,0,0,0,0,0,0,0,0,0,0,0,7
101041023,0,0,0,10,0,0,0,0,0,0,0,0,0,3,21,24,0,0,0,0,0,0,0,0,0,0,8,15,51,26,0,51,4,35,4,41,9,215,32,468
101041024,0,3,0,25,0,0,0,0,0,0,0,0,0,4,14,20,0,0,0,0,0,0,0,0,0,6,3,9,69,44,3,72,5,45,4,45,11,245,16,566
101041025,0,17,0,86,0,0,0,0,0,0,0,0,0,0,68,73,0,0,0,0,0,0,0,0,0,13,8,24,199,95,10,182,24,89,21,170,22,968,78,1855
101041026,0,8,0,58,0,4,0,0,0,3,0,0,0,10,40,52,0,0,0,0,0,0,0,4,0,6,12,24,126,70,15,137,11,73,6,131,19,775,58,1430
101041027,0,11,0,58,0,0,0,0,0,0,0,0,0,12,57,70,4,0,0,0,0,0,4,0,0,13,10,35,102,96,5,153,20,89,25,167,26,926,82,1689
101051539,0,8,0,163,0,0,4,0,0,0,0,0,0,10,74,84,0,0,3,0,0,0,0,0,3,18,17,46,522,126,28,374,50,220,18,158,26,937,101,2559
101051540,0,13,0,155,0,0,0,0,0,3,0,0,0,6,70,89,0,0,0,0,0,0,0,0,0,14,15,38,358,101,17,291,31,187,24,157,34,633,99,1936
101061541,0,0,0,64,0,0,0,0,0,0,0,3,0,3,12,21,0,0,3,0,0,0,0,0,0,5,7,13,141,29,12,90,18,65,7,57,7,271,22,716
101061542,4,18,0,307,0,0,0,0,4,0,0,0,0,0,40,45,3,0,0,0,0,0,0,0,0,9,3,20,389,76,14,233,41,146,13,130,18,394,49,1514
101061543,0,5,0,53,0,0,0,0,0,0,0,0,0,6,50,58,4,3,0,0,0,0,0,0,0,16,14,36,205,63,7,126,20,101,11,87,11,491,70,1194
101061544,0,0,0,56,0,0,0,0,0,0,0,0,0,0,42,53,5,0,0,0,0,0,0,0,0,17,9,34,192,66,8,134,16,79,16,74,6,360,64,1028
102011028,0,13,0,132,0,0,0,0,0,0,0,0,0,0,28,26,0,0,0,0,0,0,0,0,0,0,3,0,96,44,7,85,23,81,11,65,13,326,32,784
102011029,0,29,0,187,0,0,0,0,0,0,0,0,0,5,43,54,0,0,0,0,0,4,0,0,0,10,10,18,136,79,8,121,32,113,23,135,30,760,63,1495
102011030,0,3,0,79,0,0,0,0,0,0,0,0,0,4,16,23,0,0,0,0,0,0,0,0,0,6,0,9,101,38,14,60,14,62,10,36,19,189,19,559
102011031,0,13,0,144,0,0,0,0,0,0,0,0,0,6,30,41,0,0,0,0,0,0,0,0,0,16,12,33,147,75,12,143,36,102,25,133,24,955,57,1722
102011032,0,16,0,199,0,3,0,3,0,4,0,0,0,3,52,69,0,0,0,0,0,0,0,0,0,6,3,16,436,151,33,349,112,229,45,164,46,680,74,2304
102011033,0,0,0,44,8,0,0,0,0,0,0,0,0,3,7,21,0,0,0,0,0,0,0,0,0,3,3,6,125,21,7,91,28,69,13,43,3,128,15,547
102011034,0,0,0,40,0,0,0,0,0,0,0,4,0,5,18,28,0,0,0,0,0,0,0,0,0,15,6,24,65,33,6,83,20,55,10,69,16,456,33,854
102011035,5,3,0,55,0,0,0,0,0,0,4,0,0,4,14,25,0,0,0,0,0,0,0,0,0,0,0,0,115,39,5,97,32,60,11,51,12,257,21,715
102011036,0,7,0,67,0,0,0,0,0,0,0,0,0,4,22,28,0,0,0,0,0,0,0,0,0,3,3,7,122,49,0,96,23,76,15,44,10,287,29,748
102011037,0,9,0,86,0,0,0,0,0,0,0,0,0,9,15,21,0,0,0,0,0,0,0,0,0,8,0,12,118,38,3,82,22,65,11,41,21,292,20,705
102011038,0,10,0,69,0,0,0,0,0,0,0,0,0,0,15,17,0,0,0,0,0,0,0,4,0,8,6,10,117,36,3,86,29,59,17,58,20,426,24,880
102011039,0,25,0,260,0,0,0,0,0,0,0,4,0,8,40,59,0,0,0,0,0,0,0,0,0,16,6,25,237,87,18,174,58,151,24,142,44,772,52,1753
102011040,0,26,0,254,3,0,0,0,0,3,0,3,0,6,76,102,0,0,0,0,0,4,0,0,5,24,16,46,351,108,26,256,76,271,55,235,61,1362,107,2903
102011041,0,7,0,125,0,0,0,0,0,0,0,0,3,3,28,33,0,0,0,0,0,0,0,0,0,12,8,18,159,68,14,119,28,65,16,87,27,549,46,1174
102011042,0,7,0,128,0,0,0,0,0,0,0,0,0,7,41,54,0,0,0,0,0,0,0,0,0,13,16,30,233,55,18,164,40,142,20,105,25,727,71,1599
102011043,0,3,0,59,0,0,0,0,0,0,0,0,0,7,30,37,0,0,0,0,0,0,0,0,0,4,3,16,206,32,13,119,42,97,26,69,20,485,38,1145
102021044,0,6,0,110,0,0,0,0,0,0,0,0,0,5,47,60,0,0,0,0,0,0,0,0,0,13,15,29,341,106,22,269,78,169,39,149,46,977,78,2273
102021045,0,4,0,26,0,0,0,0,3,0,0,0,0,3,45,52,0,0,0,0,0,0,0,0,0,5,11,20,156,45,8,131,54,92,21,66,22,335,59,988
102021046,0,0,0,34,0,0,0,0,0,0,0,0,0,7,28,40,0,0,0,0,0,0,4,0,0,11,8,17,119,44,15,115,36,100,20,68,24,549,49,1137
102021047,3,18,0,116,0,0,0,0,0,0,0,0,0,9,37,44,0,0,0,0,0,0,0,0,0,12,3,17,281,84,18,207,45,132,41,123,38,703,52,1730
102021048,0,3,0,59,0,0,0,0,0,0,0,4,0,15,70,93,0,0,0,5,0,0,0,0,0,20,15,43,281,74,34,223,69,207,42,150,58,973,106,2218
102021049,0,4,0,65,0,0,0,0,0,0,0,0,0,6,12,11,0,0,0,0,0,0,0,0,0,0,0,3,71,27,7,58,9,41,3,33,13,129,11,394
102021050,0,8,0,46,0,0,0,0,0,4,0,0,0,10,49,67,0,0,0,0,0,0,0,0,0,23,24,50,133,41,8,105,30,115,22,91,32,913,83,1574
102021051,4,0,0,59,0,0,0,0,0,0,0,0,0,0,9,14,0,0,0,0,0,0,0,0,0,0,0,7,80,37,5,62,21,41,21,50,17,174,13,530
102021052,0,5,0,41,0,0,0,0,0,0,0,0,0,0,19,25,0,0,0,0,0,0,0,0,0,4,9,8,97,29,9,88,18,55,16,63,15,442,35,859
102021053,0,12,0,110,0,0,0,0,0,0,0,4,0,11,48,67,0,0,0,0,0,0,0,0,0,19,14,34,216,76,28,166,55,130,29,150,34,887,83,1848
102021054,0,11,0,55,0,0,0,0,0,0,0,0,0,4,39,48,0,0,0,0,0,0,0,0,0,11,6,17,120,51,12,111,38,80,15,73,29,546,49,1126
102021055,0,5,0,26,0,0,0,0,0,0,0,0,0,0,12,18,0,0,0,0,0,0,0,0,0,3,0,9,87,14,5,57,12,48,7,31,16,187,15,477
102021056,0,3,0,79,3,0,0,0,0,0,0,0,0,5,48,62,0,0,0,0,0,0,0,0,0,10,9,24,288,54,7,182,56,153,28,75,31,667,67,1617
102021057,0,0,0,39,0,0,0,0,0,0,0,0,0,5,25,32,0,0,0,0,4,0,0,0,0,7,6,14,147,34,18,101,30,87,11,59,20,341,40,877
103011059,0,4,0,71,0,0,0,3,0,5,0,0,0,0,34,50,0,0,0,0,0,0,0,0,0,5,4,15,252,42,12,149,14,107,18,92,15,454,51,1213
103011060,0,8,0,76,0,0,0,0,0,0,0,0,0,3,41,43,0,0,0,0,0,0,0,0,0,8,4,17,182,55,7,117,12,99,12,79,24,244,50,871
103011061,0,0,0,24,0,0,0,0,0,0,0,3,0,0,20,27,0,0,0,0,0,0,0,0,0,5,4,11,121,31,9,90,11,62,5,52,7,191,30,611
103011612,0,0,0,65,0,0,0,0,0,0,0,0,0,3,44,51,3,0,0,0,0,0,0,0,0,10,11,25,202,52,8,157,13,92,6,69,12,359,57,1039
103011613,0,9,0,125,4,0,0,0,0,0,0,0,3,3,55,66,5,0,0,0,0,0,0,0,0,10,4,16,334,64,7,200,32,133,17,127,16,516,68,1504
103021062,0,0,0,37,0,0,0,3,0,0,0,0,0,3,24,32,3,0,0,0,0,0,0,0,0,0,14,21,163,36,9,106,11,76,6,34,7,184,38,668
103021063,0,0,0,34,0,0,0,0,0,0,0,0,0,7,38,50,5,3,0,0,0,0,0,0,0,14,14,35,166,41,15,135,9,99,14,82,11,456,72,1092
103021064,0,0,0,37,0,0,0,0,0,0,0,0,0,4,30,38,0,0,0,0,0,0,0,0,0,9,10,24,134,42,6,115,6,62,4,47,10,298,46,769
103021065,0,8,0,75,3,0,0,0,0,4,0,4,0,7,53,67,0,0,0,0,0,0,0,0,0,10,5,20,264,50,11,169,14,88,8,73,17,418,66,1190
103021066,0,0,0,29,0,0,0,0,0,0,0,0,0,0,15,19,3,0,0,0,0,0,0,0,0,3,7,19,84,35,3,73,9,37,4,32,11,205,25,507
103021067,0,0,0,58,0,0,0,0,0,4,0,0,0,0,51,55,0,0,0,0,0,0,0,0,0,8,5,17,240,29,3,170,6,110,7,91,13,424,62,1161
103021068,0,0,0,19,0,0,0,0,0,0,0,0,0,0,10,16,0,0,0,0,0,0,0,0,0,0,3,3,82,14,0,56,8,42,3,31,4,101,19,360
103021069,0,3,0,36,4,0,0,0,0,0,0,0,0,0,31,42,0,0,5,0,0,3,0,0,0,3,8,24,130,26,7,108,10,54,9,45,5,229,39,668
103031070,0,7,0,80,0,0,0,0,0,3,0,0,0,7,45,58,0,0,0,0,0,0,0,0,0,19,12,30,183,41,5,150,22,103,16,100,19,612,76,1322
103031071,0,3,0,83,0,0,0,0,0,4,0,0,0,6,39,43,0,0,0,0,0,0,0,0,0,5,7,17,133,47,15,146,22,112,13,85,18,411,57,1064
103031072,0,8,0,159,0,0,0,0,0,0,0,3,0,3,46,57,7,0,0,0,0,0,0,0,0,15,8,26,304,57,12,228,32,125,16,81,10,426,57,1346
103031073,0,6,0,25,0,0,0,0,0,0,0,0,0,7,18,26,0,0,0,0,0,0,0,0,0,6,4,8,54,21,4,62,9,38,0,40,9,208,24,462
103031074,0,5,0,85,0,0,0,0,0,3,0,0,0,3,57,67,5,4,3,0,0,0,0,4,0,15,14,39,234,83,27,200,16,127,16,120,26,426,82,1365
103031075,0,0,0,0,0,0,0,0,0,0,0,0,0,0,0,0,0,0,0,0,0,0,0,0,0,0,0,0,0,0,0,0,0,0,0,0,0,0,0,0
103041076,0,6,0,60,5,0,0,0,0,5,0,0,4,4,45,55,0,0,0,0,0,0,0,0,0,4,7,18,195,47,3,128,15,91,9,59,11,258,56,862
103041077,5,11,0,129,0,0,0,0,0,4,0,0,0,10,61,72,0,0,0,0,0,0,0,0,0,20,16,34,385,82,8,259,32,173,17,144,21,682,88,1883
103041078,0,8,0,230,5,0,0,3,0,0,0,0,0,7,76,87,0,0,0,0,0,0,0,0,0,14,6,29,607,88,5,337,36,199,18,143,22,685,91,2234
103041079,0,11,0,162,3,0,0,3,0,0,0,6,0,5,48,62,5,0,0,0,0,0,0,0,4,11,3,28,314,110,17,235,16,127,11,113,23,419,65,1458
104011080,0,13,0,83,0,0,0,4,0,0,0,0,0,6,61,78,0,0,0,0,0,0,0,0,0,25,5,35,288,81,12,262,17,159,11,157,26,959,84,2063
104011081,3,14,0,84,0,0,0,0,0,0,0,4,0,4,81,94,0,0,0,0,0,0,0,0,0,13,22,39,308,91,23,276,26,183,17,181,39,976,128,2249
104011082,4,17,0,96,0,0,0,0,4,0,0,7,0,13,99,121,0,0,0,0,0,0,0,0,0,20,12,38,224,144,13,236,20,155,18,238,29,1590,137,2810
104021083,0,4,0,31,0,0,0,0,0,0,0,0,0,0,21,28,0,0,0,0,0,0,0,0,0,0,0,7,64,63,7,94,10,57,9,78,13,242,26,670
104021084,0,14,0,80,0,0,0,4,0,0,0,0,3,10,59,85,0,0,0,0,0,0,0,3,0,24,12,44,294,102,10,256,24,119,15,168,23,868,85,1972
104021085,3,7,0,69,3,0,0,4,0,0,0,0,0,0,40,43,0,0,0,0,0,0,0,0,0,16,8,27,172,70,5,165,15,80,14,69,18,521,51,1191
104021086,0,0,0,23,0,0,0,0,0,0,0,0,0,4,21,22,0,0,0,0,0,0,0,0,0,4,0,7,97,33,0,71,10,36,3,46,6,158,30,494
104021087,0,3,0,16,0,0,0,0,0,0,0,0,0,0,19,23,6,0,0,0,0,0,0,0,0,6,8,22,72,39,3,60,5,30,8,60,6,169,32,471
104021088,0,10,0,137,0,0,0,0,0,0,0,0,0,0,45,42,0,0,0,0,0,0,0,0,0,9,3,19,223,88,8,202,8,102,14,126,15,569,53,1405
104021089,4,9,0,96,0,0,0,0,0,7,0,0,0,8,62,75,0,0,3,0,0,0,0,0,0,13,15,34,294,123,10,314,36,155,24,178,22,1075,97,2340
104021090,0,5,0,25,0,0,0,0,0,0,0,4,0,4,19,27,0,0,0,0,0,0,0,0,0,12,7,15,67,35,7,80,8,51,12,58,16,339,28,697
104021091,0,10,0,68,0,3,0,0,0,0,0,0,0,9,54,74,5,4,0,0,0,0,0,0,0,13,13,37,236,117,11,199,21,133,10,166,26,815,75,1807
105011092,0,0,0,24,0,0,0,0,0,5,0,4,0,0,18,27,0,0,3,0,0,0,0,0,0,0,10,12,92,18,11,33,5,23,0,9,6,55,29,274
105011093,0,0,0,33,0,0,0,0,0,0,0,0,0,0,28,33,0,0,0,0,0,0,0,0,0,8,3,13,99,12,6,62,6,41,7,25,11,87,32,390
105011094,0,0,0,31,0,0,0,0,0,3,0,0,0,0,16,21,0,0,0,0,0,0,0,0,0,9,3,16,115,15,3,49,8,33,0,17,3,94,23,368
105011095,0,5,0,40,0,0,0,0,0,0,0,0,0,3,28,34,3,0,0,0,0,0,0,0,0,8,9,23,141,11,6,86,3,40,0,24,7,141,43,512
105011096,0,0,0,29,0,0,0,0,0,0,0,0,0,0,24,27,3,0,0,0,0,0,0,0,0,4,0,11,132,26,4,62,7,45,6,26,6,146,33,492
105021097,3,8,0,88,0,0,0,0,0,6,0,0,0,8,100,117,3,3,3,0,0,4,0,0,0,32,13,55,347,60,18,216,39,194,18,125,33,755,127,1935
105021098,0,3,0,20,0,0,0,0,0,0,0,0,0,0,12,12,0,0,0,0,0,4,0,0,0,3,0,18,63,3,8,29,4,26,0,9,0,62,15,222
105031099,0,3,0,46,0,0,0,0,0,0,0,0,0,0,29,38,0,0,0,0,0,0,0,0,0,12,5,27,158,42,5,125,9,66,6,78,9,372,46,922
105031100,0,5,0,63,0,0,0,0,0,0,0,0,3,4,45,56,0,0,0,0,0,0,0,0,0,4,8,15,274,51,6,192,20,88,9,62,12,270,56,1046
105031101,0,12,0,130,0,0,0,0,3,0,0,0,0,10,87,103,0,0,0,6,0,0,0,0,0,17,15,42,530,87,20,300,39,151,22,101,16,559,106,1927
105031102,0,6,0,71,0,0,0,0,0,0,0,0,0,0,33,43,0,0,0,0,0,0,0,0,0,7,11,24,235,41,3,127,9,74,9,58,9,349,50,969
105031103,0,5,0,63,0,0,0,0,0,0,0,0,0,0,37,40,3,0,0,0,0,0,0,0,0,3,3,17,176,43,7,102,16,56,8,49,10,181,44,689
105031104,0,0,0,17,0,0,0,0,0,0,0,0,0,0,18,26,3,0,0,4,0,0,0,0,0,0,8,23,108,29,9,86,6,37,3,37,11,170,28,526
105031105,0,0,0,35,5,0,0,0,0,0,0,0,0,6,30,44,0,4,0,0,0,0,0,0,0,10,3,21,149,17,8,94,17,69,4,49,6,204,48,661
105031106,0,0,0,31,3,0,0,0,0,4,0,0,7,3,33,43,0,0,0,4,0,0,0,0,0,16,4,25,164,35,3,108,20,82,5,53,11,303,54,843
106011107,0,14,0,173,0,0,0,0,0,4,0,5,0,4,45,56,0,0,4,0,0,0,0,0,0,11,5,21,343,56,13,196,41,145,29,83,23,455,59,1438
106011108,0,8,0,80,0,0,0,3,4,3,0,0,0,18,61,88,0,0,4,0,0,0,0,0,0,22,12,39,283,89,21,250,44,181,23,142,42,950,90,2122
106011109,0,10,0,91,0,0,0,0,0,0,0,0,0,0,39,46,0,0,0,0,0,0,0,0,0,5,12,12,160,62,8,145,25,100,15,83,28,404,51,1080
106011110,0,4,0,97,0,0,0,0,0,0,0,3,0,0,43,51,0,0,0,0,0,0,0,0,0,4,4,17,194,84,15,160,29,108,18,105,26,470,59,1267
106011111,4,5,0,84,0,0,0,0,0,0,0,0,0,10,62,83,0,0,0,0,0,5,0,0,0,15,8,40,404,79,16,276,54,169,31,119,21,743,88,1995
106011112,0,9,0,178,4,0,0,4,0,0,0,0,0,8,82,97,0,0,0,0,0,0,0,0,0,10,10,14,358,50,12,229,28,184,14,97,33,524,99,1627
106011113,3,4,0,51,0,0,0,0,0,0,0,0,0,3,29,32,0,0,0,4,0,0,0,0,0,3,3,13,115,24,13,78,12,65,10,51,9,185,36,603
106021114,0,0,0,55,0,0,0,0,0,0,0,3,0,0,36,40,0,0,0,0,0,0,0,4,0,7,3,16,216,41,9,121,18,86,12,48,19,214,36,827
106021116,0,8,0,103,0,0,0,0,0,3,0,0,0,3,25,28,0,0,0,0,0,0,0,0,0,5,3,5,157,27,8,110,16,87,11,81,16,344,25,873
106021614,0,10,0,118,0,0,0,0,0,0,0,0,0,6,58,66,0,0,0,0,0,0,0,0,0,9,12,28,356,78,15,268,31,171,14,121,27,696,76,1838
106021615,0,12,0,104,4,0,0,0,0,0,0,0,0,15,54,73,0,0,4,0,0,0,0,0,0,11,6,22,362,72,13,220,38,152,9,97,23,674,73,1725
106021616,0,0,0,29,0,0,4,5,0,0,0,0,0,0,25,34,0,0,0,0,0,0,0,0,0,5,8,15,193,34,7,118,21,75,5,48,10,263,43,803
106021617,0,3,0,79,0,0,0,0,0,0,0,0,0,4,32,34,0,0,0,0,0,0,0,0,0,15,3,18,199,35,6,139,23,96,11,78,16,558,43,1195
106021618,0,5,0,118,0,0,0,0,0,0,0,0,0,3,65,74,3,0,0,0,0,0,0,0,0,4,4,14,453,66,7,248,34,168,9,98,31,457,75,1642
106031119,4,0,0,41,0,0,0,0,0,0,0,0,0,5,20,24,0,0,0,0,0,0,0,0,0,5,7,13,74,36,5,90,11,53,13,101,19,542,31,967
106031120,0,0,0,35,0,0,0,3,0,0,5,0,0,3,28,39,0,0,0,0,0,0,0,0,0,6,4,22,81,32,3,98,18,85,6,74,12,529,40,981
106031121,4,50,0,232,0,0,0,0,0,3,0,3,0,12,103,130,4,0,0,0,0,0,0,4,0,30,22,63,261,163,27,314,36,191,42,280,56,1982,147,3488
106031122,0,6,0,41,0,0,0,0,0,0,0,0,0,6,47,54,0,0,0,5,0,0,0,0,0,13,10,28,210,49,15,179,35,142,14,100,22,530,68,1362
106031123,0,5,0,56,3,0,0,0,0,0,0,0,0,0,20,24,0,0,0,3,0,0,0,0,0,6,0,7,102,35,10,97,17,75,8,55,13,224,22,648
106031124,0,12,0,48,0,0,0,0,0,0,0,0,0,3,35,47,0,0,0,0,0,0,0,0,0,20,7,30,59,50,13,70,4,62,8,115,12,895,54,1341
106031125,0,3,0,92,0,0,0,0,0,0,0,4,0,7,47,63,4,0,0,0,0,0,0,4,0,16,13,36,256,77,14,212,34,147,17,131,30,708,73,1693
106041126,4,4,0,111,0,0,0,0,4,0,0,0,0,3,51,66,0,0,3,0,0,0,0,0,0,10,8,17,253,27,6,170,25,134,6,62,18,392,63,1165
106041127,0,0,0,51,0,0,0,0,0,3,0,0,0,0,22,23,0,0,0,0,0,0,0,0,0,5,4,16,112,30,12,66,13,44,10,32,4,134,31,487
106041128,0,4,0,47,0,0,0,0,0,0,0,3,0,6,21,28,0,0,0,0,0,0,0,0,0,7,0,13,159,19,0,94,10,77,3,44,7,230,29,672
106041129,0,0,0,60,6,0,0,0,0,8,0,0,0,3,47,61,4,0,3,0,0,0,0,0,0,7,9,20,236,53,11,167,17,102,11,75,12,333,60,1087
107011131,0,7,0,90,0,0,0,3,0,4,0,3,0,14,61,83,0,0,0,0,0,0,0,0,0,18,15,33,340,80,20,278,95,210,47,159,64,1276,96,2670
107011132,0,8,0,87,0,0,3,0,0,0,0,0,0,4,32,41,0,0,0,0,0,0,0,0,0,5,9,14,271,43,8,141,42,108,28,53,37,351,46,1122
107011133,0,0,0,0,0,0,0,0,0,0,0,0,0,0,0,0,0,0,0,0,0,0,0,0,0,0,0,0,0,0,0,0,0,0,0,0,0,0,0,0
107011134,0,3,0,125,0,0,5,0,0,0,0,4,0,5,17,33,0,0,0,0,0,0,0,0,0,7,9,13,244,64,17,170,43,146,24,113,32,673,31,1556
107011545,0,3,0,36,0,0,0,3,0,0,0,0,0,4,27,34,0,0,3,0,0,0,0,0,0,15,12,34,145,37,19,124,35,140,22,85,22,580,44,1263
107011546,0,4,0,35,0,0,0,0,0,0,0,0,0,7,19,26,0,0,0,0,0,0,0,0,0,4,8,18,102,33,8,77,21,74,14,57,23,423,37,864
107011547,0,0,0,17,0,0,0,0,0,0,0,0,0,4,20,29,0,0,0,0,0,0,0,0,0,11,4,12,48,14,3,35,5,37,5,24,11,269,30,478
107021135,0,0,0,0,0,0,0,0,0,0,0,0,0,0,0,0,0,0,0,0,0,0,0,0,0,0,0,0,0,0,0,0,0,0,0,0,0,0,0,0
107031136,4,3,0,91,4,0,0,0,0,5,0,0,0,0,54,66,0,0,0,0,3,0,0,0,0,9,10,29,417,67,21,278,80,181,34,108,36,637,72,1929
107031137,0,0,0,26,0,0,0,0,0,0,0,0,0,0,25,30,0,0,0,0,0,0,0,0,0,3,3,7,111,22,10,100,17,68,12,45,10,342,28,778
107031138,3,19,0,121,0,0,0,0,0,0,0,0,0,4,30,36,0,0,5,0,0,0,0,0,0,5,4,22,123,45,0,151,24,83,21,96,24,751,45,1366
107031139,0,8,0,71,0,0,0,0,0,0,0,0,0,0,17,26,0,0,0,0,0,0,0,0,0,4,0,6,84,30,7,76,21,42,5,66,17,403,22,777
107031140,5,18,0,128,0,0,0,0,0,0,0,0,0,0,33,42,0,0,0,0,0,0,0,5,0,10,6,22,133,72,9,112,18,87,4,107,24,488,45,1094
107031141,0,16,0,179,0,0,0,0,0,0,0,3,0,4,42,51,0,0,0,0,0,0,0,0,0,6,9,16,283,66,17,213,65,155,26,136,33,951,54,2008
107031142,0,11,0,53,0,0,0,0,0,0,0,0,0,0,18,21,0,0,0,0,0,0,0,0,0,10,16,23,147,43,14,126,33,105,22,91,37,570,36,1219
107031143,0,5,0,61,0,0,0,0,0,0,0,3,0,7,66,81,0,0,0,4,0,0,0,0,0,13,27,44,235,75,24,202,62,161,34,142,35,1090,112,2168
107041144,6,13,0,178,0,0,0,0,0,3,0,0,0,9,45,60,0,0,0,0,0,0,0,0,0,18,13,31,301,95,22,236,66,167,35,158,37,964,69,2148
107041145,0,3,0,119,0,3,0,0,0,0,0,0,0,7,41,51,0,0,0,0,0,0,0,0,0,9,12,17,278,79,11,174,46,154,37,96,33,661,53,1609
107041146,0,17,0,193,0,0,0,0,0,0,0,0,0,15,48,65,0,0,0,0,0,0,0,0,0,7,6,22,297,69,19,212,59,162,26,132,27,918,64,1983
107041147,0,11,0,133,0,0,0,0,0,0,0,0,0,0,15,29,0,0,0,0,0,0,0,0,0,3,0,4,181,39,13,109,32,69,24,66,17,282,24,850
107041148,0,14,0,243,0,0,0,0,0,0,0,0,0,6,28,33,0,0,0,0,0,0,0,0,0,0,3,3,213,66,9,156,32,131,20,131,24,534,35,1351
107041150,0,13,0,235,0,0,0,0,0,3,0,0,0,6,24,43,0,0,0,0,0,0,0,0,0,16,11,31,322,70,13,196,56,139,40,130,47,883,48,1939
107041548,0,30,0,292,0,0,0,0,0,4,0,0,0,0,48,55,0,0,0,0,0,0,0,3,0,12,6,21,494,135,30,316,100,223,55,166,39,829,58,2445
107041549,3,4,0,131,0,0,0,0,0,0,0,0,0,3,42,57,0,0,0,0,0,0,0,0,0,6,9,13,313,69,22,228,60,155,40,129,40,511,58,1619
108011151,0,0,0,31,0,0,0,0,0,0,0,0,0,5,22,32,0,0,0,0,0,0,0,0,0,6,13,27,83,36,15,96,9,46,3,60,11,305,43,701
108011152,0,18,0,85,3,0,0,0,0,3,0,0,0,15,78,95,0,4,0,0,0,0,0,0,0,26,29,56,191,100,12,193,14,103,26,187,23,1346,113,2299
108011153,3,8,0,63,0,0,0,3,0,0,0,0,0,8,42,48,0,3,0,0,0,0,0,0,0,14,6,24,102,61,10,82,19,59,10,98,20,580,52,1093
108011154,0,9,0,25,0,0,0,0,0,0,0,0,0,4,36,36,0,0,0,0,0,0,0,0,0,22,11,36,50,36,10,67,5,38,3,86,5,672,63,1034
108021155,0,7,0,33,0,0,0,0,0,0,0,0,3,3,43,53,0,0,0,0,0,4,0,0,0,18,13,36,164,95,9,167,24,102,6,120,41,710,75,1503
108021156,0,3,0,38,0,0,0,0,0,0,0,0,3,9,38,55,0,0,3,0,0,3,0,0,0,17,7,32,143,93,18,133,9,96,14,135,24,497,55,1213
108021157,0,0,0,15,0,0,0,0,0,0,0,0,0,0,34,32,3,0,0,0,0,0,0,0,0,0,7,15,51,41,10,54,8,43,5,63,14,334,44,664
108021158,0,4,0,15,0,0,0,0,0,0,0,0,0,0,25,25,0,0,0,0,0,0,0,0,0,3,13,22,67,46,8,73,4,54,7,84,9,510,51,900
108021159,0,3,0,45,0,0,0,0,0,0,0,9,0,3,29,41,0,3,0,0,0,0,0,0,0,4,5,21,120,66,7,118,11,81,12,123,25,461,46,1075
108021160,0,9,0,40,0,0,0,0,0,0,0,0,0,3,24,28,0,0,5,0,0,0,0,0,0,9,4,16,71,43,10,72,13,41,10,87,14,607,33,998
108031161,0,0,0,0,0,0,0,0,0,0,0,0,0,0,3,3,0,0,0,0,0,0,0,0,0,0,0,0,9,9,0,6,0,3,3,0,4,13,8,58
108041162,0,9,0,87,3,0,0,0,0,0,0,0,0,20,82,103,0,0,0,3,0,0,0,0,0,33,17,58,233,136,15,244,34,150,18,231,37,2033,117,3245
108041164,0,20,0,130,0,4,0,0,0,0,0,0,3,13,61,89,0,4,0,3,0,0,0,0,0,24,18,46,392,126,10,256,17,160,22,167,33,1439,100,2728
108041165,0,0,0,39,0,0,0,0,0,0,0,0,0,6,28,33,0,0,0,0,0,0,0,0,0,3,0,3,113,50,7,97,7,60,14,65,10,266,33,723
108041166,0,3,0,62,0,0,0,0,0,3,0,3,0,3,37,48,6,0,5,0,0,0,0,0,0,11,17,33,221,78,10,184,17,105,11,127,23,707,57,1531
108041619,0,10,0,129,0,0,0,0,0,0,0,0,0,0,45,46,0,0,0,0,0,0,0,0,0,3,3,12,214,96,10,184,32,110,13,142,24,583,55,1468
108041620,0,12,0,119,0,0,0,4,0,0,0,0,0,9,63,81,0,0,0,0,0,0,0,0,0,17,12,35,297,110,15,254,12,127,18,187,18,1247,86,2377
108051167,0,3,0,28,0,0,0,0,0,0,0,0,0,0,33,39,0,0,3,0,0,0,0,0,0,3,4,12,97,43,13,84,6,63,9,62,17,398,49,832
108051168,0,7,3,77,0,0,4,0,0,6,3,0,0,10,62,85,0,0,0,0,0,7,0,0,0,22,17,47,162,78,18,166,25,139,21,166,39,1095,97,2014
108051169,0,11,0,70,0,0,0,0,0,0,0,4,0,13,69,89,3,0,0,0,0,0,0,0,0,47,17,74,283,97,14,237,33,149,23,170,35,1158,108,2303
108051170,3,7,0,66,6,0,0,0,0,6,0,0,0,6,62,77,0,0,0,0,0,0,0,0,3,20,20,46,198,115,13,173,25,128,24,194,34,1172,97,2180
108051171,0,0,0,14,0,0,0,0,0,0,0,4,0,3,15,26,0,0,0,0,0,0,0,0,0,6,3,16,76,33,0,66,3,46,9,50,4,304,25,610
109011172,0,3,0,116,0,0,0,5,0,0,0,0,0,3,49,50,4,4,0,0,0,0,0,0,0,12,4,21,427,91,10,312,23,154,8,143,15,637,62,1876
109011173,0,0,0,30,0,0,0,0,3,0,0,0,0,4,38,49,0,0,0,0,0,0,0,0,0,8,13,17,217,43,6,161,24,99,14,75,16,387,52,1097
109011174,3,17,0,136,0,0,0,0,0,0,0,0,0,6,41,46,0,0,0,0,0,0,0,0,0,12,7,22,256,65,8,190,28,91,8,102,16,434,48,1251
109011175,4,3,0,91,3,0,0,0,0,5,0,0,0,8,63,76,3,0,0,0,0,0,0,0,0,15,18,46,285,84,13,220,26,117,14,106,25,486,91,1474
109011176,0,6,0,35,6,0,0,0,0,0,0,0,0,5,64,71,0,3,0,0,0,0,0,0,0,11,13,39,243,70,14,257,23,134,14,115,32,619,97,1612
109021177,4,3,0,29,0,0,0,0,0,0,0,0,0,0,21,26,0,0,0,0,0,0,0,0,0,5,6,15,84,14,6,55,12,29,8,20,3,103,30,355
109021178,0,7,0,43,0,0,0,0,0,0,0,0,0,3,29,39,0,0,0,0,0,0,0,0,0,8,7,14,149,28,11,92,10,65,7,50,11,302,38,767
109021179,0,0,0,24,0,0,0,0,0,0,0,0,0,0,11,12,3,0,0,0,0,0,0,0,0,0,7,11,95,13,3,69,8,49,7,23,0,113,28,407
109031180,0,0,0,21,0,0,0,0,0,0,0,0,0,4,27,35,0,0,0,4,0,0,0,0,0,13,9,19,106,29,4,104,7,59,4,63,15,358,38,791
109031181,0,3,0,30,0,0,0,3,0,3,0,0,0,0,48,49,3,0,0,0,0,0,0,0,0,19,14,44,157,40,9,135,16,76,8,65,14,448,70,1043
109031182,0,9,0,40,0,0,0,0,0,0,0,0,0,5,51,61,0,0,0,3,0,0,0,0,0,13,12,25,156,41,4,126,16,72,3,76,13,314,64,889
109031183,0,0,0,60,0,0,0,0,0,0,0,0,0,3,30,40,9,0,0,0,0,0,4,0,0,15,15,41,216,39,13,155,19,70,12,61,13,272,55,939
109031184,0,10,0,38,0,0,0,0,0,0,0,0,0,8,24,38,0,0,0,0,0,0,0,0,0,8,13,21,120,50,7,99,7,47,14,85,14,521,45,1010
109031185,0,6,0,68,0,0,3,0,0,0,0,3,0,6,51,71,6,0,3,0,0,0,0,0,0,21,16,51,203,52,13,185,19,95,5,118,21,596,77,1392
110011186,0,3,0,197,7,0,3,0,0,0,0,0,0,7,73,92,0,0,4,0,5,0,0,0,0,10,17,34,495,138,17,396,39,195,28,191,30,819,97,2445
110011187,0,0,0,30,0,0,0,0,0,0,0,0,0,0,14,22,0,0,0,0,0,0,0,0,0,3,4,7,121,46,4,88,3,41,7,47,4,134,25,525
110011188,0,0,0,56,0,0,0,0,0,0,0,0,0,4,20,26,0,0,0,0,0,0,0,0,0,8,0,9,154,47,4,134,10,78,12,67,12,256,30,798
110011189,0,0,0,31,0,0,0,0,0,0,0,0,0,0,18,18,3,0,0,3,0,0,0,0,0,7,3,17,116,24,6,91,7,36,0,26,0,146,25,488
110021190,0,5,0,41,0,0,0,0,0,0,0,3,0,5,44,55,0,0,0,0,0,0,0,0,0,14,14,31,196,56,13,149,15,85,13,86,15,482,66,1179
110021191,0,7,0,47,0,0,0,4,0,3,0,0,0,5,36,52,0,0,0,0,0,0,0,0,0,21,11,35,240,64,16,188,22,98,13,101,9,561,54,1371
110021192,0,0,0,19,0,0,0,0,0,4,0,0,3,0,27,36,3,0,0,5,0,0,0,0,0,5,3,18,127,31,7,80,7,48,9,48,8,235,41,636
110021193,0,0,0,30,0,0,0,0,0,3,0,0,0,8,30,44,0,0,0,5,0,0,0,0,0,8,6,21,153,37,11,116,7,61,3,47,11,271,48,767
110021194,0,7,0,37,0,0,0,0,0,3,0,0,0,4,40,50,3,0,0,0,0,0,0,0,0,10,19,33,135,62,7,113,11,76,10,78,18,460,59,1030
110031195,0,7,0,52,0,0,0,0,0,0,0,0,0,4,29,41,0,0,0,0,0,0,0,0,0,10,12,23,205,25,7,129,15,54,8,43,7,184,46,740
110031196,0,3,0,37,0,0,0,0,0,0,0,0,0,0,21,27,3,0,0,0,0,0,0,0,0,0,7,15,163,12,3,87,8,33,4,18,9,81,28,448
110031197,0,5,0,52,0,0,0,0,0,4,0,0,0,0,26,34,0,0,3,0,0,0,0,0,0,14,4,25,198,30,14,113,17,64,3,44,10,230,50,767
110031198,0,0,0,39,0,0,0,3,0,0,0,0,0,0,27,34,6,0,0,0,0,0,0,0,0,5,3,15,132,22,7,103,7,48,5,29,4,101,35,495
110041199,0,0,0,74,0,0,0,0,0,0,0,0,0,6,37,50,0,0,0,0,0,0,0,0,0,10,10,25,218,42,0,140,13,97,8,51,8,307,60,940
110041200,0,0,0,39,0,0,0,0,0,0,0,0,0,0,11,15,0,0,0,0,0,0,0,3,0,0,6,13,155,22,6,76,17,57,4,28,3,110,24,496
110041201,0,4,0,40,0,0,0,0,0,0,0,0,0,0,34,38,0,0,4,0,0,0,0,0,0,3,7,13,172,42,10,113,19,79,7,54,15,329,45,885
110041202,0,7,0,115,6,0,0,0,0,4,3,0,0,7,70,88,0,0,0,0,0,0,0,0,0,20,11,36,522,86,13,305,30,189,19,165,35,876,98,2336
110041203,0,11,0,146,4,0,0,3,0,4,0,0,0,5,51,63,0,0,0,0,0,0,0,0,0,4,12,22,419,89,11,240,34,139,12,106,17,567,74,1705
110041204,0,0,0,8,0,0,0,0,0,0,0,0,0,0,23,18,0,0,0,0,0,0,0,0,0,9,0,10,85,13,3,53,13,44,8,28,4,173,28,445
110041205,0,3,0,126,7,0,0,0,0,0,0,0,0,9,92,115,11,0,0,5,0,0,0,4,0,12,18,53,513,91,25,334,36,189,25,159,36,774,132,2320
111011206,7,13,0,139,3,0,0,0,0,0,0,0,0,4,42,56,0,0,0,0,0,0,0,0,0,18,6,29,321,79,14,251,34,135,15,143,35,1057,60,2144
111011207,0,0,0,33,0,0,0,0,0,6,0,0,0,0,17,24,0,0,0,0,0,0,0,0,0,7,8,10,61,32,4,65,9,66,10,59,16,347,19,693
111011208,0,19,0,225,0,0,0,0,0,0,0,4,0,3,70,81,0,0,0,0,0,0,4,0,0,22,11,40,520,97,15,374,44,176,34,205,26,1013,92,2599
111011209,0,14,0,190,0,0,0,0,0,6,0,0,0,9,73,83,0,0,0,0,0,0,0,0,0,9,10,28,527,120,14,363,43,204,31,172,37,926,90,2527
111011210,0,6,0,35,0,0,0,0,0,0,0,0,0,4,26,31,0,0,0,0,0,0,0,0,0,10,4,15,144,36,8,112,18,75,9,54,15,383,38,883
111011211,0,3,0,38,0,0,0,0,0,0,0,0,0,0,17,18,0,0,0,0,0,0,0,0,0,6,3,6,49,16,0,42,6,23,0,20,7,172,17,362
111011212,0,10,0,119,0,0,0,0,0,3,0,3,0,3,36,47,0,0,0,0,0,0,0,0,0,13,11,29,173,63,10,149,39,123,12,138,28,870,56,1649
111011213,0,15,0,139,0,0,0,0,0,0,0,0,0,3,32,42,0,0,0,0,0,0,0,0,0,12,6,17,171,59,3,161,22,116,7,144,28,775,50,1529
111011214,3,6,0,142,0,0,0,0,4,0,0,4,0,6,53,67,0,0,0,0,0,0,0,0,0,12,7,19,262,87,7,242,25,129,14,127,28,797,76,1779
111021215,0,3,0,54,0,0,0,0,0,0,0,5,0,0,34,37,0,0,0,0,0,0,0,0,0,13,3,16,184,43,8,130,24,96,18,77,3,467,41,1075
111021216,0,4,0,62,0,0,0,3,0,0,0,0,0,7,31,38,0,0,0,0,0,0,0,0,0,13,3,21,158,68,6,144,31,87,10,86,28,578,41,1246
111021217,0,0,0,79,0,0,0,0,0,0,0,0,0,0,38,45,0,0,0,0,0,0,0,0,0,16,5,20,380,51,5,230,30,132,19,94,14,514,50,1508
111021218,0,17,0,102,4,0,0,0,0,0,0,0,0,0,62,75,0,0,0,0,0,0,0,0,0,16,20,37,256,107,10,204,31,136,27,151,28,1067,95,2113
111021219,0,22,0,140,0,0,0,0,0,4,0,0,0,3,57,66,0,0,0,0,0,0,0,0,0,20,11,28,215,55,3,203,25,147,19,134,26,878,75,1791
111021220,0,9,0,93,0,0,0,0,0,0,0,0,0,5,39,44,0,0,0,0,0,0,0,0,0,13,6,21,180,54,12,139,21,110,15,112,21,715,48,1423
111021221,0,0,0,23,0,0,0,0,5,0,0,0,0,3,27,40,0,0,0,0,0,0,0,0,0,10,6,12,166,30,4,101,9,66,10,47,9,322,36,798
111031222,0,8,0,183,0,0,0,5,0,0,0,0,0,5,66,80,0,0,0,0,0,0,0,0,0,9,14,26,362,90,7,239,37,117,9,114,14,595,84,1676
111031223,0,4,0,14,0,0,0,0,0,0,0,0,0,3,30,45,0,0,0,0,0,0,0,0,0,9,8,17,136,33,0,122,14,71,11,61,9,396,43,897
111031224,0,11,0,150,0,5,0,0,0,0,0,0,3,0,45,55,0,0,0,0,0,0,0,0,0,8,9,18,260,83,3,176,31,84,20,100,25,431,58,1276
111031225,0,3,0,182,0,0,0,0,0,0,0,0,0,7,43,52,0,0,0,0,0,0,0,0,0,3,5,16,328,86,8,223,35,126,23,138,13,579,56,1616
111031226,0,0,0,86,0,0,0,0,0,0,0,0,0,8,42,50,0,0,0,0,0,0,0,0,0,5,5,9,315,56,10,215,39,144,15,96,20,427,44,1384
111031227,0,0,0,148,0,0,0,0,0,0,0,0,0,4,60,70,0,0,0,0,0,0,0,0,0,4,12,15,443,94,12,284,34,133,24,102,10,374,78,1584
111031228,0,31,0,303,0,0,0,0,0,0,0,0,0,4,49,58,0,0,0,0,0,0,0,0,0,6,0,12,355,103,10,205,22,125,18,126,26,536,58,1582
111031229,8,33,0,408,0,0,0,0,0,0,0,0,0,3,71,75,0,0,0,0,0,0,0,0,0,4,5,16,486,126,14,286,39,143,19,135,13,447,74,1788
111031230,0,0,0,0,0,0,0,0,0,0,0,0,0,0,0,0,0,0,0,0,0,0,0,0,0,0,0,0,0,0,0,0,0,0,0,0,0,0,0,3
111031231,0,0,0,30,0,0,0,0,0,0,0,0,0,3,34,39,0,0,0,0,0,0,0,0,0,11,11,21,198,79,11,170,14,65,20,74,11,338,52,1025
111031232,0,7,0,86,0,0,0,0,0,0,0,0,0,6,37,51,0,0,0,0,0,0,0,0,0,6,11,11,152,45,12,101,20,80,10,74,12,652,52,1204
111031233,0,4,0,122,0,0,0,0,0,0,0,0,0,6,63,72,0,0,0,0,0,0,0,0,0,12,21,36,411,98,11,309,34,159,31,157,23,850,92,2185
111031234,0,3,0,96,0,0,0,0,0,0,0,0,0,0,40,44,0,0,6,0,0,0,0,0,0,0,3,8,346,77,12,232,28,84,11,76,5,323,48,1259
111031235,5,4,0,141,0,0,0,0,0,0,0,0,0,0,37,48,3,0,0,0,0,0,0,0,0,0,7,10,317,75,7,221,35,70,18,85,11,229,41,1103
112011236,4,21,0,114,0,0,0,0,0,0,0,3,0,11,67,83,0,0,4,0,0,0,0,6,0,30,18,57,279,144,29,273,29,128,33,178,26,1254,103,2485
112011237,0,18,0,159,3,0,0,3,0,4,0,0,0,8,63,82,0,0,0,0,4,0,0,0,0,13,11,29,330,161,14,314,40,149,34,197,32,939,81,2292
112011238,0,17,0,122,0,0,0,0,0,3,0,0,5,0,24,31,4,0,0,0,0,0,0,0,0,6,4,11,109,91,0,131,6,51,8,84,15,204,32,735
112011239,0,0,0,61,0,0,0,0,0,0,0,0,0,5,49,48,0,0,0,0,0,0,0,0,0,8,5,14,116,98,10,133,8,62,16,86,10,338,53,928
112011240,0,24,0,155,0,0,0,0,0,0,0,0,0,4,51,64,0,0,3,0,0,0,0,0,0,3,0,9,146,145,14,169,21,71,22,127,10,310,59,1095
112011241,0,0,0,22,0,0,0,0,0,0,0,0,0,0,29,36,0,0,0,0,0,0,0,0,0,5,5,13,94,44,7,65,9,52,15,68,7,364,47,762
112011242,0,7,0,140,0,0,0,0,0,0,0,0,0,0,34,38,0,0,0,0,0,0,0,0,0,10,0,12,165,90,9,185,17,82,13,101,14,394,39,1100
112011243,3,7,0,81,0,0,0,0,0,0,3,3,0,0,38,45,0,0,0,0,0,0,0,0,0,4,5,4,77,79,9,122,12,66,18,112,17,285,39,834
112021244,0,5,0,17,0,0,0,6,0,0,0,0,0,6,44,58,0,0,0,0,0,0,0,0,0,16,11,30,173,65,13,164,17,91,18,87,20,636,71,1349
112021245,0,0,0,29,0,0,0,0,0,0,0,0,0,8,33,43,0,0,0,0,0,0,0,0,0,6,9,25,153,67,16,117,14,66,9,77,7,318,56,911
112021246,0,3,0,56,0,0,0,0,0,0,0,0,0,3,40,45,3,0,0,3,0,0,0,0,0,11,5,24,268,73,11,190,16,101,13,107,19,589,46,1443
112021247,0,0,0,43,0,0,0,0,0,0,0,0,0,4,51,55,0,0,0,0,0,0,0,0,0,15,9,33,133,57,12,120,10,75,9,85,19,404,72,995
112021248,0,3,0,47,0,0,0,0,0,0,0,0,3,5,30,40,3,0,0,0,0,0,0,0,0,4,9,21,230,87,8,209,24,139,16,94,16,436,54,1312
112021249,3,3,0,140,3,0,0,4,0,0,0,0,0,5,76,93,0,0,0,7,0,4,0,0,0,7,3,22,317,170,12,312,33,173,28,183,32,592,92,1952
112031250,5,21,0,172,4,0,0,0,0,0,0,0,0,5,62,68,0,0,0,7,0,0,0,0,0,18,12,27,205,96,8,204,18,138,20,155,42,806,87,1768
112031251,0,4,0,16,0,0,0,0,0,0,0,0,0,3,29,37,0,0,0,0,0,0,0,0,0,11,9,18,125,44,6,135,13,56,9,87,4,432,45,952
112031252,0,11,0,84,0,0,0,4,0,0,0,0,0,3,52,61,0,0,0,0,0,0,0,0,0,9,10,27,142,103,16,171,22,121,16,141,26,452,72,1275
112031253,0,8,0,75,0,0,0,0,0,4,0,0,0,0,51,68,0,0,3,0,0,0,0,0,0,12,4,19,168,94,8,202,24,106,18,138,25,735,70,1589
112031254,0,23,0,111,0,0,0,0,0,0,0,0,4,16,88,115,0,0,3,0,0,0,0,0,0,23,23,58,295,152,22,281,44,169,49,197,42,1236,133,2621
112031550,0,12,0,64,0,0,0,0,0,0,0,0,0,8,52,68,0,4,0,0,0,0,0,0,0,16,21,43,225,79,12,204,31,136,27,161,24,1061,84,2038
112031551,0,6,0,27,0,0,0,0,0,0,0,0,0,0,14,13,0,0,0,0,0,0,0,0,0,3,4,9,44,19,0,60,4,32,4,21,6,172,16,383
112031552,0,6,0,13,0,0,0,0,0,0,0,0,0,4,28,39,0,0,0,0,0,0,0,0,0,22,11,32,99,43,9,94,11,41,5,82,11,607,57,1061
113011256,0,13,0,102,0,0,3,0,0,6,0,0,0,8,62,80,7,0,0,0,0,0,0,0,0,22,21,52,519,96,17,311,35,162,19,119,22,583,111,1997
113011257,0,3,0,86,4,0,0,0,0,0,0,4,3,8,34,51,3,0,6,4,0,3,0,0,0,8,12,41,362,77,20,259,27,125,11,69,16,291,57,1316
113011258,0,4,0,52,5,0,0,0,0,3,0,0,0,0,33,43,0,0,0,0,0,3,0,0,0,9,8,23,256,44,6,169,9,105,10,67,14,335,49,1060
113011259,0,0,0,38,0,0,0,0,0,6,0,0,0,0,33,31,0,0,0,0,0,0,0,0,0,3,4,15,131,22,8,109,16,47,5,41,14,223,43,651
113021260,0,3,0,32,0,0,0,0,0,0,0,0,0,0,20,25,0,0,0,0,0,0,0,0,0,3,7,14,92,25,3,70,11,33,4,23,9,174,30,483
113021261,0,4,0,36,0,0,0,0,0,0,0,0,0,3,34,40,0,0,0,0,0,0,0,0,0,8,8,18,118,27,5,119,10,78,10,61,10,273,49,754
113021262,0,5,0,38,0,0,0,0,0,0,0,0,0,5,20,26,0,0,0,0,0,0,0,0,0,7,3,13,116,31,8,106,9,56,7,36,15,206,31,615
113031263,0,0,4,67,5,0,0,0,0,0,0,0,0,3,33,45,0,0,0,0,0,0,0,0,3,9,6,25,148,50,10,134,13,82,10,80,17,525,52,1117
113031264,0,0,0,30,0,0,0,0,0,3,0,0,0,0,11,14,0,0,0,6,0,0,0,0,0,4,3,14,85,20,3,65,7,32,0,33,6,126,18,405
113031265,0,0,0,22,0,0,0,4,0,0,0,4,0,0,21,30,0,0,0,0,0,0,0,0,0,10,6,13,134,19,12,109,6,55,9,35,9,215,37,645
113031266,0,3,0,26,0,0,0,0,0,0,0,0,0,0,34,40,4,0,0,3,0,0,0,0,0,16,6,28,143,54,11,116,9,61,7,58,5,341,55,856
113031267,0,23,0,141,4,0,0,3,0,0,0,3,0,3,78,90,0,0,0,0,0,0,0,3,0,24,10,37,349,82,6,263,23,130,18,148,19,706,91,1856
113031268,0,4,0,36,0,0,0,0,0,0,0,0,0,0,27,24,0,0,0,0,0,0,0,0,0,0,0,6,114,24,6,80,4,47,0,25,0,139,26,465
113031269,0,7,0,124,0,0,0,0,0,0,0,0,0,13,85,101,0,0,0,3,0,0,0,0,0,13,19,33,564,84,19,320,34,165,20,146,29,677,106,2169
113031270,0,6,0,84,0,0,0,0,0,0,0,0,0,5,54,65,0,0,0,0,0,0,0,0,0,5,5,10,262,59,5,193,12,111,10,91,15,340,64,1167
113031271,0,7,0,129,3,0,0,0,0,7,0,0,0,4,76,97,9,0,0,0,0,0,0,0,0,13,21,49,508,90,33,306,32,191,18,129,20,503,104,1929
114011272,0,18,0,152,0,0,0,0,0,0,0,3,0,0,46,54,0,0,0,0,0,0,0,0,0,22,0,28,154,100,8,136,19,116,26,156,20,846,59,1637
114011273,0,0,0,37,0,0,0,0,0,0,0,0,0,3,15,23,0,0,0,0,0,0,0,0,0,5,0,4,54,29,5,48,6,39,8,55,5,322,27,597
114011274,0,13,0,44,0,0,0,0,0,0,0,0,0,0,26,28,0,0,0,0,0,0,0,0,0,8,5,11,77,44,8,85,19,50,12,60,13,397,39,802
114011275,0,0,0,0,0,0,0,0,0,0,0,0,0,0,0,0,0,0,0,0,0,0,0,0,0,0,0,0,3,0,0,4,0,0,0,0,0,3,0,14
114011276,0,14,0,78,0,0,0,0,0,0,0,0,0,0,22,24,0,0,0,0,0,0,0,0,0,4,0,11,85,38,5,76,16,57,16,71,12,391,28,781
114011277,0,7,0,96,0,0,0,0,0,0,0,0,0,3,66,69,0,0,0,0,0,3,0,0,0,18,13,37,256,80,8,249,36,150,21,163,31,899,82,1963
114011278,0,5,0,73,0,0,0,0,0,0,0,0,0,5,66,79,0,4,0,4,0,3,0,0,0,25,8,45,328,86,11,295,39,149,19,113,25,910,95,2083
114011279,0,11,0,55,0,0,0,0,0,0,0,0,0,20,64,87,0,0,0,0,0,0,0,0,0,28,17,49,209,91,18,180,30,132,18,142,33,1292,97,2233
114011280,0,4,0,24,0,0,0,0,0,0,0,0,0,0,16,24,0,0,0,0,0,0,0,0,0,9,11,20,43,34,10,58,6,45,11,57,9,488,38,798
114011281,0,5,0,19,0,0,0,0,0,0,0,0,0,3,14,14,0,0,0,0,0,0,0,0,0,5,0,11,75,36,6,60,7,47,6,45,10,210,25,522
114011282,0,23,0,117,0,0,0,0,0,0,0,0,0,9,60,74,0,0,0,0,0,0,0,0,0,26,15,49,210,154,15,223,21,120,21,215,40,1448,106,2570
114011283,0,7,0,53,0,0,0,0,0,5,0,0,0,4,26,36,0,0,0,0,0,0,0,0,0,0,3,7,76,52,4,78,18,71,12,98,18,523,40,992
114021284,8,53,0,308,0,0,0,0,0,0,0,4,0,12,55,80,0,0,0,0,0,0,0,0,0,15,8,26,200,100,10,200,16,129,13,193,31,1189,81,2165
114021285,0,0,0,28,0,0,0,0,0,3,0,0,0,6,22,30,0,0,0,0,0,0,0,0,0,5,0,6,138,32,10,101,23,61,10,42,15,201,28,663
114021286,0,6,0,123,0,0,0,6,0,0,0,0,0,4,36,39,0,0,0,0,0,0,0,0,0,13,3,22,205,89,6,174,24,112,14,113,17,520,39,1325
114021287,0,22,0,112,0,0,0,0,3,0,0,0,0,7,33,46,0,0,0,0,0,0,0,0,0,12,8,23,208,66,4,148,23,119,16,111,23,510,56,1277
114021288,4,8,0,101,0,0,0,0,0,0,0,0,0,0,20,23,0,0,0,0,0,0,0,0,0,9,3,12,79,48,7,69,8,46,3,62,12,201,22,564
114021289,0,13,0,142,0,0,0,5,0,3,0,0,0,0,29,39,0,0,0,0,0,0,0,0,0,8,4,18,137,73,13,142,13,86,14,111,16,508,38,1151
115011290,0,3,0,248,4,0,0,0,0,3,0,0,0,8,52,70,3,0,0,0,0,0,0,0,0,12,15,35,423,73,23,208,61,161,37,121,48,831,78,2072
115011291,4,9,0,304,0,0,0,0,0,0,4,0,0,3,46,57,0,0,0,0,0,0,0,0,0,9,9,21,311,102,11,189,52,194,25,202,46,880,60,2067
115011294,0,17,0,95,0,0,0,0,0,0,0,0,0,3,17,24,0,0,0,0,0,0,0,0,0,9,3,10,67,32,4,55,17,49,7,52,19,405,20,731
115011296,0,20,0,233,0,0,0,0,0,0,0,0,0,3,23,28,0,0,0,0,0,0,0,0,0,5,3,13,145,53,16,104,31,134,13,132,21,595,33,1267
115011553,0,0,0,98,0,0,0,0,0,0,0,0,0,0,19,23,0,0,0,0,0,0,0,0,0,3,0,3,122,27,4,74,22,56,7,49,9,286,22,678
115011554,0,6,0,64,0,0,0,0,0,0,0,0,0,0,12,15,0,0,0,0,0,0,0,0,0,6,0,8,58,15,6,25,4,35,4,17,13,264,17,453
115011555,5,15,0,208,0,0,0,4,0,0,0,0,0,5,25,35,0,0,0,0,0,0,0,0,0,0,3,10,170,66,13,112,26,111,15,99,28,554,34,1219
115011556,0,6,0,157,3,0,0,0,0,0,0,0,0,0,19,24,0,0,0,0,0,0,0,0,0,0,6,3,191,41,9,106,26,97,12,89,18,416,24,1025
115011557,0,0,0,83,0,0,0,0,0,0,0,0,0,0,0,5,0,0,0,0,0,0,0,0,0,7,0,4,86,19,4,33,11,38,5,23,5,157,11,389
115011558,0,10,0,225,0,0,0,0,0,0,0,0,0,4,26,31,0,0,0,0,0,0,0,0,0,6,17,21,218,51,10,136,25,176,21,145,32,781,43,1637
115011621,0,7,0,201,0,0,0,0,0,0,0,0,0,0,19,28,0,0,0,3,0,0,0,0,0,0,4,12,223,49,7,133,29,129,16,85,30,532,25,1255
115011622,0,8,0,172,0,0,0,0,0,0,0,0,0,5,32,33,0,0,0,0,0,0,0,0,0,5,5,13,221,40,10,81,29,96,5,32,15,377,36,944
115021297,3,39,0,322,0,0,0,0,0,0,0,3,3,10,59,76,6,0,0,0,0,0,0,0,0,12,7,34,277,141,28,233,46,218,37,189,43,914,80,2200
115021298,4,14,0,97,0,0,0,0,0,0,0,0,0,0,16,23,0,0,0,0,0,0,0,0,0,6,0,9,98,26,11,59,8,54,9,54,10,248,23,599
115031299,0,9,0,39,0,0,0,0,0,0,0,0,0,0,9,16,0,0,0,0,0,0,0,0,0,3,3,3,49,31,8,43,15,34,6,28,9,128,18,358
115031300,0,6,0,254,0,0,0,9,0,0,0,3,0,11,43,61,0,3,0,0,0,5,0,0,4,18,10,37,428,119,27,333,103,255,57,179,63,766,64,2390
115041301,0,16,0,92,0,0,0,0,0,0,0,0,0,0,22,25,0,0,0,0,5,3,0,0,0,3,5,27,181,62,18,123,35,111,14,68,24,366,32,1040
115041623,0,4,0,144,6,0,0,0,0,0,0,0,0,0,20,30,0,0,0,0,0,0,0,0,0,0,8,8,303,26,9,82,61,68,6,37,19,131,25,769
115041624,0,0,0,219,0,0,4,4,0,0,0,0,0,0,42,51,0,0,0,0,0,0,0,0,0,0,6,7,348,44,13,147,46,120,24,65,25,273,43,1139
115041625,0,5,0,199,0,0,0,0,0,0,0,0,0,0,22,26,0,0,0,0,0,0,0,0,0,0,8,11,292,37,10,138,32,138,17,59,16,344,28,1117
116011303,0,0,0,71,0,0,4,0,0,0,0,5,0,0,36,44,0,0,0,0,0,0,0,0,0,8,6,18,262,90,24,180,70,178,40,105,41,395,57,1438
116011304,0,0,0,88,0,0,5,0,0,0,0,0,0,0,35,47,0,0,0,0,0,0,0,0,0,9,18,28,281,52,20,131,77,194,28,117,50,555,59,1578
116011306,0,3,0,74,0,0,0,0,0,0,0,0,3,6,44,57,0,0,0,0,0,0,0,0,0,12,18,34,247,47,23,143,72,205,28,91,49,559,75,1532
116011307,4,5,0,181,0,0,0,0,0,5,0,0,0,7,38,54,0,0,0,0,0,0,0,0,0,16,10,29,354,70,36,187,105,231,67,108,74,792,69,2090
116011560,0,0,0,30,0,0,0,0,3,0,0,0,0,5,24,35,0,0,0,3,0,0,0,0,0,3,8,11,143,28,13,59,47,92,18,53,28,364,35,887
116011561,0,0,0,57,4,0,0,0,0,0,0,0,0,3,29,41,0,0,0,0,0,0,0,3,0,15,17,32,216,43,24,125,61,154,31,85,44,458,55,1291
116011626,0,0,0,97,3,0,0,0,0,3,0,0,0,0,39,45,0,0,0,0,0,0,0,0,0,8,10,15,234,34,13,125,61,145,26,88,45,495,46,1321
116011627,0,0,0,57,0,0,0,0,0,0,0,0,0,0,10,14,0,0,0,0,0,0,0,0,0,6,5,17,164,26,16,83,34,96,29,54,22,347,17,890
116021309,0,4,0,125,5,0,0,0,0,0,0,0,0,7,25,27,0,0,5,0,0,0,0,0,0,0,4,10,211,26,24,76,34,117,11,53,20,370,35,971
116021562,0,0,0,40,0,0,0,0,0,0,0,0,0,0,8,8,0,0,0,0,0,0,0,0,0,0,0,0,61,8,12,24,21,27,7,15,10,83,7,268
116021563,0,0,0,172,0,0,0,0,0,0,0,0,0,9,29,41,0,0,0,0,0,0,0,0,0,3,7,14,426,51,20,185,103,231,33,106,32,492,46,1735
116021628,3,3,0,178,0,0,0,0,0,0,0,0,0,4,18,28,0,0,5,0,0,0,0,0,0,7,7,13,286,33,18,115,57,125,22,72,32,404,29,1190
116021629,0,0,0,139,0,0,0,0,0,0,0,0,0,0,21,22,0,0,0,0,0,0,0,0,0,0,10,12,359,28,9,101,67,79,23,44,16,229,30,985
116021630,0,4,0,100,0,0,0,0,0,0,0,0,0,0,23,25,0,0,0,0,0,0,0,0,0,3,7,18,311,43,13,126,58,90,45,46,17,228,37,1020
116021631,0,0,0,114,0,0,0,0,0,0,0,0,0,0,11,17,0,0,0,0,0,0,0,0,3,0,3,4,222,23,10,66,34,62,10,25,21,129,17,625
116021632,0,0,0,243,0,0,0,0,3,0,0,0,3,3,32,44,0,0,0,0,0,0,0,0,0,0,7,8,608,56,34,203,88,179,32,62,35,254,42,1596
116021633,0,0,0,122,3,0,0,0,0,0,0,0,0,3,16,26,4,0,0,0,0,0,0,0,0,0,8,16,207,24,10,67,38,90,11,34,19,247,28,779
116031313,0,0,0,18,0,0,0,0,0,0,0,0,0,9,16,30,0,0,0,0,0,0,0,0,0,6,26,35,115,25,20,74,41,122,20,67,30,481,50,1039
116031314,0,0,0,19,0,0,0,0,0,0,0,0,0,0,15,18,0,0,0,0,0,0,0,0,0,0,5,9,106,13,8,56,39,66,16,33,20,142,26,531
116031315,0,0,0,43,4,0,0,0,0,0,0,0,0,6,37,46,0,0,4,0,0,4,0,0,0,0,5,12,225,40,24,139,67,191,26,82,48,384,54,1270
116031316,0,7,0,51,0,0,0,0,0,4,0,0,0,6,30,44,3,0,0,0,0,0,0,0,0,13,18,35,188,23,19,129,47,148,28,66,34,447,59,1189
116031317,0,0,0,16,0,0,0,0,5,3,0,0,0,0,34,52,0,0,0,0,0,0,0,0,0,7,24,32,149,38,17,92,52,163,26,91,38,520,76,1264
116031318,0,0,0,0,0,0,0,0,0,0,0,0,0,0,0,0,0,0,0,0,0,0,0,0,0,0,0,0,0,0,0,0,0,0,0,0,0,0,0,3
116031319,0,3,0,72,0,0,0,0,0,0,0,0,4,0,31,42,0,0,4,0,0,0,0,0,0,3,9,14,264,52,17,155,54,187,28,86,34,526,50,1472
117011320,0,0,0,12,0,0,0,0,0,0,0,0,0,0,3,3,0,0,0,0,0,0,0,0,0,0,0,0,30,5,0,13,8,10,4,4,4,7,3,70
117011321,0,0,0,217,0,0,0,0,0,0,0,0,0,0,34,38,4,0,0,0,0,0,0,0,0,0,14,18,389,42,14,168,71,99,20,61,24,246,49,1183
117011323,0,8,0,158,3,0,4,0,0,0,0,0,0,4,42,48,0,0,0,0,0,0,0,0,0,0,3,11,327,85,25,143,64,126,33,102,36,369,56,1349
117011324,0,0,0,0,0,0,0,0,0,0,0,0,0,0,0,0,0,0,0,0,0,0,0,0,0,0,0,0,0,0,0,0,0,0,0,0,0,0,0,0
117011325,0,0,0,0,0,0,0,0,0,0,0,0,0,0,0,0,0,0,0,0,0,0,0,0,0,0,0,0,0,0,0,0,0,0,0,0,0,0,0,0
117011634,6,0,3,55,0,0,0,0,0,0,0,0,3,3,18,31,0,0,0,0,0,0,0,0,0,10,6,15,105,30,3,80,27,78,9,59,21,326,30,760
117011635,0,10,0,415,4,0,0,5,3,0,4,0,3,5,98,123,0,0,4,0,0,0,0,0,0,3,11,26,842,172,56,346,134,289,84,184,50,429,123,2705
117021327,0,3,0,674,3,0,0,0,3,0,0,0,0,4,62,75,0,0,0,0,0,0,0,0,0,3,8,10,855,111,23,329,82,224,49,116,25,341,75,2222
117021328,5,3,0,301,0,0,0,0,0,0,0,0,0,0,26,31,0,0,0,0,0,0,0,0,0,0,3,6,408,40,16,142,56,88,25,50,5,145,34,1001
117021636,0,0,0,345,0,0,0,0,0,0,0,0,0,0,40,47,3,0,0,0,4,0,0,0,0,3,7,15,518,49,6,185,55,117,19,61,20,271,47,1343
117021637,4,0,0,312,0,0,0,0,3,0,5,0,0,4,46,60,0,0,0,0,0,0,0,0,0,0,8,8,541,61,12,226,61,119,27,78,27,327,63,1548
117031329,6,25,0,703,0,0,0,4,0,3,0,0,0,0,43,51,5,0,0,0,0,0,0,0,0,4,0,9,711,73,23,190,59,154,26,78,20,172,48,1551
117031330,3,3,0,1270,8,0,0,0,8,4,0,0,0,0,89,109,0,0,0,0,0,0,0,0,0,0,10,16,1678,103,28,453,150,308,38,105,33,168,105,3165
117031331,0,25,0,920,0,0,0,0,3,0,0,0,0,8,70,86,0,0,0,0,0,0,0,3,0,6,11,19,1022,109,21,382,101,272,42,146,30,417,88,2629
117031333,10,50,0,1091,0,0,0,0,5,4,0,0,0,0,90,106,3,0,0,0,0,0,0,0,0,3,6,20,1026,105,26,318,95,304,54,151,34,315,101,2533
117031336,0,7,0,987,4,0,0,0,4,0,0,0,0,6,60,70,0,0,0,0,0,0,0,0,0,5,11,16,1037,96,29,301,95,245,40,116,25,218,79,2287
117031638,0,3,0,295,0,0,0,0,0,0,0,0,0,0,29,28,0,0,0,0,0,0,0,0,0,0,3,8,377,36,10,139,48,90,21,36,13,70,33,853
117031639,0,4,0,194,0,0,0,0,0,3,0,0,0,0,32,40,0,0,0,0,0,0,0,0,0,0,7,3,315,64,28,129,47,140,24,78,22,156,37,1033
117031640,5,8,0,647,3,0,0,0,0,0,0,0,5,0,52,56,0,0,0,0,0,0,0,0,0,0,3,3,816,80,18,283,72,199,40,83,31,178,60,1841
117031641,3,32,0,631,0,0,0,0,0,0,0,4,0,3,46,61,3,0,0,0,0,0,0,0,0,0,9,10,599,97,35,226,73,222,35,149,29,360,52,1876
117031642,0,3,0,603,0,0,0,0,0,0,0,0,0,0,48,56,0,0,0,0,0,0,0,0,0,3,7,9,691,56,33,219,72,167,40,94,22,238,64,1683
117031643,0,7,0,441,0,0,5,0,5,0,0,0,0,0,28,37,4,0,0,0,0,0,0,0,0,8,13,21,735,67,22,234,101,176,39,88,25,262,50,1808
117031644,4,51,0,545,4,0,0,0,0,0,0,4,0,0,58,65,0,0,0,0,0,0,0,0,0,4,8,16,412,86,22,141,41,199,34,105,20,230,66,1360
117031645,6,16,0,504,0,0,0,0,0,4,0,6,0,5,72,93,4,0,5,0,0,0,0,0,0,4,12,22,610,230,86,264,115,265,103,305,74,508,97,2656
117031646,0,0,0,155,0,0,0,0,0,0,0,0,0,3,17,23,0,0,0,0,0,0,0,0,0,0,0,6,216,62,16,106,44,109,18,67,19,124,25,808
117031647,0,5,0,657,5,0,0,0,5,0,0,0,0,0,68,88,3,0,0,0,0,0,0,0,0,0,13,18,994,116,41,324,135,209,54,116,48,337,99,2466
117031648,0,3,0,478,0,0,0,0,0,0,0,0,0,0,70,76,0,0,0,0,0,0,0,0,0,0,11,16,824,81,49,287,130,252,52,109,40,259,82,2167
118011339,4,21,0,763,3,5,0,0,4,0,0,0,0,7,64,83,0,0,0,0,0,0,0,0,3,8,7,21,813,113,30,278,74,187,37,135,36,370,76,2156
118011340,4,19,0,900,0,0,0,0,0,3,0,0,0,0,53,68,0,0,0,0,0,0,0,0,0,3,12,30,940,113,27,288,81,216,31,148,30,316,77,2270
118011341,8,26,0,623,6,0,0,0,0,0,0,0,0,0,51,63,0,0,0,0,0,0,0,0,0,6,10,12,701,114,27,243,77,183,39,120,28,385,62,1986
118011342,0,0,0,0,0,0,0,0,0,0,0,0,0,0,0,0,0,0,0,0,0,0,0,0,0,0,0,0,0,0,0,0,0,0,0,0,0,0,0,0
118011344,0,35,0,334,0,0,0,3,0,0,0,0,0,6,22,25,0,0,0,3,0,0,0,0,3,10,6,23,268,64,15,150,36,94,21,99,16,297,31,1077
118011345,0,43,0,814,0,0,0,0,0,0,0,0,0,3,37,44,0,0,0,0,0,0,0,0,0,5,0,16,683,83,15,208,54,179,25,116,22,304,46,1737
118011346,3,111,5,523,0,0,0,0,0,0,0,0,0,4,35,35,0,0,0,0,0,0,0,8,0,9,9,23,228,80,16,136,24,125,19,131,21,383,51,1205
118011347,0,42,0,403,0,0,0,0,0,0,0,4,0,3,28,39,0,0,3,0,0,0,0,0,0,6,3,11,249,41,3,104,19,89,10,95,9,215,36,874
118011649,4,113,0,771,0,0,0,3,0,0,0,0,0,7,45,62,0,0,0,0,0,3,0,6,0,7,8,27,413,126,15,240,45,180,19,172,33,386,59,1685
118011650,0,101,0,680,0,0,0,0,0,3,0,0,0,6,55,64,0,0,3,4,0,0,0,0,0,8,4,27,446,74,11,152,32,144,19,112,22,387,65,1460
118021564,0,13,0,236,0,0,0,0,0,0,0,0,0,3,31,41,0,0,0,0,0,0,0,0,0,4,7,10,360,64,12,152,30,138,17,94,20,272,34,1202
118021565,5,6,0,142,0,0,0,0,0,0,0,4,0,0,41,48,0,0,0,0,0,0,0,0,0,3,5,12,238,64,17,130,36,100,22,80,19,374,48,1136
118021566,0,17,0,221,0,0,0,0,0,0,0,0,0,3,22,33,0,0,0,0,0,0,0,0,0,8,10,14,229,50,4,116,29,89,21,64,18,337,35,1010
118021567,3,4,0,185,0,0,0,0,0,0,0,0,0,4,40,53,0,0,0,0,0,0,0,0,0,7,4,14,253,58,10,133,46,102,25,68,24,332,47,1100
118021568,0,6,0,123,0,0,0,0,0,0,0,0,0,3,30,38,0,0,0,0,0,0,0,0,0,5,7,14,217,51,10,116,39,86,35,86,21,285,48,994
118021569,0,12,0,499,5,0,0,0,0,0,0,5,0,5,49,60,0,0,5,0,0,5,0,0,0,6,7,28,693,70,23,227,77,173,26,94,24,293,62,1760
118021570,0,15,0,366,0,0,0,0,0,0,0,0,0,0,45,51,0,0,4,0,0,0,0,0,0,0,9,11,511,58,16,177,57,129,27,76,27,269,58,1417
118021651,0,28,0,893,0,0,0,4,5,4,0,0,0,0,60,73,4,0,0,0,0,0,0,0,0,7,12,21,991,89,19,357,99,237,30,133,33,384,78,2437
118021652,0,3,0,183,0,0,0,0,0,0,0,0,0,0,16,19,0,0,0,0,0,0,0,0,0,7,7,15,197,39,9,116,25,87,18,79,23,345,26,971
118021653,0,4,0,114,0,0,0,0,0,0,0,0,0,3,22,33,0,0,5,0,0,0,0,0,0,6,0,16,180,42,9,83,34,92,14,68,18,415,32,983
118021654,0,9,0,111,0,0,0,0,0,0,0,0,0,3,8,10,3,0,0,0,0,0,0,0,0,0,0,3,92,14,6,36,11,36,7,33,3,144,10,390
119011354,3,4,0,48,0,0,0,0,0,0,0,0,3,11,39,59,0,0,0,0,0,0,0,0,0,9,10,21,112,34,17,58,28,102,20,92,53,750,64,1323
119011355,0,0,0,16,0,0,0,0,0,0,0,0,0,0,0,0,0,0,0,0,0,0,0,0,0,0,6,6,29,9,3,4,5,7,5,4,0,35,5,106
119011356,0,4,0,24,0,0,0,0,0,0,0,0,0,4,11,18,0,0,0,0,0,0,0,0,0,9,14,23,46,20,14,44,21,68,10,47,26,391,29,718
119011358,0,4,0,155,0,0,0,0,0,0,0,3,3,10,40,59,0,0,0,0,0,0,0,0,0,5,4,15,250,54,29,134,68,141,31,87,57,599,59,1505
119011360,0,6,0,131,0,0,0,0,0,0,0,4,0,0,27,34,0,0,5,0,0,0,0,0,0,7,12,22,225,40,22,101,71,148,30,80,34,514,51,1320
119011361,0,0,0,49,0,0,0,0,0,0,0,0,5,3,14,30,0,0,0,0,0,0,0,0,0,5,11,27,139,39,36,89,36,147,24,93,65,634,45,1347
119011571,0,0,0,40,4,0,0,0,0,5,0,0,0,3,39,51,0,0,0,0,0,0,0,0,6,11,12,18,140,47,24,65,41,125,35,79,52,439,58,1102
119011572,0,0,0,34,0,0,0,0,0,0,0,0,0,0,32,44,0,0,0,0,0,0,0,0,3,4,12,23,127,28,26,73,47,152,31,84,54,495,52,1173
119011655,0,0,0,31,0,0,0,0,0,0,0,0,0,3,11,23,0,0,0,0,0,0,0,0,0,0,7,14,72,17,13,39,19,78,18,39,21,352,27,698
119011656,0,3,0,40,0,0,3,0,0,0,0,0,0,3,16,25,0,0,0,0,0,0,0,0,0,4,3,12,56,9,14,35,18,52,14,39,21,366,29,646
119011657,0,5,0,95,0,0,0,0,0,0,0,0,0,0,27,30,0,0,0,0,0,0,0,0,0,4,5,11,159,35,13,80,46,70,24,56,31,394,32,941
119011658,0,8,0,164,0,0,0,0,0,0,0,0,0,0,30,36,0,0,0,0,0,0,0,0,0,8,7,21,224,31,21,120,60,130,36,89,44,565,39,1360
119021362,0,3,0,96,0,0,0,0,0,0,0,0,5,3,39,43,0,0,0,0,0,0,0,0,0,9,14,25,204,57,32,115,67,138,27,89,69,668,65,1528
119021366,0,0,0,34,0,0,0,0,0,0,0,0,3,3,28,43,0,0,4,0,0,0,0,0,3,16,17,37,98,39,28,64,32,115,21,89,53,591,51,1182
119021367,5,4,0,69,0,0,0,0,0,0,0,0,0,6,31,44,0,0,0,0,0,0,0,0,0,7,6,16,116,26,18,75,43,91,29,65,35,467,47,1015
119021573,0,4,0,17,0,0,0,0,0,0,0,5,3,0,26,34,0,0,5,0,0,0,0,0,4,0,11,23,52,24,24,63,12,104,16,89,50,336,47,819
119021574,0,0,0,13,0,0,0,0,0,0,0,0,0,0,11,16,0,0,0,0,0,0,0,0,0,5,0,10,60,17,13,27,20,57,18,33,27,215,22,510
119021659,0,4,0,23,0,0,0,0,0,0,0,0,0,8,27,35,0,0,0,0,0,0,0,0,0,3,8,17,119,60,34,87,48,93,22,90,45,413,42,1060
119021660,0,0,0,27,0,0,0,0,0,0,0,0,0,3,15,19,0,0,0,0,0,0,0,0,0,3,21,21,79,42,28,71,25,80,24,77,41,332,39,841
119021661,0,0,0,88,0,0,0,0,0,0,0,0,0,5,31,36,0,0,0,0,0,3,0,0,0,8,3,19,219,45,45,115,74,114,33,67,52,373,44,1189
119021662,4,12,0,225,0,0,3,0,0,3,0,0,0,5,43,54,0,0,0,0,0,0,0,0,0,14,9,25,264,33,28,129,52,101,30,92,53,734,60,1577
119021663,0,0,0,37,0,0,0,0,0,0,0,0,0,0,13,17,0,0,0,0,0,0,0,0,0,0,0,9,59,18,7,26,17,42,18,32,13,274,18,530
119031370,0,6,0,57,0,0,0,0,0,0,0,0,0,0,34,38,0,0,0,0,0,0,0,0,0,6,8,17,157,39,17,83,32,93,27,68,32,574,48,1166
119031371,0,24,0,195,0,0,0,0,0,0,0,0,0,0,26,28,4,0,0,0,0,0,0,0,0,0,3,14,194,46,11,94,37,101,27,90,38,536,32,1211
119031372,0,13,0,201,0,0,0,0,0,0,0,0,0,6,28,45,0,0,0,0,0,0,0,3,0,14,18,32,290,52,32,121,49,153,34,124,51,855,56,1821
119031373,0,4,0,33,0,0,0,0,0,0,0,0,0,5,30,39,0,0,0,0,0,0,0,0,0,3,10,16,138,21,15,68,42,85,15,56,37,477,43,997
119031374,3,21,0,271,3,0,0,0,0,0,0,0,0,0,70,87,0,0,4,0,0,0,0,0,0,14,13,34,344,140,53,267,90,192,46,208,62,864,93,2353
119031664,0,3,0,73,0,0,0,3,3,0,0,0,4,4,34,53,0,0,6,0,0,0,0,0,0,4,11,16,243,108,44,178,65,120,42,104,50,404,51,1420
119031665,0,3,0,46,0,0,0,0,0,0,0,0,0,4,20,30,0,0,0,0,0,0,0,0,0,4,8,16,101,51,14,83,47,99,17,67,33,490,34,1044
119031666,3,12,0,192,0,0,0,0,0,0,0,0,0,3,29,36,0,0,0,0,0,0,0,0,0,7,7,17,271,65,16,139,65,109,24,95,39,517,44,1391
119031667,0,0,0,65,0,0,0,0,0,0,0,0,0,3,25,27,0,0,0,0,0,0,0,0,0,0,5,9,174,53,16,108,43,91,26,66,35,298,36,935
119041377,0,8,0,107,4,0,0,0,0,0,0,0,0,3,25,31,0,0,0,0,0,0,0,0,0,3,3,14,185,45,12,72,36,93,19,65,28,534,29,1115
119041378,0,3,0,126,4,0,4,0,0,0,0,0,0,4,38,47,5,0,0,0,0,0,0,0,0,7,3,11,311,77,35,163,68,145,27,72,26,321,47,1288
119041379,0,8,0,153,0,0,0,0,4,0,0,0,0,0,34,43,0,0,0,0,0,0,0,0,6,9,16,25,263,78,28,157,63,136,34,100,44,536,58,1493
119041380,0,7,0,141,0,0,0,0,0,0,0,0,3,4,34,47,0,0,0,0,0,0,0,0,0,11,14,26,242,58,16,123,38,145,21,90,41,558,58,1396
119041381,0,3,4,210,0,0,0,0,0,4,0,0,0,0,45,52,0,0,0,0,0,0,0,0,0,4,16,22,463,149,33,243,72,206,45,154,41,543,66,2014
119041382,0,16,0,215,0,0,0,0,4,3,0,0,0,7,38,51,0,0,0,0,0,0,0,3,0,9,15,27,319,74,16,159,55,146,21,124,34,694,71,1718
119041668,0,3,0,189,0,0,0,0,4,0,0,0,0,0,46,51,0,0,0,0,0,0,0,0,0,11,14,24,426,85,21,178,78,142,30,115,30,462,61,1619
119041669,0,0,0,78,0,0,0,0,0,0,0,0,0,0,21,20,0,0,0,0,0,0,0,0,0,10,5,19,133,27,5,67,26,76,11,39,22,327,33,757
119041670,0,5,0,122,0,0,0,0,0,0,0,0,0,0,25,35,0,0,0,0,0,0,0,0,0,4,9,19,253,75,16,175,58,146,30,117,24,515,45,1455
119041671,0,0,0,276,3,0,0,0,0,0,0,0,0,0,49,64,0,0,0,0,0,0,0,0,0,5,10,26,621,120,37,228,110,181,49,123,25,214,71,1795
120011383,0,24,0,612,3,0,0,0,0,0,0,3,3,6,56,83,4,0,0,0,0,0,0,0,5,11,14,31,582,133,33,270,80,267,32,187,54,1091,77,2818
120011385,0,52,0,594,0,0,0,0,0,0,0,4,0,4,59,72,0,0,0,0,0,0,0,0,0,9,4,12,582,103,25,247,62,176,28,140,38,639,69,2103
120011386,0,24,0,537,5,0,0,0,0,6,0,0,0,7,57,73,0,0,3,0,0,0,0,0,0,7,13,24,647,107,22,259,67,197,38,154,46,713,69,2320
120011672,0,14,0,181,0,0,0,0,0,0,0,0,0,3,34,41,0,0,0,0,0,0,0,0,0,0,5,11,258,45,12,124,40,118,17,64,22,369,47,1113
120011673,0,7,0,347,0,0,0,0,0,0,0,0,0,0,51,58,0,0,4,0,0,0,0,0,0,0,13,18,638,80,47,214,68,227,44,109,44,291,65,1836
120021387,8,44,0,847,0,0,0,3,0,0,0,0,0,0,56,62,0,0,0,0,0,0,0,0,0,6,4,12,618,95,17,252,54,220,27,162,24,409,55,1931
120021389,6,23,0,654,0,0,0,0,0,6,0,0,0,3,33,43,6,0,0,0,0,0,0,0,0,4,0,10,585,68,12,208,46,175,15,75,22,287,41,1536
120021674,0,13,0,364,3,0,0,0,0,0,0,0,0,0,36,40,0,0,0,0,0,0,0,0,0,3,0,9,370,52,10,126,36,131,18,68,9,168,30,1018
120021675,0,9,0,583,0,0,0,0,0,4,0,5,0,6,58,70,0,0,0,0,0,0,0,0,0,6,7,18,691,62,20,262,58,189,27,77,26,313,75,1792
120031392,3,5,0,189,0,0,0,0,0,4,0,0,0,4,23,34,0,0,0,0,0,0,0,0,0,6,10,21,282,64,32,128,81,123,30,76,37,403,39,1299
120031393,0,7,0,156,0,0,0,0,0,0,0,0,0,3,26,38,0,0,4,0,0,4,0,0,0,5,16,30,237,50,18,139,45,156,31,92,46,569,52,1429
120031394,0,0,0,456,0,0,0,0,0,5,0,0,0,3,40,50,0,0,0,0,0,0,0,0,0,5,8,13,760,88,16,300,78,173,38,109,38,343,53,1992
120031395,0,9,0,319,0,0,0,0,0,0,0,0,0,3,41,46,0,0,0,6,0,0,0,0,0,9,3,19,388,61,11,204,40,127,20,83,23,348,44,1366
120031396,0,9,0,241,0,0,0,3,0,0,0,0,5,7,66,81,0,0,0,0,0,0,0,0,0,0,10,15,653,124,51,311,79,255,48,144,58,356,97,2170
120031576,0,0,0,33,0,0,0,0,0,0,0,0,0,0,10,16,0,0,0,0,0,0,0,0,0,0,0,9,62,16,3,27,7,38,6,14,9,102,22,303
120031676,0,0,0,147,0,0,0,0,0,0,0,0,0,4,33,35,0,0,3,0,0,0,0,0,0,7,4,10,368,92,17,165,40,129,26,65,32,276,48,1253
120031677,0,4,0,191,0,0,0,0,0,0,0,0,0,3,47,53,0,0,0,0,0,0,0,0,0,4,5,15,335,68,26,169,66,110,35,89,31,383,65,1366
120031678,0,8,0,203,3,0,5,0,0,0,0,0,0,0,39,54,0,0,0,0,0,0,0,0,0,0,10,12,336,129,44,178,59,220,35,137,48,495,63,1741
120031679,0,5,0,124,0,0,0,0,0,0,0,0,0,0,28,33,0,0,0,0,0,0,0,0,0,0,3,5,182,44,16,99,31,99,21,79,20,381,33,1003
120031680,0,12,0,203,3,0,0,0,0,0,0,4,0,0,46,55,0,0,0,0,0,0,0,0,0,6,6,13,327,156,32,226,58,143,41,167,49,395,63,1653
120031681,0,13,0,137,0,0,0,0,0,0,0,0,0,0,26,31,0,0,0,0,0,0,0,0,0,5,0,5,123,65,10,71,15,56,13,66,12,310,30,770
121011399,0,19,6,514,0,0,0,0,0,0,0,3,0,5,47,63,0,0,0,0,0,0,0,0,0,0,7,16,701,108,21,266,74,206,30,144,23,552,67,2193
121011401,0,8,0,596,0,0,0,0,0,0,0,0,0,0,51,51,0,0,0,0,0,0,0,3,0,0,7,13,685,72,11,172,62,183,27,78,18,243,55,1608
121011682,0,7,0,202,0,0,0,0,0,0,0,0,0,0,20,27,0,0,0,0,0,0,0,0,0,0,7,0,298,45,8,96,24,100,14,58,8,189,25,862
121011683,6,77,0,424,0,0,0,0,0,0,0,0,0,9,21,37,0,0,0,0,0,0,0,0,0,4,0,12,175,65,4,125,21,123,17,149,20,493,26,1208
121011684,0,27,0,360,0,0,3,0,0,0,0,0,0,7,50,55,0,0,0,0,0,0,0,0,0,3,7,16,439,93,33,194,71,210,34,132,34,670,60,1970
121011685,5,70,0,512,0,0,0,0,0,0,0,0,0,5,43,47,0,0,0,0,0,3,0,0,0,4,3,10,333,88,4,152,19,147,12,133,21,421,49,1375
121011686,0,23,0,465,0,0,0,0,0,4,0,0,0,0,40,52,0,0,0,0,0,0,0,0,0,3,10,14,553,68,13,207,53,159,29,120,29,410,51,1704
121011687,0,26,0,302,0,0,0,0,0,0,0,0,0,0,29,32,0,0,0,0,0,0,0,0,0,0,0,5,273,46,3,117,28,93,9,83,17,348,33,1065
121021403,0,9,0,260,0,0,0,0,0,0,0,3,0,5,46,55,4,0,0,0,0,0,0,0,0,7,10,23,446,90,19,257,64,218,26,140,47,664,61,2028
121021404,0,8,0,164,4,0,0,0,0,0,0,0,0,6,14,21,0,0,0,0,0,0,0,0,0,0,0,0,193,45,16,126,36,99,24,89,18,463,20,1118
121021406,0,8,0,276,4,0,0,0,0,0,0,0,0,0,48,53,0,0,0,0,0,0,0,0,0,5,4,14,277,56,16,196,36,130,15,126,26,701,52,1645
121021577,0,4,0,111,0,0,0,0,0,0,0,0,0,6,27,36,0,0,0,0,0,0,0,0,0,6,6,14,325,74,23,182,51,156,26,68,21,316,36,1282
121021578,0,3,0,118,0,0,0,0,0,0,0,0,0,3,26,39,3,0,0,0,0,0,0,0,0,3,6,12,182,46,3,107,29,90,16,62,19,384,37,973
121021579,0,3,0,142,0,0,0,0,0,0,0,0,0,4,29,32,0,0,0,0,0,0,0,0,0,3,9,10,248,47,10,115,35,114,14,55,27,372,39,1076
121031407,3,73,0,490,0,0,0,0,0,3,0,0,0,4,53,61,0,0,0,0,0,0,0,0,0,11,15,25,396,106,13,206,47,170,20,167,25,833,72,2053
121031408,0,98,0,574,0,0,0,0,0,0,4,0,0,0,56,61,3,0,0,0,0,0,0,0,0,12,8,19,390,118,15,203,43,213,21,207,35,895,64,2199
121031409,0,59,0,408,7,0,0,0,0,0,0,0,0,4,32,44,0,0,4,3,0,0,0,0,0,8,6,18,240,79,13,169,25,152,14,157,25,601,37,1513
121031410,4,76,0,466,0,0,0,3,0,0,0,0,0,9,46,51,0,0,0,0,0,0,0,0,0,7,4,22,268,114,10,186,36,181,15,167,31,1045,53,2106
121031411,0,65,0,420,0,0,0,0,0,0,0,0,0,3,52,58,0,0,0,0,0,0,0,4,0,14,5,26,268,80,15,161,30,164,25,166,24,965,61,1962
121031412,0,58,0,428,0,0,0,0,0,0,0,0,0,5,32,46,0,0,0,0,0,0,0,0,0,3,9,15,260,71,8,157,23,168,11,157,19,757,42,1686
121041413,0,69,0,905,0,0,0,0,0,0,0,0,0,0,67,72,4,0,0,0,0,0,0,0,0,12,7,26,819,113,12,280,78,246,22,183,29,534,77,2404
121041414,3,46,0,1014,4,0,0,0,4,0,0,0,0,5,61,78,0,0,0,0,5,0,0,0,0,0,7,11,1100,90,10,335,86,276,38,113,22,455,68,2607
121041416,5,77,0,933,0,0,0,0,4,0,0,0,0,5,67,83,0,0,4,0,0,0,0,0,0,3,9,15,873,106,21,316,68,257,31,153,20,461,88,2393
121041417,4,56,0,876,3,0,0,0,0,0,0,0,0,0,69,78,0,0,0,0,0,0,0,0,0,3,3,9,776,98,23,233,76,270,19,110,26,340,78,2046
121041688,0,131,0,683,0,0,0,0,0,0,5,3,0,0,40,50,0,0,0,0,0,0,0,0,0,13,0,15,410,97,9,168,39,147,27,184,29,573,43,1732
121041689,5,92,0,639,0,0,0,0,0,0,0,5,0,7,36,41,0,0,0,0,4,0,0,0,0,8,4,17,425,81,7,168,40,182,19,187,25,476,40,1648
122011418,3,72,0,547,0,0,0,3,0,0,0,0,0,7,32,44,0,0,0,0,0,0,0,0,0,6,5,13,348,108,16,192,41,171,22,167,32,678,48,1815
122011419,5,105,5,1301,4,0,0,0,4,0,0,0,0,5,84,94,0,0,0,0,0,0,0,0,0,7,12,19,1101,146,12,360,94,268,35,196,27,694,100,3035
122021420,3,90,0,418,0,0,0,0,0,0,0,0,0,4,44,54,0,0,0,0,0,0,0,0,0,6,5,21,173,120,16,162,32,120,22,190,30,686,57,1604
122021421,0,57,0,267,0,0,0,5,0,0,0,0,3,8,27,42,0,0,0,0,0,0,0,0,0,10,10,22,135,82,11,110,16,102,18,125,19,604,44,1262
122021422,0,55,0,374,0,0,0,0,3,0,0,0,0,0,45,50,0,0,0,0,0,0,0,0,0,8,6,17,259,97,16,209,35,140,41,172,24,623,47,1668
122021690,0,36,0,257,0,0,0,3,0,0,0,0,0,5,42,42,0,0,0,0,0,0,0,0,0,6,8,20,246,90,15,154,40,112,24,124,30,684,51,1579
122021691,0,7,0,167,0,0,0,0,0,0,0,0,0,3,19,22,0,0,0,0,0,0,0,0,0,3,3,16,186,53,10,117,30,100,15,67,15,278,29,906
122031424,0,9,0,153,0,0,0,0,0,0,0,0,0,5,21,31,0,0,0,0,0,0,0,0,0,5,4,13,185,48,15,125,34,88,19,92,15,489,35,1146
122031425,0,6,0,91,3,0,0,0,0,0,0,0,3,0,12,18,0,0,0,0,0,0,0,0,0,4,7,16,109,27,8,67,19,53,11,50,14,332,25,714
122031427,0,20,0,157,0,0,0,0,0,0,0,0,0,4,20,24,0,0,0,0,0,0,0,0,0,6,0,8,115,44,5,78,23,81,19,90,7,507,24,999
122031429,0,28,0,630,5,0,0,0,3,0,4,4,3,3,58,77,4,0,0,0,3,0,0,0,0,7,0,14,812,105,17,363,103,197,49,161,46,504,59,2423
122031430,0,16,0,254,5,0,0,0,0,0,0,0,0,5,35,39,0,0,0,0,0,0,0,0,0,17,3,21,337,70,14,204,43,137,25,101,26,480,40,1471
122031432,0,17,0,81,4,0,0,0,0,0,0,0,0,0,9,13,0,0,0,0,0,0,0,0,0,0,0,4,48,16,0,32,8,41,14,37,10,180,12,397
122031692,0,11,0,111,0,0,0,0,0,0,0,0,0,9,20,29,0,0,0,0,0,0,0,0,0,5,3,15,73,24,4,70,20,58,17,60,13,417,29,782
122031693,0,34,0,292,0,0,0,0,0,0,0,3,0,8,36,48,0,0,0,0,0,0,0,0,0,9,0,11,308,83,13,177,37,115,27,130,22,436,44,1388
122031694,0,5,0,153,0,0,0,0,0,0,0,0,0,0,24,27,0,0,0,0,0,0,0,0,0,3,0,8,200,53,11,117,37,82,17,67,15,189,29,817
122031695,0,4,0,351,3,0,0,0,0,0,0,0,0,0,55,73,5,4,4,0,0,0,0,0,0,4,13,29,778,156,31,360,106,180,34,140,38,387,80,2298
122031696,4,16,4,234,0,0,0,0,0,0,0,0,0,6,25,33,0,0,0,0,0,0,0,0,0,6,0,13,199,64,18,132,34,108,19,128,21,648,30,1400
122031697,0,18,0,230,0,0,0,0,0,0,0,0,0,9,39,50,0,0,0,0,0,0,0,0,0,4,3,8,280,56,9,154,42,89,12,90,24,484,48,1291
123011433,0,12,0,118,0,0,0,0,4,0,0,0,0,4,34,43,0,0,0,0,0,0,0,0,0,4,0,12,211,48,22,159,39,86,22,93,16,572,38,1310
123011698,0,0,0,27,0,0,0,0,0,0,0,0,0,0,11,18,0,0,0,0,0,0,0,0,0,5,5,7,129,17,7,66,37,55,10,20,6,86,17,450
123011699,0,6,0,124,0,0,0,0,0,0,0,0,0,8,13,24,0,0,0,0,0,0,0,0,0,4,11,17,265,40,17,145,42,127,22,65,27,392,28,1176
123011700,5,8,0,101,0,0,0,0,0,0,0,0,0,0,14,20,0,0,0,0,0,0,0,0,0,3,3,10,144,30,8,100,24,83,16,50,17,281,18,774
123011701,0,5,0,122,0,0,0,0,0,0,0,0,0,3,25,35,3,0,3,3,0,0,0,0,0,6,5,22,313,50,23,195,79,163,36,81,40,402,37,1412
123011702,0,5,0,75,0,0,0,0,0,0,0,0,0,0,16,15,0,0,0,4,0,0,0,0,0,3,3,14,282,18,14,136,52,67,22,24,11,130,18,781
123021436,0,3,0,58,0,0,0,0,3,0,0,0,0,3,31,37,0,0,3,0,0,0,0,0,0,9,8,21,216,41,27,123,77,177,39,75,41,531,45,1399
123021437,0,0,0,115,0,0,0,0,0,0,0,0,0,0,50,59,0,0,0,0,0,0,0,0,0,6,15,27,367,76,46,171,104,220,41,87,58,654,78,1919
123021438,0,3,0,75,0,0,0,0,0,3,0,0,0,3,38,47,4,0,0,0,0,0,0,0,0,5,12,30,240,64,39,163,97,201,45,110,58,496,60,1559
123021439,0,0,0,0,0,0,0,0,0,0,0,0,0,0,0,0,0,0,0,0,0,0,0,0,0,0,0,0,0,0,0,0,0,0,0,0,0,0,0,0
123021441,0,4,0,56,0,0,0,0,6,4,0,0,0,0,28,38,0,0,3,0,0,0,0,0,0,10,6,21,190,56,25,123,75,160,35,101,47,613,43,1473
123021443,0,5,0,58,3,0,0,0,0,0,0,0,0,0,30,38,0,0,0,0,0,0,0,0,0,13,9,21,203,42,28,141,73,161,31,89,40,512,48,1371
123021444,0,3,0,104,0,0,0,0,6,0,0,3,0,4,47,60,0,0,0,0,0,0,0,0,0,5,13,28,260,48,28,187,93,206,33,134,58,742,66,1851
123021703,3,8,0,146,0,0,0,0,0,0,0,0,0,0,23,26,0,0,0,0,0,0,0,0,0,0,6,8,321,31,16,112,50,93,17,41,20,267,28,1000
123021704,0,0,0,53,0,0,0,0,0,0,0,0,0,0,17,24,0,0,0,0,0,0,0,0,0,0,3,6,150,18,15,83,36,87,21,48,24,203,30,721
123021705,0,0,0,58,0,0,0,0,4,0,0,0,0,0,37,45,0,0,0,0,0,0,0,0,0,13,0,17,230,35,12,127,51,165,19,86,44,482,43,1291
123021706,0,0,0,23,0,0,0,0,0,0,0,0,0,4,22,27,0,0,0,0,0,0,0,0,0,8,8,22,111,28,12,80,36,97,15,56,25,356,30,841
123031445,0,0,0,37,5,0,0,0,0,5,0,0,0,0,23,25,0,0,0,0,0,0,0,0,0,3,3,9,96,12,7,86,17,72,10,48,17,237,26,629
123031446,0,7,0,114,0,0,0,0,0,0,0,0,0,0,30,35,3,0,0,0,0,0,0,0,0,6,3,18,192,35,19,127,30,87,17,64,40,381,37,1024
123031447,0,0,0,135,0,0,0,0,4,0,0,0,0,4,32,47,0,0,7,6,3,0,0,0,0,12,8,37,359,78,21,273,87,189,41,128,42,669,50,1935
123031448,0,9,0,84,0,0,0,0,4,3,5,0,3,4,36,58,0,0,0,0,0,0,0,6,0,8,8,19,154,45,17,102,35,116,24,73,24,345,47,988
124011449,4,7,0,87,0,0,0,0,0,0,0,0,0,3,40,42,0,0,0,0,0,0,0,0,0,3,0,9,82,58,11,87,19,70,19,71,28,326,45,814
124011450,7,15,0,280,0,0,0,0,0,3,0,0,0,3,34,47,0,0,0,0,0,0,0,0,0,8,6,25,344,105,18,233,73,182,29,171,45,870,49,2119
124011451,0,0,0,0,0,0,0,0,0,0,0,0,0,0,0,0,0,0,0,0,0,0,0,0,0,0,0,0,0,0,0,0,0,0,0,0,0,0,0,4
124011452,0,17,0,181,0,0,0,0,0,3,0,0,0,3,44,58,0,0,0,0,0,0,0,0,0,4,4,10,206,116,30,195,36,161,47,189,35,630,53,1711
124011453,0,3,0,92,0,0,0,0,0,4,0,5,0,0,27,36,0,0,0,0,0,0,0,0,0,4,0,3,226,72,14,164,55,133,35,113,24,423,38,1295
124011454,5,11,0,264,0,0,0,0,3,0,0,4,0,3,64,75,0,0,0,0,0,0,0,0,0,13,10,18,388,120,21,316,74,239,45,200,61,1005,70,2537
124011455,0,4,0,82,0,0,0,0,0,0,0,0,0,3,9,17,0,0,0,0,0,0,0,0,0,6,0,11,87,55,11,78,21,84,20,84,25,403,10,876
124021456,0,0,0,0,0,0,0,0,0,0,0,0,0,0,0,0,0,0,0,0,0,0,0,0,0,0,0,0,0,0,0,0,0,0,0,0,0,0,0,0
124031457,0,3,0,67,0,0,3,0,0,3,0,0,0,11,40,55,0,0,0,0,0,0,0,0,0,7,11,24,280,53,12,177,73,154,33,104,46,534,56,1525
124031459,0,9,0,108,0,0,0,0,0,0,0,0,0,9,28,38,0,0,0,0,0,0,0,4,0,10,10,25,255,51,13,129,53,126,17,109,21,563,49,1391
124031460,0,0,0,173,0,0,0,0,0,0,0,0,0,0,44,54,0,0,0,0,0,0,0,0,0,9,5,20,445,63,12,187,82,204,23,92,31,474,50,1669
124031461,0,4,0,77,0,0,0,0,0,0,5,0,0,10,42,59,0,0,0,0,0,0,0,0,0,4,6,18,299,68,26,177,83,163,36,98,44,637,57,1674
124031462,0,0,0,91,3,0,0,0,0,0,0,0,0,5,44,57,0,0,0,0,5,0,0,0,0,12,7,20,406,62,22,235,71,170,37,92,37,490,61,1672
124031463,0,8,0,137,4,0,0,0,0,4,0,0,0,3,19,32,0,0,0,0,0,0,0,0,0,6,4,11,205,59,22,93,32,105,11,61,20,302,22,941
124031464,0,0,0,113,0,0,0,0,0,0,0,0,0,0,60,70,0,0,0,0,0,0,0,0,0,9,10,21,423,67,41,233,104,199,49,107,27,428,81,1752
124031465,0,0,0,47,0,0,0,0,0,0,0,0,0,3,22,25,0,0,0,0,0,0,0,0,0,0,4,9,133,22,6,90,24,56,7,33,13,144,26,556
124031707,0,6,0,114,3,0,0,0,0,0,0,0,3,0,35,43,5,0,0,0,0,0,0,0,0,3,9,18,325,55,17,224,75,142,29,72,30,405,44,1422
124031708,0,0,0,97,0,0,0,0,0,0,0,0,0,5,21,25,0,0,0,0,0,0,0,0,0,0,9,14,311,36,17,128,46,85,23,27,14,210,27,928
124041466,3,10,0,94,0,0,0,0,3,4,0,0,0,0,38,52,0,0,0,0,0,0,0,0,0,11,9,19,268,62,21,191,60,147,27,90,28,584,54,1541
124041467,0,6,0,90,0,0,0,0,0,6,0,0,0,4,34,47,4,0,0,0,0,0,0,0,0,9,10,23,346,71,19,197,62,150,22,88,36,347,50,1387
124041468,0,4,0,32,0,0,0,0,0,0,0,0,0,4,16,21,0,0,0,0,0,0,0,0,0,7,8,27,94,20,16,77,34,50,11,40,13,194,27,571
124051469,0,3,0,45,0,0,0,0,0,0,0,0,0,0,13,11,0,0,0,0,0,0,0,0,0,0,0,10,109,18,0,76,31,75,10,38,20,152,20,544
124051470,0,5,0,97,0,0,0,0,0,4,0,0,0,5,35,57,3,0,0,0,0,0,0,0,0,11,17,33,343,52,20,207,78,218,21,138,49,574,65,1753
124051580,0,5,0,25,0,0,0,0,3,0,0,4,0,0,25,34,0,0,0,0,0,0,0,0,0,5,5,17,167,22,11,91,31,119,19,54,21,383,40,951
124051581,0,0,0,36,0,0,0,0,0,0,0,0,0,0,34,39,0,0,0,0,0,0,0,0,0,14,6,13,238,32,23,126,43,150,16,68,39,380,46,1166
125011475,0,0,0,0,0,0,0,0,0,0,0,0,0,0,0,0,0,0,0,0,0,0,0,0,0,0,0,0,0,0,0,0,0,0,0,0,0,0,0,0
125011582,0,7,0,33,0,0,0,6,0,0,0,0,4,0,41,53,0,0,7,0,0,0,0,0,0,8,15,33,142,80,30,117,28,151,34,122,41,526,71,1345
125011583,0,0,0,15,0,0,0,0,0,0,0,0,0,6,40,43,0,0,5,0,0,0,0,0,0,4,23,28,100,95,15,99,20,77,34,71,34,277,66,885
125011584,0,0,0,15,0,0,0,0,0,0,0,0,0,0,18,18,0,0,0,0,0,0,0,0,0,6,3,7,47,11,9,27,15,48,6,34,24,239,27,493
125011585,0,0,0,24,0,0,0,0,0,0,0,0,0,0,19,13,0,0,0,0,0,0,0,0,0,0,12,15,73,25,11,42,16,79,17,45,22,275,32,641
125011586,0,6,0,129,0,0,0,0,0,0,0,0,0,0,55,63,5,0,0,0,0,0,0,0,0,7,31,42,313,122,66,181,75,209,60,145,87,631,105,1987
125011587,0,0,0,11,0,0,0,0,0,0,0,0,0,0,4,3,0,0,0,0,0,0,0,0,0,0,0,0,39,17,8,12,6,41,9,25,17,177,6,344
125011709,0,3,0,118,0,0,0,0,0,0,0,0,0,0,19,21,0,0,0,0,0,0,0,0,0,0,0,3,171,32,14,82,24,80,5,31,17,204,19,682
125011710,0,7,0,465,7,0,4,0,0,8,0,0,3,3,71,100,0,0,3,0,0,0,0,0,0,3,13,22,1130,133,90,401,213,443,75,169,101,433,95,3283
125021477,4,3,0,213,3,0,0,0,0,0,0,0,0,0,71,81,0,0,4,0,0,0,0,0,0,4,15,24,430,61,45,174,105,187,41,123,46,654,92,1965
125021478,0,6,0,146,0,0,0,0,0,0,0,0,4,9,33,50,0,0,0,0,0,0,0,0,0,9,6,24,236,64,32,134,60,135,23,85,45,635,46,1500
125021711,0,6,0,88,0,0,0,0,0,0,0,0,0,0,21,24,0,0,4,0,0,0,0,0,0,3,3,11,116,32,10,68,21,81,22,87,25,469,36,965
125021712,0,4,0,132,0,0,0,0,0,0,0,0,0,0,45,53,0,0,0,0,0,0,0,0,0,5,7,20,222,71,26,154,43,152,33,112,39,756,53,1656
125031479,0,4,0,40,0,0,0,0,0,0,0,0,0,3,25,36,0,0,3,0,0,0,0,0,0,11,13,26,83,32,28,59,38,110,20,51,43,522,47,1038
125031480,0,0,0,15,0,0,0,0,0,0,0,0,0,0,21,30,0,0,0,0,0,0,0,0,0,6,14,22,79,20,9,46,21,93,21,56,37,445,49,870
125031481,0,0,0,68,0,0,0,0,0,0,3,0,3,10,46,61,0,0,0,0,0,0,0,0,0,4,18,27,251,119,34,164,60,200,37,140,54,567,74,1698
125031483,0,0,0,33,0,0,0,0,0,3,0,0,0,8,29,43,0,0,0,0,3,0,0,0,0,9,12,28,102,22,17,60,28,101,21,71,56,572,49,1098
125031484,0,0,0,72,0,0,0,4,0,0,0,4,0,5,33,49,0,0,0,0,0,0,0,0,3,13,14,25,205,42,21,94,57,146,28,82,54,559,52,1351
125031486,0,0,0,0,0,0,0,0,0,0,0,0,0,0,0,0,0,0,0,0,0,0,0,0,0,0,0,0,0,0,0,0,0,0,0,0,0,0,0,0
125031487,0,0,0,0,0,0,0,0,0,0,0,0,0,0,0,0,0,0,0,0,0,0,0,0,0,0,0,0,0,0,0,0,0,0,0,0,0,0,0,0
125031713,0,3,0,86,0,0,0,0,0,0,0,0,0,8,27,39,0,0,0,3,0,0,0,0,3,19,11,39,183,25,18,94,39,109,19,74,37,771,49,1417
125031714,0,3,0,72,0,0,0,0,0,0,0,0,0,3,47,53,0,0,0,0,0,0,0,0,5,8,24,41,202,55,26,131,54,155,23,104,49,570,83,1459
125031715,0,0,0,71,0,0,0,0,0,0,0,0,0,0,19,25,0,0,0,0,0,0,0,0,0,10,0,17,125,31,14,62,30,84,5,37,15,337,34,784
125031716,0,0,0,29,0,0,0,0,0,0,0,0,4,0,9,10,0,0,0,0,0,0,0,0,0,0,4,9,77,19,10,38,18,46,11,30,12,174,21,451
125041489,0,7,0,256,3,0,0,0,0,0,0,0,0,0,53,63,0,0,0,0,3,0,0,0,0,5,15,17,637,72,36,262,100,255,61,117,40,445,75,2101
125041490,5,11,0,107,0,0,0,0,0,0,0,0,0,4,10,15,0,0,0,0,0,0,0,0,0,9,6,10,101,28,22,71,29,79,14,48,19,378,16,790
125041491,4,0,0,224,0,0,0,0,0,0,0,0,4,7,58,77,0,0,6,0,0,0,0,0,0,3,13,21,514,81,24,229,97,249,37,110,47,458,73,1911
125041493,0,0,0,144,0,0,0,0,0,0,0,0,3,0,34,45,5,0,0,0,0,0,0,0,0,13,12,33,313,70,23,144,76,209,40,122,39,828,59,1911
125041494,0,5,0,108,0,0,0,0,0,0,3,0,0,8,21,26,0,0,0,0,0,0,0,0,0,4,0,12,149,20,9,71,40,114,15,70,21,482,27,1007
125041588,0,0,0,41,0,0,4,0,0,0,0,0,0,0,16,26,0,0,0,0,0,0,0,0,0,8,7,17,122,29,14,72,30,116,19,57,23,319,33,833
125041589,0,0,0,168,0,0,4,0,0,0,0,0,0,4,42,57,0,0,0,0,0,0,0,0,0,4,13,21,432,41,27,158,60,227,27,88,34,365,59,1528
125041717,0,0,5,220,5,0,0,0,0,0,0,0,3,0,50,57,0,0,0,0,0,0,0,0,0,0,7,13,457,75,29,170,57,192,29,76,36,155,61,1344
125041718,0,0,0,84,0,0,0,0,0,0,0,0,0,0,26,24,3,0,0,0,0,0,0,0,0,0,3,11,231,71,30,86,24,106,28,62,21,172,36,852
125041719,0,0,0,50,0,0,0,0,0,0,0,0,0,0,31,29,0,0,0,0,0,0,0,0,0,0,4,3,180,58,11,106,34,123,19,78,19,144,39,821
126011496,5,42,0,397,0,0,0,0,0,0,0,0,0,5,46,64,4,0,0,0,0,0,0,0,0,9,0,16,289,92,7,191,51,195,21,187,27,912,55,2041
126011720,0,8,0,222,0,0,0,0,0,4,5,0,0,7,27,41,0,0,0,0,0,0,0,0,0,0,10,10,329,50,18,127,45,151,26,76,16,468,45,1362
126011721,0,14,0,239,0,0,0,0,0,0,0,0,0,3,44,49,0,0,0,0,0,0,0,0,0,4,8,16,354,68,16,188,65,189,19,117,33,644,62,1755
126021498,4,35,0,372,0,0,0,3,0,0,0,0,0,0,45,53,0,0,3,0,0,0,0,0,0,0,13,18,464,76,17,194,57,151,22,79,27,486,60,1628
126021499,0,67,0,310,0,0,0,0,0,0,0,0,0,0,29,27,0,0,0,0,0,0,0,0,0,8,0,9,118,53,3,98,15,76,13,99,9,339,30,868
126021500,0,7,0,372,3,0,3,0,0,4,0,0,0,3,64,75,0,0,0,0,0,0,0,0,0,6,24,32,818,108,43,333,140,324,46,184,44,602,100,2744
126021501,6,11,0,302,0,0,3,0,0,0,3,0,0,0,36,46,0,0,0,0,0,0,0,0,0,4,10,14,443,83,19,156,44,165,23,85,28,443,51,1533
126021503,0,6,0,328,3,0,0,0,0,0,0,0,0,3,53,68,0,0,0,0,0,0,0,0,4,4,14,24,658,85,29,299,92,251,35,136,52,578,81,2295
126021590,0,11,0,87,0,0,0,0,0,0,0,0,0,0,11,13,0,0,0,0,0,0,0,0,0,3,0,5,65,25,0,40,14,33,10,29,10,168,10,398
126021722,0,8,0,111,0,0,0,0,0,0,0,0,0,0,9,15,0,0,0,0,0,0,0,0,0,4,0,6,100,22,4,44,8,62,10,64,12,301,21,651
126021723,0,13,0,192,4,0,0,0,0,0,0,0,0,5,62,77,0,0,0,0,0,0,0,0,0,7,8,20,296,83,32,160,57,190,34,166,48,780,78,1918
126021724,5,3,0,212,0,0,5,0,0,0,0,0,0,3,50,62,0,0,0,0,0,0,0,0,0,12,9,20,364,68,16,174,61,191,28,120,41,627,68,1762
126021725,0,3,0,253,0,0,0,0,4,0,4,0,3,0,36,46,0,0,0,0,0,0,0,0,0,4,7,13,541,77,25,190,80,153,41,77,25,271,54,1536
127011504,0,0,0,10,0,0,0,0,0,0,0,0,0,6,24,33,0,0,0,0,0,0,0,0,0,16,11,28,56,25,18,33,28,91,14,51,33,394,50,797
127011505,0,5,0,69,0,0,4,0,0,0,0,0,0,4,17,35,0,0,0,0,0,0,0,0,0,7,15,23,236,38,35,83,49,83,24,59,26,350,39,1022
127011592,0,0,0,0,0,0,0,0,0,0,0,0,0,0,0,0,0,0,0,0,0,0,0,0,0,0,0,0,3,0,0,0,0,0,0,0,0,0,0,8
127011593,0,0,0,36,0,0,0,0,0,0,0,0,0,0,12,10,0,0,0,0,0,0,0,0,0,4,0,4,55,12,9,30,18,52,8,24,17,173,11,413
127011594,0,0,0,27,0,5,5,0,0,0,0,0,0,0,16,19,0,0,0,0,0,0,0,0,0,5,11,17,84,21,12,39,31,100,10,52,29,349,27,756
127011595,0,0,0,28,0,0,0,0,0,0,0,0,0,0,11,11,0,0,0,0,0,0,0,0,0,4,8,15,93,23,15,41,30,99,16,43,29,284,20,696
127011596,0,0,0,44,0,0,0,0,0,0,4,0,0,0,10,18,0,0,0,0,0,0,0,0,0,8,8,14,127,24,13,59,49,70,22,27,22,245,22,678
127011597,0,6,0,59,0,0,0,3,0,0,0,0,0,3,13,22,0,0,0,0,0,0,0,0,0,4,8,12,144,29,21,74,38,85,15,51,25,277,25,800
127011726,0,3,0,51,0,0,0,0,0,0,0,0,0,0,5,12,0,0,0,0,0,0,0,0,0,3,6,10,114,19,4,52,20,39,15,26,15,201,14,518
127011727,0,0,0,143,0,0,0,0,0,0,0,0,0,0,16,22,0,0,0,0,0,0,0,0,0,0,4,3,434,32,19,140,71,102,26,39,22,169,27,1079
127011728,0,10,0,115,0,0,0,0,0,0,0,0,0,0,28,26,0,0,6,0,0,0,0,0,0,6,5,17,267,43,12,119,51,84,22,57,23,375,39,1095
127011729,0,0,0,120,0,0,0,0,0,3,0,5,0,3,23,40,0,0,0,0,0,0,0,0,0,7,6,5,369,37,15,165,69,109,24,53,22,256,34,1165
127021509,0,0,0,36,0,0,0,0,0,0,0,0,4,5,10,20,0,0,0,0,0,0,0,0,0,8,12,19,116,21,15,64,49,104,20,67,43,537,29,1057
127021510,0,8,0,61,0,0,0,0,0,0,0,0,0,0,26,29,0,0,0,0,0,0,0,0,0,15,12,26,125,36,23,85,46,122,18,91,60,725,46,1379
127021511,0,0,0,30,0,0,0,0,0,0,0,0,5,9,37,53,0,0,6,0,0,0,0,0,0,9,21,29,125,46,32,59,42,147,25,92,70,800,75,1507
127021512,0,5,0,29,0,0,0,0,0,0,0,0,0,9,31,47,0,0,0,0,0,0,0,0,0,9,22,29,89,21,15,63,48,109,23,57,30,542,59,1054
127021513,0,3,0,29,0,0,0,0,0,0,0,0,0,4,31,37,0,0,0,0,0,0,0,0,0,4,16,24,107,23,25,56,43,128,17,67,36,608,64,1176
127021514,0,4,0,29,0,0,0,0,0,0,0,0,0,4,11,19,0,0,0,0,0,0,0,0,0,5,10,11,65,9,12,35,26,76,9,46,35,361,27,711
127021515,0,0,0,27,0,0,0,0,0,0,0,0,0,5,27,41,0,0,0,0,0,3,0,0,0,7,15,26,77,17,18,58,40,94,9,62,37,672,58,1154
127021516,0,0,0,29,0,0,0,0,0,0,0,0,0,4,24,34,0,0,0,0,0,0,0,0,0,7,13,27,95,19,18,54,27,96,23,65,35,699,48,1179
127021517,0,0,0,18,0,0,0,0,0,0,0,0,0,0,8,14,0,0,0,0,0,0,0,0,0,7,9,20,55,9,10,30,10,37,12,35,20,379,27,626
127021518,0,9,0,43,0,0,0,0,0,0,0,0,0,0,9,11,0,0,4,0,0,0,0,0,0,5,0,14,40,22,10,22,8,30,5,17,17,193,13,381
127021519,0,3,0,42,0,0,0,0,0,0,0,0,0,9,28,42,0,0,5,0,0,0,0,3,0,13,14,26,115,27,16,53,37,115,16,93,44,730,54,1311
127021520,0,4,0,20,0,0,0,0,0,0,0,0,0,6,17,23,0,0,0,0,0,0,0,0,0,13,7,22,51,18,11,36,18,78,12,53,30,530,33,855
127021521,0,0,0,0,0,0,0,0,0,0,0,0,0,0,0,0,0,0,0,0,0,0,0,0,0,0,0,0,0,0,0,0,0,0,0,0,0,0,0,0
127031522,0,0,0,55,0,0,0,0,0,3,0,0,0,4,22,37,0,0,0,0,0,0,0,0,0,9,11,26,153,29,15,78,40,126,29,68,41,435,44,1040
127031523,5,9,0,143,0,0,0,0,7,0,0,0,0,12,34,52,0,0,0,0,0,0,0,0,0,7,13,21,257,43,35,119,72,167,33,79,52,659,56,1572
127031524,0,9,0,193,0,0,0,0,4,0,0,0,3,4,46,55,0,0,0,0,0,0,0,0,0,4,3,15,360,47,22,171,87,189,35,81,40,416,58,1494
127031599,0,0,0,19,0,0,0,0,0,0,0,0,0,4,18,23,0,0,0,0,0,0,0,0,0,11,8,23,58,18,12,31,16,50,7,49,26,342,37,656
127031601,0,0,0,14,0,0,0,0,0,0,0,0,0,0,26,25,0,0,0,0,0,0,0,0,0,6,3,11,63,16,8,30,20,56,7,24,14,139,33,413
127031730,0,3,0,81,0,0,0,0,0,0,0,0,0,0,29,34,0,0,0,0,0,0,0,0,0,4,4,5,206,22,15,78,47,58,19,23,14,151,32,675
127031731,0,0,0,39,0,0,0,0,0,0,0,0,0,0,46,50,0,0,0,0,0,0,0,0,0,6,14,26,245,48,35,133,94,192,41,82,44,408,69,1394
127031732,0,3,0,29,0,0,0,0,0,0,0,0,0,6,20,25,0,0,0,0,0,0,0,0,0,4,11,20,80,24,12,56,26,85,8,43,19,441,33,825
127031733,0,0,0,62,0,0,0,0,0,0,0,0,0,3,21,26,0,0,0,0,0,0,0,0,0,0,7,16,153,17,11,61,35,105,21,59,36,269,28,801
128011529,0,12,0,271,0,0,0,0,0,0,0,0,0,8,39,51,0,0,0,0,0,0,0,0,0,11,0,16,315,90,16,182,78,141,27,134,41,723,53,1793
128011530,0,20,0,290,0,4,0,3,0,0,0,0,5,6,42,61,3,0,0,0,0,0,0,0,0,10,10,27,479,99,25,231,72,159,55,135,48,767,70,2129
128011531,3,48,0,247,0,0,0,0,0,0,0,0,0,7,37,45,3,0,0,0,0,0,0,0,0,14,8,27,209,104,22,125,36,118,25,134,38,883,54,1743
128011602,0,5,0,146,0,0,0,0,0,0,0,0,0,4,30,42,3,0,0,0,0,0,0,0,0,7,5,18,332,58,19,143,75,98,16,74,21,382,41,1255
128011603,0,16,0,216,0,3,0,3,0,3,0,0,0,4,21,38,0,0,0,0,0,0,0,0,0,3,0,7,186,68,10,123,39,78,15,105,30,583,32,1278
128011604,5,70,0,591,0,4,0,5,0,4,4,0,0,10,66,85,0,0,4,0,3,0,0,0,0,15,9,28,735,171,42,387,120,279,75,235,51,1035,80,3213
128011605,0,16,0,68,0,0,0,0,0,0,0,0,0,0,4,10,0,0,0,0,4,0,0,0,0,5,0,8,38,12,4,27,3,19,5,36,6,153,7,312
128011606,7,23,0,198,0,0,0,0,0,0,0,4,0,0,25,27,0,0,0,0,0,0,0,0,0,3,3,8,172,64,20,109,30,84,22,69,34,342,31,965
128021533,0,0,0,64,0,0,0,0,0,0,0,0,0,3,12,22,0,0,0,0,0,0,0,0,0,4,0,5,111,23,7,73,27,49,12,47,19,290,20,679
128021534,6,7,0,173,0,0,0,0,0,0,0,0,0,5,17,25,0,0,0,0,0,0,0,0,0,12,0,10,165,54,7,106,35,94,16,100,36,514,17,1151
128021535,0,12,0,257,0,0,0,0,0,0,0,0,0,8,26,36,0,0,3,0,0,0,0,0,0,10,7,26,337,85,17,214,51,209,40,149,48,758,43,1947
128021536,0,6,0,327,0,0,0,0,0,0,0,0,0,6,42,55,0,0,0,0,0,0,0,0,0,9,7,24,376,86,14,195,69,177,34,146,36,820,54,2018
128021537,0,0,0,0,0,0,0,0,0,0,0,0,0,0,0,0,0,0,0,0,0,0,0,0,0,0,0,0,0,0,0,0,0,0,0,0,0,0,0,0
128021538,0,9,0,332,0,0,0,0,0,4,0,4,0,10,56,76,0,0,0,3,0,0,0,0,0,8,3,15,803,75,19,305,121,208,41,123,32,700,65,2487
128021607,0,0,0,144,4,0,0,3,0,0,0,0,0,3,42,53,0,0,0,0,0,0,0,0,0,12,0,18,273,42,15,138,59,116,17,107,17,773,52,1609
128021608,4,4,0,89,0,0,0,0,0,0,0,0,0,5,22,21,0,0,0,0,0,0,0,0,0,4,5,13,113,7,9,71,31,56,10,53,19,344,26,731
128021609,0,0,0,56,0,0,0,0,0,0,0,0,0,0,9,12,0,0,0,0,0,0,0,0,0,0,0,0,55,13,0,49,13,23,5,42,12,122,9,343
197979799,0,0,0,0,0,0,0,0,0,0,0,0,0,0,0,0,0,0,0,0,0,0,0,0,0,0,0,0,0,0,0,0,0,0,0,0,0,0,0,0
199999499,0,0,0,0,0,0,0,0,0,0,0,0,0,0,0,0,0,0,0,0,0,0,0,0,0,0,0,0,0,0,0,0,0,0,0,0,0,0,0,0
