LGA_CODE_2021,Buddhism_M,Buddhism_F,Buddhism_P,Christianity_Anglican_M,Christianity_Anglican_F,Christianity_Anglican_P,Christianity_Asyrin_Apstlic_M,Christianity_Asyrin_Apstlic_F,Christianity_Asyrin_Apstlic_P,Christianity_Baptist_M,Christianity_Baptist_F,Christianity_Baptist_P,Christianity_Brethren_M,Christianity_Brethren_F,Christianity_Brethren_P,Christianity_Catholic_M,Christianity_Catholic_F,Christianity_Catholic_P,Christianity_Church_Christ_M,Christianity_Church_Christ_F,Christianity_Church_Christ_P,Christianity_Eastrn_Orthdox_M,Christianity_Eastrn_Orthdox_F,Christianity_Eastrn_Orthdox_P,Christinty_Jehvahs_Witnses_M,Christinty_Jehvahs_Witnses_F,Christinty_Jehvahs_Witnses_P,Christianity_Lattr_day_Snts_M,Christianity_Lattr_day_Snts_F,Christianity_Lattr_day_Snts_P,Christianity_Lutheran_M,Christianity_Lutheran_F,Christianity_Lutheran_P,Christianity_Orintal_Orthdx_M,Christianity_Orintal_Orthdx_F,Christianity_Orintal_Orthdx_P,Christianity_Othr_Protestnt_M,Christianity_Othr_Protestnt_F,Christianity_Othr_Protestnt_P,Christianity_Pentecostal_M,Christianity_Pentecostal_F,Christianity_Pentecostal_P,Christinty_Prsbytrin_Refrmd_M,Christinty_Prsbytrin_Refrmd_F,Christinty_Prsbytrin_Refrmd_P,Christianity_Salvation_Army_M,Christianity_Salvation_Army_F,Christianity_Salvation_Army_P,Christnty_Sevnth_dy_Advntst_M,Christnty_Sevnth_dy_Advntst_F,Christnty_Sevnth_dy_Advntst_P,Christianity_Uniting_Church_M,Christianity_Uniting_Church_F,Christianity_Uniting_Church_P,Christianity_Christian_nfd_M,Christianity_Christian_nfd_F,Christianity_Christian_nfd_P,Christianity_Othr_Christian_M,Christianity_Othr_Christian_F,Christianity_Othr_Christian_P,Christianity_Tot_M,Christianity_Tot_F,Christianity_Tot_P,Hinduism_M,Hinduism_F,Hinduism_P,Islam_M,Islam_F,Islam_P,Judaism_M,Judaism_F,Judaism_P,Othr_Rel_Aust_Abor_Trad_Rel_M,Othr_Rel_Aust_Abor_Trad_Rel_F,Othr_Rel_Aust_Abor_Trad_Rel_P,Othr_Rel_Sikhism_M,Othr_Rel_Sikhism_F,Othr_Rel_Sikhism_P,Othr_Reln_Other_reln_groups_M,Othr_Reln_Other_reln_groups_F,Othr_Reln_Other_reln_groups_P,Other_Religions_Tot_M,Other_Religions_Tot_F,Other_Religions_Tot_P,SB_OSB_NRA_NR_M,SB_OSB_NRA_NR_F,SB_OSB_NRA_NR_P,SB_OSB_NRA_SB_M,SB_OSB_NRA_SB_F,SB_OSB_NRA_SB_P,SB_OSB_NRA_OSB_M,SB_OSB_NRA_OSB_F,SB_OSB_NRA_OSB_P,SB_OSB_NRA_Tot_M,SB_OSB_NRA_Tot_F,SB_OSB_NRA_Tot_P,Religious_affiliation_ns_M,Religious_affiliation_ns_F,Religious_affiliation_ns_P,Tot_M,Tot_F,Tot_P
LGA10050,182,278,463,3099,3986,7081,0,0,0,244,261,509,75,75,148,5740,6600,12331,11,20,35,143,143,282,79,125,200,29,27,53,376,568,943,12,13,15,53,60,117,266,342,610,653,794,1444,38,48,86,99,110,207,703,1020,1723,513,593,1108,14,20,32,12141,14787,26928,676,595,1268,186,141,328,21,21,35,0,3,3,378,312,685,80,107,189,459,419,877,11241,10788,22030,69,48,117,31,41,77,11346,10874,22224,2084,1890,3974,27087,29007,56093
LGA10180,124,179,308,2392,2758,5147,0,0,0,112,136,248,89,77,162,2279,2656,4930,7,7,18,33,36,67,30,44,72,19,15,42,19,23,45,0,4,6,44,33,79,92,117,207,467,541,1004,32,47,76,73,78,149,291,401,697,254,315,568,15,11,30,6248,7305,13555,218,219,435,194,174,370,15,9,23,8,8,17,45,50,97,296,362,655,350,416,769,5175,5016,10192,62,45,108,16,36,58,5257,5099,10356,1598,1707,3305,14005,15115,29124
LGA10250,183,308,491,3110,3826,6929,0,0,0,230,290,525,0,0,6,4255,4868,9119,5,4,16,56,62,118,121,145,268,25,30,55,53,64,117,7,0,8,49,62,107,197,283,479,673,812,1487,27,44,73,94,128,222,627,847,1476,446,535,977,24,32,52,10007,12031,22036,80,78,156,34,34,66,33,31,64,10,13,25,51,47,96,51,89,144,110,149,265,10048,9550,19604,68,52,124,47,100,152,10168,9709,19871,1649,1683,3336,22271,24019,46296
LGA10300,13,17,33,105,135,239,0,0,0,3,3,8,0,0,0,339,330,666,0,4,4,0,0,0,0,7,9,0,6,5,4,4,5,0,0,0,11,6,12,0,0,0,50,54,101,0,0,0,0,6,6,29,39,61,35,33,69,0,0,0,563,617,1186,9,6,8,8,7,8,0,0,0,0,0,0,4,3,8,0,0,0,4,4,9,348,286,636,0,0,0,0,0,0,348,286,636,162,166,327,1116,1098,2208
LGA10470,131,169,294,3157,3677,6833,0,0,0,215,255,468,89,84,177,5862,6526,12392,14,20,34,78,78,155,57,50,106,17,12,33,31,45,75,8,8,13,60,66,125,137,140,282,704,777,1477,34,46,80,34,50,86,564,707,1266,313,354,666,5,11,14,11379,12902,24288,224,216,438,158,122,283,5,4,9,6,16,22,81,75,161,62,73,137,152,169,323,7394,6716,14115,75,45,121,7,33,40,7480,6795,14270,2324,1332,3658,21857,21705,43567
LGA10500,3292,4477,7766,3941,4386,8329,164,159,321,562,643,1205,3,6,11,18909,20685,39590,50,61,112,10045,10598,20645,136,196,329,112,124,239,89,84,173,885,882,1764,339,375,716,536,681,1219,883,943,1826,64,78,137,69,86,156,666,789,1462,2411,2851,5262,34,34,73,39909,43650,83555,4190,3473,7664,8030,7243,15275,638,631,1273,9,4,13,146,116,263,235,260,492,395,377,766,23892,21617,45506,253,178,429,96,126,216,24235,21921,46153,6633,6091,12729,87327,87860,175184
LGA10550,116,228,345,2724,3161,5885,0,0,0,136,152,293,0,0,0,2592,2852,5443,0,9,12,60,53,113,104,162,266,23,22,45,35,50,89,3,0,3,88,89,184,71,88,158,322,362,679,24,35,58,46,54,100,409,569,981,318,379,698,8,16,24,6967,8061,15029,57,58,116,30,23,56,13,24,32,3,3,11,8,5,13,59,73,134,68,87,154,8619,8228,16846,67,43,118,45,62,103,8732,8338,17065,1636,1494,3136,17628,18307,35942
LGA10600,71,107,174,883,980,1863,0,0,0,34,28,56,0,0,0,699,855,1555,0,0,6,13,6,20,3,20,22,3,4,7,0,12,13,0,0,0,25,17,40,35,39,70,119,139,257,0,8,14,11,13,26,200,264,470,117,159,277,9,12,20,2162,2544,4706,17,11,31,4,7,15,24,12,34,0,0,0,6,3,13,34,67,97,40,69,108,3395,3341,6735,31,22,53,24,56,82,3455,3420,6873,663,658,1310,6423,6827,13253
LGA10650,6,13,22,601,707,1311,0,0,0,12,12,26,0,0,0,998,1043,2040,0,0,0,9,11,17,3,6,13,17,31,48,18,20,34,3,3,10,13,10,18,8,15,21,208,210,422,5,6,16,3,0,3,239,301,540,50,62,116,7,0,3,2196,2445,4644,19,13,25,6,10,17,3,0,3,4,0,3,8,9,13,6,16,25,18,25,39,1536,1409,2947,3,3,7,0,4,3,1543,1415,2961,472,476,948,4261,4402,8665
LGA10750,3456,4132,7591,13393,15582,28971,139,116,252,2236,2519,4754,53,51,105,46846,51183,98026,421,462,886,3072,3225,6302,504,639,1145,1062,1165,2223,155,174,325,2030,2019,4048,1646,1803,3455,3337,3815,7152,2471,2907,5377,163,221,379,925,1088,2022,2464,2852,5314,6563,7081,13640,154,188,347,87620,97096,184719,26268,25534,51801,16159,15606,31759,80,77,151,12,26,40,9799,8333,18134,975,1093,2070,10785,9452,20241,38301,33621,71923,340,285,630,180,243,429,38824,34153,72975,14678,12860,27538,197876,198905,396776
LGA10800,5,12,17,558,659,1223,0,0,0,17,20,34,0,0,0,676,725,1403,3,5,8,0,4,5,9,18,29,3,0,7,46,47,87,0,0,0,6,18,23,6,5,14,153,135,292,12,10,20,0,6,8,148,152,296,94,109,202,0,0,0,1753,1915,3663,10,10,21,3,3,10,0,0,0,0,0,0,0,0,3,3,7,13,8,12,16,679,534,1215,4,5,6,0,0,0,685,537,1221,330,268,595,2790,2758,5547
LGA10850,8,25,32,729,755,1481,0,0,0,63,66,134,0,0,0,882,962,1850,0,0,0,4,7,13,4,5,11,0,0,0,15,11,23,0,0,0,12,14,16,32,42,68,114,139,246,11,14,22,3,6,9,175,197,369,72,73,140,0,4,4,2116,2274,4388,0,5,3,11,9,20,0,3,3,0,0,0,0,0,3,10,24,33,11,22,32,1272,1137,2406,5,5,12,3,0,4,1276,1149,2424,300,286,589,3721,3778,7497
LGA10900,422,657,1089,4837,5749,10583,4,6,7,780,881,1663,136,140,269,6159,7302,13458,32,33,60,295,286,582,120,163,282,67,83,146,109,122,231,21,16,34,112,140,250,373,402,783,789,943,1731,60,78,141,44,80,121,742,1005,1751,1061,1203,2273,39,55,96,15775,18689,34467,146,130,279,112,127,242,86,92,180,8,12,23,25,24,47,209,304,513,241,338,576,18595,17746,36340,245,180,423,116,202,317,18951,18126,37079,2122,2088,4213,37865,40258,78121
LGA10950,3,9,13,263,275,540,0,0,0,15,10,21,0,0,0,379,399,773,0,0,0,0,3,3,4,3,3,0,0,0,4,0,6,0,0,0,0,0,7,5,4,10,24,22,47,0,0,0,3,0,5,73,84,155,12,14,25,0,0,0,775,822,1599,12,9,26,7,0,12,0,0,0,0,0,0,0,0,0,0,0,0,0,0,0,322,290,611,0,0,0,0,0,0,322,290,611,119,89,206,1240,1225,2467
LGA11150,5,0,4,150,173,322,0,0,0,13,21,34,0,0,0,361,437,798,0,0,0,3,4,4,5,6,3,0,0,0,0,0,0,0,0,0,0,0,3,9,8,13,30,33,64,5,0,4,3,5,5,20,14,33,20,26,51,0,0,0,626,729,1351,14,12,28,4,0,9,0,0,0,0,4,4,0,0,0,0,0,0,0,5,9,287,195,483,0,0,0,0,3,6,293,200,488,220,230,449,1164,1178,2340
LGA11200,0,0,3,119,119,239,0,0,0,8,13,15,6,0,6,110,116,233,0,0,0,0,0,0,0,0,0,0,0,0,0,0,4,0,0,0,5,0,5,3,14,14,7,8,17,0,0,0,4,13,15,3,7,8,15,17,35,0,0,0,285,314,594,8,8,11,3,0,3,0,0,0,0,4,4,6,0,8,4,3,4,3,5,8,263,235,494,0,0,0,5,0,5,266,234,505,107,117,231,676,679,1356
LGA11250,36,40,79,722,820,1543,0,0,0,69,81,155,0,0,0,1426,1733,3161,17,22,40,21,28,52,9,14,27,13,11,27,50,61,110,6,5,17,45,54,98,41,59,98,66,66,135,48,72,124,13,22,33,435,632,1067,100,122,224,0,0,0,3085,3814,6903,34,32,67,27,28,55,0,0,3,0,0,0,0,0,6,23,37,58,19,36,57,4436,4147,8585,29,21,51,14,19,26,4479,4184,8663,883,887,1770,8565,9020,17588
LGA11300,1364,1788,3150,659,758,1415,3,4,10,189,204,393,0,0,0,4215,4635,8850,4,7,9,717,834,1547,49,55,106,11,11,22,20,15,40,88,80,168,69,71,139,68,99,168,370,519,884,16,21,39,17,26,39,203,235,435,396,457,856,13,4,14,7092,8039,15131,2329,1709,4038,427,347,778,21,21,43,0,0,0,23,18,42,69,68,138,88,96,181,6870,7043,13909,48,44,88,21,30,45,6930,7118,14049,1401,1448,2855,19657,20556,40217
LGA11350,303,456,753,1185,1271,2458,0,0,0,40,56,94,0,0,0,1701,2066,3770,0,5,5,62,75,137,39,54,97,10,5,11,22,33,52,4,3,7,31,34,69,84,115,194,219,227,448,0,0,5,34,60,94,283,352,631,175,230,408,7,13,22,3896,4608,8502,69,68,135,31,29,70,219,208,429,9,9,17,30,26,51,95,148,240,127,182,315,10167,10678,20841,74,65,131,126,218,342,10368,10958,21325,2310,2286,4591,17313,18800,36116
LGA11400,12,25,45,1467,1646,3112,0,0,0,150,162,315,35,38,71,1708,1797,3504,0,0,5,10,7,20,8,6,12,3,4,11,3,8,14,0,0,0,32,35,67,45,51,100,159,172,335,3,14,20,4,10,21,407,439,849,164,133,300,6,9,9,4209,4543,8754,10,5,17,12,4,22,0,4,5,0,0,0,4,10,11,7,24,37,11,33,48,1959,1689,3649,17,11,28,3,11,10,1981,1710,3695,601,582,1184,6851,6915,13766
LGA11450,779,1040,1814,7618,8926,16547,281,249,528,652,725,1384,59,58,121,18227,19576,37808,14,20,40,1535,1586,3120,170,221,394,183,171,358,89,111,195,348,321,671,233,271,506,728,840,1570,579,703,1279,42,88,134,143,182,326,682,901,1584,1682,1842,3517,55,69,132,33324,36856,70182,2191,2107,4302,2859,2883,5745,35,26,60,0,4,5,609,547,1156,193,228,419,801,777,1578,15679,14219,29898,107,99,204,46,67,117,15823,14391,30215,2766,2660,5425,58587,60735,119325
LGA11500,2101,2684,4782,8429,10036,18464,117,125,246,1125,1257,2379,159,139,299,18935,21251,40189,68,96,166,1601,1628,3233,344,439,785,711,771,1478,113,131,247,635,622,1262,509,496,1007,1144,1394,2535,1135,1278,2421,89,122,219,438,484,923,1004,1177,2185,2791,3113,5907,99,102,204,39454,44678,84136,6260,6123,12385,10381,10031,20408,29,25,55,11,10,21,845,801,1647,428,555,983,1285,1369,2654,20449,18248,38693,194,121,312,101,147,242,20742,18510,39255,6389,6454,12844,86646,89874,176519
LGA11520,1124,1747,2874,2562,3103,5667,25,37,59,310,377,687,4,3,6,14239,15855,30094,7,14,23,1884,2053,3936,82,110,186,30,33,63,62,74,137,250,263,514,127,156,286,226,290,514,918,1128,2047,18,22,38,39,35,68,461,643,1100,739,873,1612,22,21,43,21982,25093,47075,1797,1544,3338,900,890,1792,81,94,179,3,0,3,86,75,160,142,158,294,226,230,453,14212,13916,28128,127,142,270,54,79,136,14392,14137,28525,2457,2482,4935,42959,46218,89177
LGA11570,10065,12400,22461,6869,7973,14847,46,42,92,1696,2019,3713,10,7,21,38328,41311,79642,89,86,167,15455,15971,31423,335,455,790,293,305,605,137,190,333,1403,1437,2839,705,805,1511,1007,1245,2251,1628,1924,3550,125,174,300,231,274,513,1548,1940,3481,4099,4380,8484,155,169,323,74163,80712,154874,4207,3687,7892,45686,41733,87423,103,105,205,9,7,9,477,449,928,570,616,1190,1059,1071,2129,34550,30202,64750,319,198,517,132,197,330,35003,30597,65597,15717,14699,30417,186002,184997,371006
LGA11600,6,3,8,194,222,417,0,0,0,21,21,46,0,0,0,343,334,683,0,0,0,0,0,0,0,0,0,0,0,0,9,9,18,0,0,0,12,4,18,3,7,17,42,29,66,3,3,5,6,0,11,97,100,199,35,37,67,0,0,0,775,769,1541,26,21,49,21,11,28,3,3,6,0,0,0,26,14,37,4,0,5,30,15,40,461,350,817,3,5,4,0,0,0,472,358,822,198,167,367,1527,1343,2866
LGA11650,1316,2095,3414,25964,32140,58107,7,8,20,2334,2872,5199,123,141,268,34987,40367,75356,116,175,294,1181,1253,2427,570,809,1377,324,377,700,296,375,670,175,162,345,1550,1679,3228,1387,1772,3153,3142,3756,6901,263,376,640,631,720,1353,3544,4775,8318,3620,4183,7796,128,152,278,80326,96098,176433,1172,1034,2205,802,690,1500,214,231,439,64,52,114,277,266,546,407,573,976,748,886,1633,71293,65281,136578,578,455,1036,282,481,758,72153,66219,138374,11234,11370,22602,167980,178618,346596
LGA11700,5,5,6,88,98,187,0,0,0,6,9,13,0,0,0,191,194,384,0,0,0,0,0,3,0,0,0,0,0,0,4,3,9,0,0,0,4,0,4,8,9,14,14,15,31,0,0,0,0,5,3,19,30,51,8,7,12,0,0,0,353,362,716,0,0,0,0,0,0,0,0,0,0,0,0,0,0,0,0,3,3,0,3,6,317,296,614,0,0,0,0,0,0,318,300,621,198,180,374,876,846,1725
LGA11720,132,241,371,5644,6579,12224,0,0,0,334,369,706,0,0,3,5359,5903,11259,14,17,25,83,75,160,85,139,222,62,72,138,33,56,84,3,9,9,147,181,328,191,210,399,640,770,1408,85,114,198,134,155,286,977,1342,2323,495,571,1066,17,16,36,14310,16568,30872,108,93,205,62,54,112,10,12,16,8,14,22,33,23,52,57,114,167,97,148,243,13721,12406,26127,97,79,173,35,64,105,13853,12546,26401,3465,1945,5406,32030,31603,63632
LGA11730,128,248,375,4908,5627,10529,0,0,0,317,333,643,0,0,0,4253,4910,9165,5,7,13,35,37,73,155,173,321,26,33,61,42,53,93,4,3,7,61,59,116,140,208,349,1161,1309,2471,83,100,184,64,92,152,681,807,1484,480,557,1032,0,6,10,12409,14303,26711,47,52,101,45,39,87,11,14,23,10,9,18,49,57,104,64,110,170,123,174,291,10851,9760,20609,79,60,137,34,58,90,10967,9879,20845,3337,2349,5684,27064,27059,54115
LGA11750,16,18,28,281,302,577,0,0,0,46,50,95,0,0,0,586,600,1187,0,0,0,5,6,4,0,0,0,5,5,8,0,5,8,0,0,0,3,3,7,8,9,17,33,33,68,3,0,3,3,5,3,75,77,153,19,23,41,0,6,3,1069,1124,2189,7,4,11,9,10,12,0,0,0,0,0,0,8,3,12,7,0,8,11,7,17,607,513,1124,4,0,11,0,0,5,615,517,1135,337,323,661,2062,1993,4059
LGA11800,337,489,827,5125,6176,11302,0,0,0,630,702,1331,5,9,13,6163,7319,13482,22,29,51,92,88,175,242,297,540,26,38,64,83,109,189,18,21,39,159,198,351,580,708,1293,1007,1176,2184,57,98,153,110,147,253,764,1053,1817,816,1092,1914,17,25,47,15922,19282,35202,176,159,335,238,190,428,32,35,65,17,16,38,952,896,1845,330,425,756,1299,1332,2628,16713,15993,32705,136,108,242,68,128,200,16927,16223,33148,3077,3035,6116,38010,40746,78759
LGA12000,4,0,5,359,451,813,0,0,0,18,17,35,0,0,0,650,660,1315,0,0,0,4,4,5,0,3,3,9,5,12,9,13,26,0,0,0,6,0,3,26,28,55,90,66,158,0,0,6,8,10,11,145,161,308,25,37,55,0,0,0,1335,1468,2806,7,6,12,6,0,8,0,0,0,0,0,0,0,0,0,0,3,7,0,3,8,634,573,1207,0,5,3,0,4,5,637,577,1214,173,161,334,2166,2227,4385
LGA12150,6,0,11,485,521,1006,0,0,0,3,3,8,0,0,0,520,514,1031,0,0,0,5,3,7,7,15,16,0,0,0,3,0,0,5,3,6,3,0,5,9,3,12,52,56,107,0,0,0,3,3,11,34,33,73,18,18,39,0,0,0,1134,1187,2322,10,9,17,5,3,9,0,0,0,0,0,0,0,0,0,0,8,12,0,8,8,421,369,799,5,5,3,0,0,0,429,372,805,277,276,560,1865,1861,3732
LGA12160,15,23,37,1399,1544,2940,0,0,0,59,67,126,0,0,0,1552,1619,3173,0,0,0,5,6,13,11,18,27,3,8,12,11,17,24,0,0,0,16,6,22,22,30,50,134,139,273,4,7,13,8,7,13,201,235,441,91,95,183,8,0,8,3540,3799,7338,17,16,26,8,5,11,0,6,9,0,0,5,5,4,10,9,13,21,18,16,31,1532,1381,2915,9,5,15,3,8,15,1547,1391,2941,533,475,1005,5672,5732,11403
LGA12350,30,27,60,1304,1459,2766,0,0,0,72,86,160,75,70,149,1608,1688,3295,0,4,4,27,24,45,46,70,118,22,24,41,11,11,20,3,7,7,19,11,28,36,47,87,213,271,478,3,15,23,8,4,13,207,247,454,99,118,224,3,4,12,3768,4159,7919,16,22,33,16,11,25,0,0,6,7,10,13,5,5,7,10,20,27,19,32,48,1828,1573,3404,7,12,20,8,9,17,1847,1595,3443,624,563,1187,6316,6409,12724
LGA12380,4193,5341,9526,3518,4026,7539,79,97,178,1057,1107,2170,17,10,29,24232,25986,50219,43,59,102,2799,2874,5679,186,257,444,193,209,399,61,55,114,457,515,966,466,459,924,771,937,1707,1298,1448,2747,68,91,156,167,214,380,1202,1297,2498,2559,2770,5327,116,114,229,39280,42529,81807,17161,14502,31662,28607,24997,53608,20,28,57,5,10,12,1166,878,2045,603,624,1220,1770,1513,3283,19200,15388,34591,147,98,247,89,113,205,19437,15601,35042,11033,9422,20458,121502,113938,235439
LGA12390,160,222,390,4585,5396,9985,0,0,3,457,487,944,3,3,5,6449,7444,13888,12,13,29,59,69,129,48,59,104,19,14,37,65,77,139,17,11,27,65,65,131,193,220,413,778,892,1669,57,84,142,58,58,120,942,1166,2112,593,678,1272,4,5,12,14410,16741,31153,643,597,1241,285,249,534,15,12,28,20,15,37,161,138,298,30,59,93,212,209,428,7807,7030,14843,57,34,92,19,27,53,7892,7098,14989,3517,2652,6173,27139,27784,54922
LGA12700,9,15,21,1126,1221,2345,0,0,0,88,99,185,0,0,0,786,870,1662,0,0,4,15,9,25,7,7,12,5,9,16,3,11,14,0,0,0,16,8,25,16,18,38,188,160,351,5,11,13,13,8,20,192,244,440,84,89,171,6,4,4,2555,2769,5321,4,5,13,0,0,5,4,4,8,0,0,0,0,0,0,10,11,24,10,16,20,1868,1682,3551,10,8,21,5,6,9,1885,1697,3579,290,277,575,4761,4781,9541
LGA12730,13,22,32,547,679,1227,0,0,0,63,71,130,0,0,0,871,960,1831,0,0,0,6,6,13,8,17,27,0,9,3,15,12,29,0,0,0,5,7,19,3,11,15,126,136,263,7,6,17,5,4,9,256,327,577,67,69,139,0,3,3,1984,2317,4298,22,15,34,6,5,6,0,0,0,0,6,8,0,0,3,9,11,17,12,21,32,1671,1484,3153,14,9,20,0,6,6,1686,1494,3180,450,422,876,4170,4286,8456
LGA12750,124,192,312,3181,3831,7014,0,0,0,159,167,327,0,0,0,3640,4014,7653,14,8,18,100,82,188,111,151,262,8,12,18,55,96,151,8,7,15,37,43,81,114,154,266,451,539,986,38,42,76,42,42,80,408,601,1011,312,377,687,7,12,18,8685,10163,18845,74,57,124,42,40,83,12,11,25,20,10,25,11,18,30,45,76,120,72,108,180,8842,8145,16991,87,75,157,32,71,99,8961,8285,17251,1930,1839,3769,19892,20696,40593
LGA12850,18878,22596,41473,2580,2874,5449,4782,5175,9958,1107,1183,2292,7,4,11,30867,32391,63255,16,21,39,3922,3875,7797,260,367,619,365,351,719,79,63,139,853,849,1705,349,409,758,496,605,1102,411,427,837,34,45,71,250,241,490,510,538,1049,4083,4285,8369,58,50,108,51023,53739,104761,680,621,1299,6856,6333,13190,22,17,36,3,0,3,78,53,130,834,924,1753,910,977,1888,16704,13776,30484,91,80,169,48,65,115,16843,13928,30766,7655,7397,15054,102874,105605,208475
LGA12870,22,33,55,939,1079,2019,0,0,0,83,85,164,0,0,0,1512,1640,3150,0,5,5,11,10,21,8,7,18,4,8,13,39,46,87,0,0,0,11,20,27,14,18,30,305,333,637,5,4,10,0,10,8,283,329,612,74,96,171,4,0,5,3300,3685,6988,10,10,20,18,12,25,3,6,0,0,0,0,5,0,4,9,4,12,10,11,21,2496,2225,4719,9,4,15,0,5,6,2500,2232,4733,567,491,1059,6429,6471,12899
LGA12900,16,15,34,920,1012,1935,0,0,0,61,78,141,0,0,0,1451,1520,2970,0,0,0,0,9,14,9,15,26,0,0,0,18,20,35,0,0,0,5,6,13,7,27,37,112,121,237,17,9,28,5,5,7,198,229,426,63,84,142,0,0,0,2878,3139,6011,15,17,28,3,0,6,0,0,5,0,0,0,0,4,5,0,5,7,0,7,9,1237,1135,2367,3,0,5,0,4,4,1240,1134,2376,452,405,857,4597,4716,9319
LGA12930,2984,4299,7288,4809,5684,10492,10,9,19,1147,1368,2517,6,9,19,14564,16405,30960,40,56,90,7728,8134,15858,167,203,372,117,119,231,60,78,133,806,796,1601,312,417,726,430,511,944,884,1059,1948,62,91,154,43,78,125,835,1034,1865,2077,2258,4332,82,99,180,34164,38400,72565,5789,4576,10363,3658,3301,6964,106,103,212,3,3,10,103,102,201,192,218,409,293,320,614,23323,21376,44697,187,119,304,82,130,215,23592,21628,45217,4429,4615,9053,75024,77250,152274
LGA12950,8,4,11,431,473,899,0,0,0,10,13,21,0,0,0,421,497,914,0,0,0,6,0,5,15,12,22,0,0,0,21,26,48,0,0,0,5,16,17,45,55,99,170,163,332,0,0,0,5,7,6,90,95,182,42,37,80,3,0,4,1259,1393,2655,3,0,3,3,3,6,0,0,0,0,0,0,0,0,0,0,0,0,0,0,0,568,496,1063,0,0,0,0,0,0,568,498,1062,284,269,559,2122,2174,4295
LGA13010,15,24,38,1039,1185,2230,4,0,4,44,50,92,0,0,0,744,850,1593,0,0,0,0,8,6,14,17,33,0,3,3,8,11,18,0,3,9,3,10,16,19,19,33,158,149,311,11,20,31,12,19,30,170,217,383,86,108,193,0,0,6,2329,2666,4996,21,26,52,7,12,19,4,5,12,5,0,0,4,4,7,14,27,49,23,33,62,1354,1219,2578,3,3,10,8,7,15,1369,1231,2600,645,520,1162,4409,4518,8931
LGA13310,110,135,241,3144,3563,6707,0,0,0,178,175,357,95,88,178,3809,4142,7948,9,10,17,143,120,263,54,64,116,9,17,34,23,31,54,4,8,11,36,50,84,67,71,139,276,277,556,33,59,94,32,42,79,463,494,960,250,252,502,11,4,21,8637,9473,18107,164,155,319,120,87,207,7,12,14,0,0,0,32,26,57,54,69,120,83,93,183,5186,4687,9873,49,39,86,29,29,57,5262,4751,10014,1766,1204,2973,16141,15909,32053
LGA13340,9,24,32,795,881,1677,0,0,0,62,65,129,0,0,0,1176,1150,2324,5,6,10,3,7,9,14,12,21,5,3,11,442,403,852,0,0,0,4,7,18,77,89,161,205,212,417,5,12,18,17,13,29,226,260,493,150,162,313,0,0,0,3198,3282,6478,24,18,35,11,4,16,0,0,3,0,0,0,3,0,4,0,15,11,5,11,13,1820,1624,3442,15,3,21,0,10,10,1838,1633,3473,579,525,1110,5657,5492,11157
LGA13450,70,106,176,1349,1565,2920,0,0,3,90,113,199,43,39,82,4888,5094,9983,10,8,18,21,23,35,38,51,86,76,72,145,43,34,80,14,10,23,75,67,143,163,192,354,267,314,586,13,20,36,128,151,272,461,602,1059,225,279,505,4,5,12,7903,8638,16544,724,606,1330,431,303,732,0,6,9,4,0,4,500,417,917,26,17,47,527,438,964,2678,2269,4949,18,22,42,10,9,14,2707,2305,5007,1232,1090,2323,13591,13494,27086
LGA13550,22,27,49,1382,1527,2906,0,0,0,57,62,123,0,0,0,1398,1548,2940,0,0,0,9,11,18,6,9,15,6,0,4,15,13,31,0,0,0,11,13,22,52,59,108,238,250,492,14,21,33,13,15,31,202,214,419,102,112,212,0,0,7,3505,3854,7357,13,9,22,8,7,13,0,0,0,0,0,0,12,0,8,5,14,15,12,16,29,2217,1954,4174,6,6,13,0,3,5,2226,1969,4192,653,613,1264,6438,6495,12929
LGA13660,4,8,16,813,837,1650,0,0,0,16,12,22,0,0,0,428,510,939,0,0,0,4,5,0,0,0,4,0,0,0,18,13,32,0,0,0,6,3,3,9,10,15,139,143,281,16,13,25,5,6,19,74,85,158,37,43,78,0,0,3,1558,1676,3240,0,0,3,4,5,7,0,0,3,0,0,0,0,0,0,0,7,5,4,7,8,617,532,1152,8,0,5,0,0,0,622,534,1162,247,229,479,2447,2465,4910
LGA13800,154,277,427,5990,7003,12997,3,3,4,492,595,1084,104,124,232,8570,8886,17458,31,45,76,327,325,649,132,171,305,75,64,141,60,76,134,12,10,27,74,104,179,317,361,676,537,546,1079,35,47,81,74,76,150,763,964,1720,712,768,1479,31,19,43,18334,20187,38513,221,195,418,195,176,371,30,30,55,0,5,4,159,148,306,68,109,170,232,261,490,12033,10640,22678,85,88,176,36,58,96,12157,10792,22951,2141,1840,3982,33461,33755,67207
LGA13850,3,8,15,290,338,624,0,0,0,13,23,36,0,0,0,366,430,796,0,0,0,4,6,14,0,0,0,0,0,4,4,0,3,0,0,0,5,0,8,10,12,19,68,71,137,0,0,0,0,3,3,38,54,90,14,12,21,0,0,0,805,948,1758,9,11,19,5,4,9,0,0,0,0,0,0,8,5,17,7,0,12,18,12,26,406,295,700,0,0,0,0,0,0,409,297,699,195,163,358,1448,1436,2882
LGA13910,29,33,66,1910,2093,4004,0,0,0,59,76,135,57,62,118,2749,3003,5748,0,0,3,29,40,69,21,28,51,4,8,13,24,36,58,0,0,0,23,14,34,20,25,44,235,251,488,29,33,64,15,18,36,338,360,704,145,153,297,8,6,11,5659,6209,11869,27,22,46,261,263,527,0,0,3,0,0,5,15,15,36,8,23,28,31,39,69,2566,2352,4912,11,6,18,10,16,26,2590,2371,4959,871,839,1709,9469,9787,19254
LGA14000,2099,2856,4953,8603,9977,18581,6,5,17,1565,1886,3450,80,80,167,13784,15291,29074,87,90,172,725,782,1506,113,124,234,95,97,193,161,198,361,206,193,403,335,415,751,711,779,1494,1569,1809,3380,67,75,142,355,466,821,1894,2414,4312,1924,2207,4128,56,73,131,32342,36976,69315,5083,5107,10190,1506,1464,2972,194,228,418,4,0,3,399,376,771,340,403,743,742,777,1521,28492,26127,54621,273,235,508,94,152,251,28859,26524,55377,3530,3534,7055,74360,77455,151811
LGA14100,78,139,217,715,831,1549,0,0,0,30,28,54,0,0,0,2248,2414,4657,3,4,10,302,290,600,7,13,22,0,0,0,18,15,29,35,52,91,22,18,38,37,55,88,104,147,252,3,0,4,11,16,26,101,131,234,92,86,184,0,10,13,3733,4107,7845,64,60,133,81,90,176,28,27,54,0,0,0,11,9,21,20,28,46,28,37,73,2080,1912,3990,15,11,26,11,21,29,2104,1945,4047,471,549,1016,6597,6962,13559
LGA14170,2474,3585,6059,4843,5735,10577,10,15,29,426,478,905,0,0,0,17535,19878,37412,22,20,39,3638,4072,7714,141,176,316,31,41,73,118,178,293,141,152,303,195,242,433,260,324,586,815,988,1801,34,40,69,44,72,117,756,974,1724,1115,1379,2496,52,34,84,30176,34794,64968,2078,1679,3751,1337,1159,2497,436,494,933,25,25,46,63,64,130,384,403,787,471,494,963,45536,45362,90898,717,686,1405,169,304,470,46420,46356,92773,5771,5101,10877,89169,93648,182818
LGA14220,24,32,61,1893,2148,4043,0,0,0,45,53,103,0,0,0,1604,1745,3351,15,18,30,12,7,18,33,42,79,5,6,8,11,19,27,0,0,0,39,23,59,79,102,182,418,412,827,57,89,149,24,35,58,323,388,715,254,280,533,14,16,27,4817,5397,10211,32,19,50,13,6,23,5,6,10,3,12,11,5,3,8,11,19,30,18,33,48,2783,2585,5364,14,11,29,7,13,21,2813,2603,5415,1059,970,2032,8780,9072,17853
LGA14300,14,14,25,589,615,1205,0,0,0,42,48,98,0,0,0,838,880,1718,0,0,0,4,8,10,0,0,3,8,6,9,5,15,21,4,5,3,23,6,28,14,14,27,107,111,218,5,8,16,3,4,9,104,92,193,31,38,71,0,0,0,1786,1844,3628,10,4,10,15,9,24,0,0,0,0,0,0,0,0,5,5,7,16,5,13,17,793,686,1481,5,6,5,0,0,0,795,688,1489,1037,184,1221,3664,2756,6415
LGA14350,70,102,177,2479,2804,5282,0,0,0,102,99,200,0,0,0,2657,3015,5674,7,8,8,34,27,60,89,130,219,12,9,20,17,29,41,0,0,3,34,47,79,91,120,214,309,336,651,48,67,121,228,257,481,580,785,1368,254,263,512,0,4,9,6940,7999,14940,36,21,61,21,15,37,3,7,8,11,21,35,10,11,18,34,56,85,55,81,139,6028,5485,11512,32,33,66,31,35,64,6085,5553,11644,2207,1479,3685,15426,15262,30688
LGA14400,55,89,147,1868,2177,4042,0,0,0,98,125,221,0,0,3,2387,2686,5076,5,6,9,95,95,193,49,62,110,6,7,13,29,34,69,4,8,11,32,20,53,36,56,94,247,282,528,15,7,19,4,4,9,408,532,943,189,243,431,4,8,12,5466,6368,11836,27,30,59,24,27,50,21,11,34,0,7,8,0,0,0,16,27,41,16,33,50,4847,4578,9427,38,19,54,23,30,57,4907,4627,9539,705,660,1365,11220,11851,23074
LGA14500,1500,2290,3793,8645,10168,18807,4,9,12,647,823,1466,6,5,0,9590,11014,20600,45,37,79,635,663,1292,37,66,103,33,40,70,119,184,304,179,183,369,256,269,525,390,485,873,1461,1616,3073,32,31,61,172,211,382,1937,2665,4608,1182,1423,2604,47,58,108,25401,29939,55345,1494,1520,3012,605,651,1251,1461,1449,2912,0,0,0,286,258,546,256,290,552,542,549,1095,25969,24716,50683,212,184,396,50,99,148,26231,25005,51233,2612,2820,5432,59850,64222,124076
LGA14550,51,62,109,606,648,1254,0,0,0,50,47,96,0,3,5,670,736,1407,0,3,5,7,11,19,27,21,48,5,8,11,13,14,25,0,0,0,9,15,20,58,62,124,188,183,366,10,6,13,24,28,55,228,278,508,108,135,239,8,6,13,2015,2197,4212,8,16,28,8,0,12,6,6,7,3,0,4,4,5,11,19,39,60,30,50,73,1901,1781,3681,23,25,48,17,22,34,1939,1823,3768,598,554,1154,4648,4708,9359
LGA14600,0,9,11,572,642,1215,0,0,0,10,9,22,88,90,179,733,776,1506,0,0,0,3,0,3,3,5,9,0,0,0,8,9,16,0,0,0,8,3,19,12,25,38,164,149,311,4,4,3,5,7,15,191,190,382,71,79,149,0,0,0,1884,1994,3880,24,18,46,10,6,15,0,0,0,0,0,3,3,3,8,4,0,10,11,7,18,720,594,1313,0,4,5,0,0,0,717,597,1317,398,412,809,3046,3048,6094
LGA14650,616,949,1563,15144,18436,33576,4,0,4,1855,2134,3987,61,65,131,17766,20835,38599,37,70,106,765,752,1522,359,467,820,177,189,368,167,240,411,37,40,78,477,565,1038,1307,1478,2783,2119,2486,4603,293,414,707,1577,1861,3437,3595,5112,8705,2535,2930,5467,242,272,515,48526,58336,106860,620,560,1183,426,391,814,55,66,123,19,27,43,130,104,232,203,335,536,345,468,809,47265,42641,89901,377,277,660,153,259,411,47795,43173,90967,5932,5585,11513,104311,109529,213845
LGA14700,433,650,1089,1836,2183,4015,0,9,7,139,173,314,4,4,10,4728,5043,9777,9,18,27,327,400,722,14,20,33,8,5,20,42,55,100,73,87,155,52,72,128,111,123,241,276,317,596,4,8,9,13,22,34,248,355,607,300,412,711,7,19,27,8206,9321,17530,664,633,1292,290,294,582,185,198,386,0,0,0,46,56,107,103,112,207,147,176,319,8244,7663,15910,76,84,164,26,39,68,8355,7784,16138,1025,1081,2104,19305,20130,39438
LGA14750,24,39,61,808,961,1770,0,0,0,29,34,63,71,75,145,1810,1918,3725,3,4,12,17,17,39,15,10,23,0,4,4,25,31,61,0,0,0,18,13,33,58,82,136,255,309,561,12,20,34,9,15,32,164,183,347,72,66,144,7,6,11,3386,3746,7133,27,23,54,46,46,101,0,0,0,0,0,0,86,83,166,11,9,22,92,94,189,1502,1322,2823,11,7,18,5,0,9,1513,1330,2849,543,525,1077,5643,5808,11452
LGA14850,220,313,535,2324,2764,5085,0,0,0,144,176,316,0,0,3,3803,4308,8119,11,17,29,36,42,77,75,92,165,25,26,55,26,29,57,3,5,12,64,59,117,184,230,413,747,822,1570,35,46,80,152,143,295,715,849,1561,530,607,1138,84,80,162,8951,10304,19259,82,80,159,70,70,141,24,18,45,6,10,19,67,61,128,145,248,387,220,322,540,9899,9212,19112,96,93,191,67,83,143,10056,9385,19450,2135,2079,4212,21758,22573,44334
LGA14870,68,106,175,1637,1850,3485,0,0,0,127,138,262,86,81,172,2152,2279,4437,0,0,0,37,35,68,32,39,70,13,23,37,13,12,19,0,0,0,38,40,78,65,76,147,300,338,636,28,33,63,27,29,58,453,572,1031,170,157,323,11,17,25,5196,5716,10912,57,49,101,42,28,71,11,11,21,0,3,6,5,13,20,35,53,94,42,69,118,3860,3454,7313,40,31,75,17,31,41,3919,3516,7428,1198,815,2017,10529,10313,20842
LGA14900,6045,7364,13410,5650,6417,12072,1262,1379,2639,1422,1573,2995,19,21,38,29343,30994,60330,51,57,105,6519,6715,13235,463,536,998,499,524,1018,98,109,206,1524,1494,3022,525,567,1096,1411,1547,2953,830,952,1779,58,51,106,251,306,559,729,842,1573,4429,4661,9089,144,151,293,55199,58909,114109,6234,6302,12539,17871,17427,35297,28,24,54,4,6,12,657,562,1223,3655,3639,7292,4319,4208,8525,17320,14436,31750,157,107,264,97,102,199,17574,14647,32216,8895,8392,17288,116163,117283,233446
LGA14920,8,12,20,1056,1135,2195,0,0,0,17,15,35,0,0,0,699,798,1506,0,0,0,0,4,9,32,29,56,0,6,5,3,4,9,5,4,7,3,5,9,23,20,47,101,88,185,4,6,8,3,3,7,133,145,275,44,52,99,3,6,6,2134,2311,4443,16,9,24,4,0,4,0,0,0,11,12,25,0,0,0,9,11,22,22,27,45,1095,946,2042,8,9,13,0,0,4,1106,956,2058,507,448,956,3789,3761,7551
LGA14950,0,5,6,232,241,474,0,0,0,13,12,21,0,0,0,424,514,943,0,0,0,0,0,0,0,0,0,0,0,0,66,70,135,0,0,0,5,6,3,27,28,49,83,87,170,3,6,10,0,0,3,133,131,262,47,43,88,0,0,0,1033,1137,2169,0,0,6,0,0,0,0,0,0,0,0,0,4,0,4,0,3,3,4,3,6,448,374,824,0,0,5,0,0,0,445,382,829,164,147,310,1649,1669,3319
LGA15050,201,299,496,7571,8932,16505,0,0,0,638,679,1318,98,92,196,9659,11026,20682,28,39,68,148,149,293,82,136,210,72,99,171,39,64,102,13,18,38,227,305,531,326,419,747,917,1067,1985,141,173,311,93,105,200,1277,1784,3063,898,1039,1934,29,24,47,22251,26153,48402,340,307,647,289,247,537,14,29,44,3,10,19,161,133,295,86,181,266,255,326,575,17863,16508,34371,125,107,229,49,75,122,18027,16692,34721,2529,2267,4804,43917,46310,90226
LGA15240,249,409,658,10207,11592,21798,3,0,3,791,837,1628,3,0,4,7570,8611,16183,33,49,86,132,123,258,277,361,635,77,104,176,81,92,176,21,16,34,193,228,424,190,261,457,1340,1533,2873,163,230,388,142,189,328,1577,2180,3759,966,1170,2132,23,39,57,23793,27612,51404,162,155,316,104,106,211,36,31,66,40,28,68,36,33,70,92,138,237,167,204,370,18241,16687,34922,114,92,203,80,120,199,18428,16894,35324,4149,4080,8235,47086,49495,96579
LGA15270,37,78,117,2662,2941,5603,0,0,0,92,108,207,0,0,0,3000,2998,6000,0,0,0,39,27,71,33,53,91,8,9,8,17,24,39,0,0,0,17,26,44,80,87,169,346,370,709,20,32,54,13,20,33,303,374,679,172,212,384,8,10,16,6811,7289,14098,47,38,83,29,24,48,8,4,13,5,4,8,23,25,51,27,39,67,56,68,123,4687,4140,8827,34,33,72,11,13,27,4738,4191,8931,1217,1080,2296,12945,12766,25713
LGA15300,27,34,63,1282,1422,2701,0,0,0,35,54,90,0,0,0,1359,1452,2807,3,6,3,24,21,45,12,24,36,6,8,10,31,21,54,3,0,3,11,12,28,31,51,75,191,199,390,28,30,60,22,18,39,135,145,282,126,126,250,3,9,6,3289,3583,6873,31,17,51,16,10,31,0,0,0,19,15,36,5,0,10,3,5,14,30,34,60,1557,1315,2872,5,6,9,4,3,9,1568,1328,2888,1416,1370,2784,6376,6369,12751
LGA15350,132,269,403,2268,2632,4903,0,0,0,66,80,145,0,0,0,2865,3682,6552,3,4,9,277,344,620,15,20,36,9,7,16,38,58,99,24,22,48,47,48,96,41,63,105,257,311,568,5,4,4,3,14,17,214,294,504,146,230,375,12,13,24,6284,7833,14114,145,144,293,86,72,154,109,128,232,0,0,0,10,12,16,44,50,87,53,58,112,5430,5917,11352,66,55,119,20,39,67,5518,6018,11536,715,772,1485,13033,15294,28329
LGA15520,51,52,99,921,1047,1969,0,0,0,62,63,119,0,5,6,1369,1488,2854,8,23,34,9,16,27,4,14,21,0,4,4,26,37,60,0,0,0,16,9,27,7,9,18,162,174,334,12,7,19,0,3,7,368,472,842,67,61,129,0,0,0,3036,3436,6473,12,14,25,18,10,31,0,3,3,0,0,0,8,7,19,6,6,8,13,14,27,2673,2381,5056,3,4,9,4,3,6,2683,2386,5069,590,532,1127,6409,6441,12850
LGA15560,5,4,6,321,363,677,0,0,0,6,3,8,0,0,0,469,424,894,0,0,0,0,0,0,0,0,0,0,4,4,7,6,12,0,0,0,0,3,7,8,11,20,76,62,138,0,0,0,9,9,20,113,107,220,24,23,45,0,0,0,1031,1007,2037,6,9,21,13,8,12,0,0,0,0,0,0,5,6,4,4,3,4,9,4,13,497,404,903,6,0,5,0,0,0,499,411,908,185,163,350,1751,1601,3353
LGA15650,46,71,117,1954,2219,4172,0,0,0,87,110,198,3,5,4,1674,1725,3395,0,0,3,14,15,30,28,39,72,8,3,11,7,3,13,10,6,17,16,20,30,31,32,59,169,154,316,7,15,13,15,23,39,177,219,390,135,125,257,7,12,15,4330,4714,9044,41,30,69,32,21,59,5,5,10,6,0,0,20,18,42,11,20,31,36,37,73,3000,2474,5474,14,11,31,8,15,25,3022,2510,5530,894,562,1457,8397,7957,16357
LGA15700,77,112,189,1506,1722,3226,0,0,0,59,70,126,0,0,0,1682,1827,3513,0,4,4,14,22,40,119,142,260,10,9,19,9,24,37,0,0,0,24,23,55,95,132,228,322,404,733,60,85,144,50,73,118,256,374,626,172,224,393,5,4,15,4394,5136,9529,45,49,93,14,6,24,9,12,25,15,19,33,32,30,61,37,54,88,87,95,185,4235,4008,8237,35,31,69,22,37,58,4291,4074,8359,1017,977,1998,9937,10463,20407
LGA15750,17,27,40,1617,1698,3316,0,0,0,23,10,32,0,0,0,1359,1478,2839,0,0,3,5,3,8,8,12,15,0,4,9,10,15,26,0,0,0,11,15,24,45,49,99,227,228,453,10,15,27,13,20,27,146,160,308,137,151,288,4,0,4,3615,3858,7474,18,17,41,10,14,25,0,0,0,0,0,0,0,0,5,5,15,24,11,15,25,1934,1684,3613,4,6,12,3,5,9,1941,1693,3632,779,682,1456,6397,6307,12703
LGA15800,10,15,31,544,574,1115,0,0,0,10,16,25,0,0,0,648,716,1369,0,0,0,0,0,3,8,15,20,3,5,0,16,22,36,5,0,4,6,4,12,38,43,78,69,86,156,0,3,6,0,11,17,191,173,364,45,60,100,5,4,4,1587,1732,3316,10,8,23,12,5,24,0,0,0,4,0,0,0,0,0,7,10,20,9,13,24,858,813,1676,11,13,23,0,4,3,868,826,1699,310,274,585,2823,2873,5698
LGA15850,4,8,6,648,721,1367,0,0,0,33,30,65,0,0,0,811,785,1592,0,0,3,0,0,3,0,6,6,0,4,0,3,3,13,0,0,0,9,3,11,15,16,30,89,67,160,3,0,4,51,58,101,213,242,452,52,65,123,0,3,0,1934,2007,3939,17,8,19,0,0,0,0,0,0,5,7,16,4,0,3,0,0,0,8,8,17,764,645,1411,7,3,11,5,0,0,770,649,1427,486,466,946,3218,3144,6360
LGA15900,793,1036,1830,9512,11333,20849,0,0,0,1097,1216,2315,34,25,56,14851,17110,31964,42,43,79,1317,1370,2687,123,172,299,93,100,195,98,115,220,47,46,94,500,534,1039,682,821,1502,1376,1551,2926,195,229,427,202,235,443,2016,2817,4833,1958,2323,4285,60,71,136,34218,40116,74336,1007,833,1839,1618,1209,2830,80,74,148,27,15,40,182,137,326,208,302,506,414,457,873,38929,36674,75597,420,356,781,123,234,359,39473,37262,76738,5377,4896,10279,82975,85893,168873
LGA15950,627,1178,1806,3425,4074,7502,4,3,4,196,238,437,0,0,0,6181,7898,14075,10,12,29,421,540,968,28,32,59,16,23,39,73,100,170,51,56,107,100,140,238,121,192,313,490,564,1057,11,13,22,14,24,41,456,632,1086,453,667,1121,15,20,35,12058,15232,27294,929,869,1796,287,280,565,341,361,704,4,3,6,72,64,134,104,150,262,176,219,399,15641,15797,31437,192,178,366,67,110,177,15905,16080,31980,2125,2282,4403,32443,36505,68950
LGA15990,1470,2162,3634,17518,20679,38199,34,41,70,1088,1195,2282,4,5,10,28356,31835,60196,35,34,69,1897,2104,4002,304,363,665,139,181,319,310,397,707,497,538,1033,468,502,965,930,1114,2043,1936,2273,4214,68,100,166,71,105,177,2336,3065,5394,2366,2781,5142,56,74,128,58412,67379,125789,1208,1009,2221,689,624,1308,423,474,909,4,6,9,302,264,562,337,453,788,643,726,1366,58671,54930,113606,457,339,796,245,412,663,59379,55684,115057,6707,6571,13274,128929,134623,263554
LGA16100,4,20,23,455,465,917,0,0,0,16,16,33,0,0,0,768,804,1573,0,0,4,24,19,45,4,3,11,0,4,4,11,11,20,0,0,5,0,3,7,20,24,43,55,54,115,0,0,0,31,29,57,101,108,214,44,50,85,5,3,8,1539,1603,3145,22,19,39,19,12,28,4,4,10,0,0,0,4,3,10,6,4,10,12,7,21,836,658,1497,11,9,12,0,4,4,843,667,1512,474,331,806,2915,2662,5580
LGA16150,159,193,353,3089,3738,6826,0,0,0,233,290,527,119,132,257,5411,6005,11418,13,20,40,94,97,186,67,82,148,26,26,53,40,36,73,17,8,27,239,250,487,224,315,541,439,483,925,23,43,64,26,32,63,905,1155,2056,541,599,1139,7,3,11,11506,13332,24839,263,228,494,149,129,278,21,8,29,4,4,9,64,46,118,47,79,131,125,130,255,7397,6768,14163,59,46,101,18,29,50,7468,6845,14314,1488,1463,2951,21178,22333,43512
LGA16200,28,41,65,1408,1562,2968,3,5,3,160,169,331,37,29,65,1719,1860,3581,0,0,0,10,3,13,0,5,12,3,6,9,31,40,70,3,3,8,14,16,23,73,97,170,240,266,505,9,13,23,13,13,33,369,451,821,180,209,384,4,5,14,4287,4747,9036,33,26,53,21,9,31,0,0,0,6,0,5,5,0,6,11,13,27,15,20,36,2099,1765,3865,10,6,21,8,3,10,2117,1782,3894,656,584,1237,7154,7208,14361
LGA16260,4345,5904,10251,7217,8317,15530,55,70,125,2207,2490,4694,210,256,474,23056,25369,48420,122,137,257,2002,2049,4051,170,230,393,252,256,507,148,152,303,658,671,1329,700,775,1468,1037,1288,2326,3701,4199,7902,79,96,177,219,242,466,2059,2498,4557,3229,3711,6941,60,89,153,47186,52894,100076,17848,15354,33204,7407,6795,14205,103,85,184,10,10,19,1416,1187,2597,843,910,1749,2267,2100,4369,39716,36491,76207,347,272,612,141,204,344,40198,36965,77169,9377,7899,17271,128734,127995,256729
LGA16350,1013,1422,2438,13068,15539,28607,94,103,194,954,1024,1977,227,205,425,30137,32408,62548,106,111,217,1802,1793,3597,286,359,650,379,410,788,176,203,380,571,538,1105,518,591,1105,1332,1534,2868,1622,1951,3574,107,194,295,216,279,495,1368,1664,3037,2901,3210,6108,72,76,148,55943,62174,118115,3655,3590,7248,3456,3195,6656,34,33,69,20,20,38,1379,1304,2681,285,392,679,1689,1714,3402,33140,29822,62961,299,246,544,96,169,266,33531,30237,63770,8254,7717,15969,107583,110085,217664
LGA16380,242,364,602,7682,9331,17013,0,0,0,402,477,880,0,5,7,8045,9689,17733,17,28,46,106,125,231,160,208,370,35,42,78,89,121,208,24,27,50,317,339,661,312,391,702,1131,1311,2437,106,160,262,196,263,457,1295,1791,3084,967,1203,2169,19,30,54,20907,25535,46445,203,191,392,102,103,207,26,32,61,8,3,12,51,34,82,93,166,260,153,204,354,16912,15777,32683,150,100,246,47,130,185,17105,16011,33113,2840,2746,5586,41576,45188,86762
LGA16400,188,331,523,6909,7955,14866,0,0,0,580,676,1259,0,0,5,6931,7872,14806,30,44,80,226,215,445,90,118,211,31,47,80,77,84,158,13,5,18,142,163,306,409,506,919,857,1025,1886,71,111,184,58,76,142,1282,1569,2847,766,857,1627,17,14,28,18512,21343,39852,132,103,235,114,80,196,19,19,47,12,4,18,30,22,50,58,113,172,97,144,244,15353,13767,29119,119,83,198,40,81,118,15510,13927,29436,2482,2267,4751,37059,38218,75276
LGA16490,248,309,556,3769,4358,8123,0,0,0,224,223,451,103,103,209,7326,7853,15176,4,9,14,807,761,1565,41,64,112,53,52,105,133,164,293,22,24,46,106,101,211,214,263,472,463,539,1000,54,44,98,51,39,87,556,638,1195,754,810,1559,25,21,41,14697,16065,30768,796,656,1450,467,393,861,29,18,51,8,6,12,406,327,732,90,133,225,499,469,968,12817,11457,24271,134,113,239,39,46,81,12986,11610,24597,2140,1917,4051,31861,31441,63304
LGA16550,1218,1856,3073,4660,5818,10476,47,59,106,305,376,681,3,9,12,16984,19068,36054,17,18,29,3551,4105,7657,83,122,204,48,37,84,104,134,241,138,168,302,175,204,379,288,408,692,792,876,1666,13,21,35,28,46,77,452,529,985,931,1129,2054,17,26,46,28627,33148,61776,869,720,1591,1007,882,1888,2609,2864,5467,5,15,24,60,78,137,157,205,356,220,295,513,24784,24226,49013,280,202,485,94,174,267,25156,24603,49767,5664,4510,10175,65376,68869,134252
LGA16610,45,56,100,1935,2181,4121,0,0,0,121,145,263,8,4,11,2389,2671,5063,4,0,4,20,21,39,62,59,122,0,4,9,15,17,38,0,0,0,24,24,54,77,130,206,523,570,1095,38,37,72,31,47,79,370,492,862,259,302,564,43,42,93,5922,6756,12677,25,25,48,10,13,23,7,0,12,4,3,8,0,4,5,38,48,84,42,49,96,4159,3732,7892,26,24,54,8,23,35,4199,3785,7982,1377,1254,2633,11631,11941,23565
LGA16700,2195,3234,5427,3963,4586,8548,51,65,123,962,1155,2127,49,59,105,13845,15763,29605,39,43,74,1500,1562,3057,90,126,212,40,45,84,79,100,176,790,834,1625,312,365,678,479,598,1071,1607,1914,3523,20,30,45,95,130,222,944,1190,2132,1670,1913,3576,41,41,80,26570,30497,57071,2918,2648,5577,2184,1867,4052,228,228,457,5,0,6,248,246,492,255,294,549,503,540,1045,24355,23003,47361,206,150,356,72,106,183,24635,23266,47899,3809,3797,7604,63042,66080,129123
LGA16900,174,337,509,5321,6533,11857,3,0,3,262,315,578,0,0,0,8879,10073,18951,29,37,63,1366,1338,2702,195,245,444,44,53,97,123,174,298,61,48,103,69,95,165,314,338,645,561,696,1249,48,84,132,26,48,76,746,1022,1769,1059,1156,2215,13,17,30,19114,22265,41380,124,138,267,433,460,890,13,15,28,8,7,13,21,24,47,75,128,207,110,162,266,14724,13241,27973,96,87,183,49,56,105,14871,13379,28252,2427,2255,4677,37265,39006,76271
LGA16950,355,538,894,9151,10662,19817,0,0,0,798,939,1733,3,0,3,9083,10429,19514,38,46,86,394,342,731,226,285,514,62,77,135,132,133,261,13,16,24,119,133,256,309,398,715,1242,1447,2689,108,118,223,56,63,123,1236,1643,2887,1102,1261,2364,21,31,50,24102,28021,52124,292,243,537,171,147,311,45,75,121,21,18,35,55,43,97,143,210,353,216,269,483,23315,21348,44661,173,122,289,86,126,211,23570,21591,45161,4975,3930,8902,53719,54813,108531
LGA17000,53,93,142,2700,2921,5615,0,0,0,144,156,302,68,67,135,2673,2711,5386,0,0,3,15,15,30,24,38,57,10,9,17,19,19,39,7,0,8,56,51,111,87,90,179,197,183,381,15,24,41,33,33,68,413,473,879,194,212,411,42,35,73,6695,7041,13739,44,36,83,33,21,60,4,0,8,0,0,0,3,3,6,29,31,56,32,33,65,4693,3954,8649,30,14,44,11,14,25,4741,3983,8719,1056,710,1764,12659,11918,24577
LGA17040,78,122,201,1652,1818,3466,4,0,5,146,140,283,0,0,0,2203,2189,4392,0,0,3,71,80,151,27,31,55,0,8,9,45,63,103,0,0,0,22,25,48,49,56,104,208,185,395,13,8,19,13,15,37,227,290,521,154,190,345,0,5,3,4829,5098,9927,40,32,73,59,39,100,7,9,16,0,0,0,7,7,23,31,57,93,40,69,112,4837,4187,9019,29,29,62,22,38,56,4886,4250,9136,1233,875,2107,11169,10500,21666
LGA17080,38,51,93,1728,1823,3545,0,0,0,84,91,171,0,0,0,1692,1810,3499,0,0,0,18,15,36,34,39,74,4,0,8,24,31,53,0,0,0,15,16,31,52,63,117,214,210,421,7,7,15,34,49,77,163,219,381,127,149,274,5,3,6,4198,4520,8722,35,36,67,17,15,30,0,3,4,4,7,11,9,4,11,10,18,31,24,29,56,2319,2041,4363,6,13,15,3,13,18,2329,2068,4401,853,674,1526,7504,7391,14891
LGA17100,1205,1552,2754,749,811,1562,9,8,13,209,220,428,12,9,16,4630,4855,9486,7,9,12,627,659,1293,23,44,68,7,3,15,11,14,28,153,152,303,82,98,179,88,125,213,500,585,1088,4,11,19,38,48,84,237,319,559,441,572,1012,26,18,41,7848,8557,16404,5127,3915,9046,1603,1299,2904,15,13,32,5,0,3,136,124,252,72,83,151,210,205,411,5688,5255,10947,63,41,103,20,31,53,5772,5330,11097,1593,1347,2940,23365,22229,45593
LGA17150,969,1620,2589,17074,20445,37516,0,10,13,1681,1900,3583,100,104,211,29722,33150,62876,107,136,240,5298,5411,10711,137,214,344,105,119,229,212,253,464,503,507,1010,396,458,862,958,1120,2081,1818,2093,3914,178,230,410,50,76,130,2191,2935,5122,2191,2460,4656,98,85,185,62818,71719,134532,705,699,1395,1012,1047,2068,169,187,362,4,7,6,87,76,163,196,246,439,280,330,607,40766,36277,77037,338,271,614,120,234,348,41230,36775,78005,5376,5270,10645,112561,117649,230211
LGA17200,5888,7931,13819,5211,5096,10304,14,11,26,578,590,1168,0,0,3,16059,16053,32111,12,13,30,2125,2225,4354,62,84,144,50,46,100,165,181,351,98,101,201,333,332,668,447,623,1074,959,935,1893,31,30,67,96,86,181,822,842,1667,1762,2096,3854,56,52,114,28900,29410,58306,2113,1630,3738,2058,1425,3483,1174,1092,2265,22,29,48,126,118,250,428,431,865,582,579,1165,58418,49603,108023,837,612,1446,279,361,642,59533,50582,110110,10370,8377,18747,110615,101018,211632
LGA17310,177,222,398,6974,8183,15156,0,0,0,267,306,569,86,97,181,6445,7297,13742,6,18,26,52,39,95,86,120,200,33,29,61,31,55,87,7,10,21,105,85,185,241,301,546,829,988,1816,65,83,149,65,52,124,951,1200,2153,674,701,1374,27,20,41,16945,19574,36520,267,254,526,188,138,323,13,3,12,16,16,30,91,77,172,56,117,180,167,215,381,10441,9192,19634,59,60,121,20,36,58,10523,9284,19807,2634,2468,5101,30906,32166,63070
LGA17350,16,10,25,679,720,1397,0,0,0,51,53,111,0,0,0,717,842,1561,0,0,0,12,4,16,15,12,17,0,0,0,108,141,248,3,4,5,3,0,3,10,20,33,132,145,274,12,20,26,8,3,16,132,166,297,38,35,72,0,0,0,1918,2162,4075,10,8,16,0,0,0,0,0,0,0,0,0,7,4,12,3,7,11,8,12,20,809,690,1493,3,0,8,0,0,3,809,689,1500,184,201,394,2948,3085,6034
LGA17400,24,27,52,617,682,1293,0,0,0,23,27,52,0,0,0,587,678,1265,0,0,0,12,5,20,22,34,54,5,0,5,15,12,21,0,0,0,7,3,6,24,29,60,108,129,242,17,19,32,21,24,42,120,156,276,81,113,196,13,9,17,1642,1931,3575,16,9,25,4,4,8,0,0,0,8,0,8,6,7,8,7,10,16,18,15,32,1192,1083,2275,6,7,16,7,11,16,1210,1097,2304,417,395,812,3334,3482,6810
LGA17420,2571,3342,5918,9784,11109,20892,20,36,56,1486,1643,3131,258,256,510,23362,25267,48630,92,118,209,1677,1715,3395,169,204,373,254,285,536,157,185,342,589,621,1211,508,532,1041,1839,2163,4005,1873,2097,3973,83,93,177,372,454,826,1789,2174,3964,2459,2768,5229,70,88,162,46846,51805,98653,7515,7551,15064,4271,4231,8504,109,104,211,4,0,4,1430,1357,2787,602,673,1280,2037,2032,4072,27081,24177,51258,252,208,457,66,106,170,27394,24487,51882,3910,3655,7570,94657,97221,191876
LGA17550,371,606,981,6457,7830,14288,0,0,0,368,453,825,0,0,0,8789,10314,19101,43,66,108,142,161,304,349,424,770,46,63,105,114,158,267,15,13,29,116,171,287,428,559,987,1207,1422,2628,35,73,109,318,383,694,1005,1411,2417,928,1166,2092,30,33,71,20389,24699,45087,374,350,722,52,48,105,64,73,138,13,17,29,149,139,289,137,228,361,298,381,680,20604,19651,40257,132,126,257,124,227,352,20865,20004,40868,4389,4419,8805,46804,50586,97392
LGA17620,25,42,64,1989,2271,4255,0,0,0,49,62,113,0,0,0,1601,1646,3255,0,0,0,7,6,9,12,14,21,11,11,22,5,14,11,6,3,7,18,11,28,18,11,29,155,156,314,15,9,20,21,12,32,229,288,521,86,80,164,0,0,0,4216,4596,8814,28,31,61,25,21,42,0,7,6,0,0,0,5,4,3,7,19,33,12,23,33,2205,1886,4092,14,10,22,4,13,21,2228,1911,4142,572,493,1069,7112,7119,14229
LGA17640,16,21,29,925,973,1901,0,0,0,20,22,46,0,0,0,1165,1186,2351,0,0,0,22,15,34,6,10,11,0,4,3,11,7,12,0,0,0,10,8,21,21,21,32,91,68,156,10,13,16,7,18,19,192,227,409,37,48,91,6,7,13,2510,2615,5123,10,8,16,10,6,11,0,3,3,0,0,0,5,5,6,5,20,31,7,25,34,1297,1115,2412,9,3,13,3,15,19,1309,1133,2444,453,389,847,4314,4198,8514
LGA17650,15,36,49,635,717,1352,0,0,0,21,25,46,0,0,0,498,601,1100,0,3,4,3,4,4,32,38,69,0,0,3,6,11,16,0,0,0,7,3,11,12,9,23,98,105,209,15,12,25,4,5,13,74,112,182,48,73,116,0,0,4,1457,1718,3179,0,3,6,11,9,15,0,6,6,0,0,5,0,0,0,12,21,34,16,21,36,1121,1037,2154,15,9,23,5,10,13,1138,1052,2189,249,248,493,2883,3086,5971
LGA17750,199,237,439,4697,5682,10377,0,0,0,393,413,801,92,92,184,8618,9721,18343,41,34,75,110,99,208,66,90,157,36,32,71,248,329,578,102,111,213,211,180,393,279,355,633,1151,1382,2536,47,48,98,82,78,165,978,1327,2298,640,744,1387,11,15,24,17802,20742,38544,416,338,752,349,307,653,3,7,18,3,11,14,119,90,216,464,544,1015,595,648,1247,11014,10176,21186,96,60,152,30,47,76,11133,10280,21418,2385,2169,4553,32883,34728,67609
LGA17850,5,0,8,437,478,915,0,0,0,3,4,13,0,0,0,270,270,538,0,0,4,0,0,0,16,20,38,0,0,0,7,3,8,0,0,0,0,0,5,6,6,10,124,136,257,3,0,4,5,0,4,12,16,28,18,24,44,0,0,0,903,968,1873,0,0,0,0,0,0,0,0,0,5,0,5,0,0,3,0,6,4,5,3,11,433,361,792,0,3,3,0,0,0,433,368,800,168,161,329,1516,1502,3016
LGA17900,10,16,23,429,426,859,0,0,0,13,16,23,0,0,0,470,437,906,0,0,0,27,21,50,10,11,19,0,3,8,6,3,13,0,3,0,8,4,9,0,5,4,81,93,171,7,5,7,8,11,17,14,30,50,27,33,54,4,0,3,1105,1103,2203,10,10,19,10,6,17,0,0,0,0,0,3,0,6,3,0,7,4,7,11,17,812,724,1537,7,3,14,4,0,9,826,725,1552,701,722,1422,2663,2592,5253
LGA17950,0,3,5,316,360,678,0,0,0,6,5,13,0,0,0,365,404,772,6,0,3,0,0,0,0,0,0,0,0,0,6,4,7,5,0,0,3,0,3,4,6,9,81,89,168,0,0,4,0,0,0,35,25,61,3,11,14,0,0,0,829,902,1731,0,0,0,11,6,20,0,0,0,0,0,0,0,0,0,0,0,5,0,0,5,268,214,479,0,0,3,0,0,0,268,209,482,154,157,312,1266,1279,2550
LGA18020,12,16,26,1160,1201,2359,0,0,0,20,23,41,0,0,0,902,993,1891,0,5,4,14,10,21,9,14,22,0,9,9,12,11,18,0,0,4,5,7,14,13,21,35,199,216,416,7,7,10,20,26,50,113,127,238,81,101,180,4,0,7,2556,2767,5320,11,7,19,7,4,13,3,0,4,3,0,9,3,3,3,11,13,21,12,15,33,1314,1103,2418,8,4,10,5,6,12,1330,1115,2443,686,688,1370,4616,4612,9225
LGA18050,307,522,827,2172,2423,4601,4,4,3,56,90,143,0,0,0,6141,6760,12905,4,9,13,779,984,1764,33,34,64,16,6,22,47,70,118,24,31,54,83,81,163,76,100,180,237,261,495,6,4,7,15,13,26,195,233,430,288,379,668,5,19,22,10179,11500,21676,150,157,311,175,144,315,5305,5708,11009,3,0,5,18,21,38,69,81,151,86,102,188,14199,14179,28380,144,117,261,53,147,200,14394,14445,28841,2679,2756,5436,33273,35334,68605
LGA18100,0,3,7,404,418,820,0,0,0,10,11,21,0,0,0,426,448,869,0,0,0,3,3,4,4,5,7,0,0,3,11,4,11,0,0,0,3,0,3,22,17,37,111,112,228,12,12,23,0,5,4,111,97,214,21,32,54,0,0,0,1137,1160,2298,0,0,3,0,5,4,0,0,0,0,0,0,0,0,0,0,3,5,0,3,5,533,449,985,0,0,0,4,0,5,538,451,993,162,141,301,1847,1762,3608
LGA18200,17,26,47,435,455,893,0,0,0,12,9,18,0,0,0,731,671,1403,10,8,18,15,16,25,14,8,23,0,6,3,29,22,54,3,0,0,3,5,12,30,31,60,78,81,157,5,7,13,17,17,38,159,203,360,73,85,158,4,4,0,1609,1632,3245,10,4,12,12,15,21,0,0,0,3,0,4,3,4,13,0,7,10,9,12,28,1644,1418,3060,9,4,13,8,8,18,1665,1428,3088,553,467,1015,3869,3584,7453
LGA18250,1348,2051,3396,3322,3840,7158,29,30,60,317,401,722,0,0,4,7157,8198,15351,14,26,42,533,559,1094,23,27,46,21,15,27,61,82,142,282,319,605,171,173,347,177,250,430,666,800,1470,11,8,22,15,20,40,479,715,1200,647,856,1503,11,17,26,13947,16338,30283,1382,1376,2757,508,475,979,356,379,730,0,0,0,69,69,133,163,189,351,228,254,493,16474,16046,32525,173,128,297,44,75,121,16697,16246,32948,1941,2094,4036,36400,39215,75613
LGA18350,198,297,496,4863,5893,10750,0,0,3,248,267,521,93,85,178,5035,5724,10761,22,27,47,215,216,430,123,155,275,21,32,55,66,69,133,12,13,24,67,66,132,137,195,333,526,702,1225,34,29,61,29,34,66,650,886,1534,599,708,1307,34,41,77,12773,15149,27918,373,319,695,134,95,232,79,80,162,4,5,4,64,63,124,50,117,171,114,184,300,9790,9385,19175,78,80,153,32,68,99,9900,9528,19431,1734,1747,3485,25313,27397,52709
LGA18400,134,195,323,5340,6034,11375,7,3,12,316,315,634,119,111,234,7682,7845,15524,13,19,29,378,335,711,71,91,157,32,28,61,58,76,134,21,18,40,55,68,124,178,216,393,362,394,756,21,27,53,37,45,84,524,548,1073,445,467,916,38,36,68,15705,16689,32391,37,49,88,206,199,406,14,14,27,7,6,12,19,17,40,44,72,112,69,90,161,9158,8041,17202,62,61,127,22,46,70,9245,8148,17398,1614,1550,3168,27032,26931,53961
LGA18450,977,1494,2472,12206,14948,27153,7,7,17,824,923,1750,149,151,307,23040,25872,48911,83,109,184,4617,4658,9277,321,422,743,114,139,256,272,344,616,183,173,358,340,403,741,794,950,1745,1657,1972,3631,184,271,455,112,145,258,2176,2995,5168,2935,3181,6113,62,65,128,50076,57735,107809,1134,836,1970,2908,2699,5604,86,74,155,15,11,31,145,137,288,270,393,663,428,544,980,43085,38907,81996,419,360,781,162,275,434,43668,39545,83214,6341,6023,12369,105616,108948,214564
LGA18500,266,446,710,2898,3686,6587,6,6,7,67,78,146,0,0,0,4273,5598,9878,0,4,7,824,1016,1843,15,22,34,0,6,9,49,62,115,14,18,34,43,52,97,47,54,99,358,335,695,4,6,5,8,22,29,203,257,461,235,322,555,6,8,16,9064,11556,20616,154,163,315,122,139,260,3579,3934,7509,0,0,0,14,14,33,55,82,136,68,98,163,9694,10011,19709,133,98,232,52,87,138,9882,10203,20083,1811,2022,3835,24952,28543,53496
LGA18710,29,63,92,1288,1551,2834,0,0,0,86,96,190,0,0,0,1974,2113,4092,0,0,0,39,49,92,18,20,38,0,5,6,49,50,91,0,4,12,26,30,51,62,52,115,138,145,284,22,18,38,18,18,35,258,304,565,154,183,338,5,8,13,4126,4647,8774,25,25,51,33,26,59,5,11,18,3,0,3,7,7,18,29,31,58,41,37,78,3588,3405,6984,35,20,57,9,13,19,3628,3435,7063,611,532,1151,8500,8781,17281
LGA19399,5,0,8,80,78,159,0,0,0,0,0,4,0,0,0,77,84,162,0,0,0,0,0,0,0,0,0,5,4,3,3,15,18,0,0,0,0,0,0,0,0,0,7,4,13,0,0,0,13,24,37,20,27,43,9,8,10,0,0,0,216,246,457,0,0,0,0,0,0,0,0,0,0,0,0,0,0,0,0,0,0,0,0,0,251,187,442,4,0,4,0,0,4,258,191,451,51,48,106,530,486,1016
LGA19499,61,71,134,488,411,898,0,0,0,51,41,92,0,0,0,658,555,1214,3,4,7,52,49,96,11,21,30,4,7,15,15,13,28,4,6,9,11,4,18,39,38,70,67,67,138,6,18,26,11,16,30,89,88,175,107,116,222,3,0,5,1626,1443,3064,41,24,64,98,68,163,10,8,16,3,5,9,3,4,6,25,34,65,36,40,79,2014,1648,3662,23,19,40,13,22,31,2051,1685,3736,2454,1655,4113,6375,4997,11371
LGA19799,0,0,0,0,0,0,0,0,0,0,0,0,0,0,0,0,0,0,0,0,0,0,0,0,0,0,0,0,0,0,0,0,0,0,0,0,0,0,0,0,0,0,0,0,0,0,0,0,0,0,0,0,0,0,0,0,0,0,0,0,0,0,0,0,0,0,0,0,0,0,0,0,0,0,0,0,0,0,0,0,0,0,0,0,0,0,0,0,0,0,0,0,0,0,0,0,0,0,0,0,0,0
