region_id,C01_P_FoodHos_PS_15_19,C01_P_FoodHos_PS_20_24,C01_P_FoodHos_PS_25_34,C01_P_FoodHos_PS_35_44,C01_P_FoodHos_PS_45_54,C01_P_FoodHos_PS_55_64,C01_P_FoodHos_PS_65_74,C01_P_FoodHos_PS_75_84,C01_P_FoodHos_PS_85o,C01_P_Foo_hos_pers_S_Tot,C01_P_MixFld_pr_15_19,C01_P_MixFld_pr_20_24,C01_P_MixFld_pr_25_34,C01_P_MixFld_pr_35_44,C01_P_MixFld_pr_45_54,C01_P_MixFld_pr_55_64,C01_P_MixFld_pr_65_74,C01_P_MixFld_pr_75_84,C01_P_MixFld_pr_85_ov,C01_P_MixFld_pr_Tot,C01_P_FldStu_ID_15_19,C01_P_FldStu_ID_20_24,C01_P_FldStu_ID_25_34,C01_P_FldStu_ID_35_44,C01_P_FldStu_ID_45_54,C01_P_FldStu_ID_55_64,C01_P_FldStu_ID_65_74,C01_P_FldStu_ID_75_84,C01_P_FldStu_ID_85o,C01_P_FldStu_ID_Tot,C01_P_FldStu_NS_15_19,C01_P_FldStu_NS_20_24,C01_P_FldStu_NS_25_34,C01_P_FldStu_NS_35_44,C01_P_FldStu_NS_45_54,C01_P_FldStu_NS_55_64,C01_P_FldStu_NS_65_74,C01_P_FldStu_NS_75_84,C01_P_FldStu_NS_85o,C01_P_FldStu_NS_T,C01_P_Tot_15_19,C01_P_Tot_20_24,C01_P_Tot_25_34,C01_P_Tot_35_44,C01_P_Tot_45_54,C01_P_Tot_55_64,C01_P_Tot_65_74,C01_P_Tot_75_84,C01_P_Tot_85o,C01_P_T_T,C06_P_NatPhy_sci_15_19,C06_P_NatPhy_sci_20_24,C06_P_NatPhy_sci_25_34,C06_P_NatPhy_sci_35_44,C06_P_NatPhy_sci_45_54,C06_P_NatPhy_sci_55_64,C06_P_NatPhy_sci_65_74,C06_P_NatPhy_sci_75_84,C06_P_NatPhy_sci_85_ov,C06_P_NatPhy_sci_Tot,C06_P_InfTec_15_19,C06_P_InfTec_20_24,C06_P_InfTec_25_34,C06_P_InfTec_35_44,C06_P_InfTec_45_54,C06_P_InfTec_55_64,C06_P_InfTec_65_74,C06_P_InfTec_75_84,C06_P_InfTec_85_ov,C06_P_InfTec_Tot,C06_P_EngRT_15_19,C06_P_EngRT_20_24,C06_P_EngRT_25_34,C06_P_EngRT_35_44,C06_P_EngRT_45_54,C06_P_EngRT_55_64,C06_P_EngRT_65_74,C06_P_EngRT_75_84,C06_P_EngRT_85_ov,C06_P_EngRT_Tot,C06_P_ArchBuild_15_19,C06_P_ArchBuild_20_24,C06_P_ArchBuild_25_34,C06_P_ArchBuild_35_44,C06_P_ArchBuild_45_54,C06_P_ArchBuild_55_64,C06_P_ArchBuild_65_74,C06_P_ArchBuild_75_84,C06_P_ArchBuild_85o,C06_P_Arch_building_Tot,C06_P_AgEnv_RS_15_19,C06_P_AgEnv_RS_20_24,C06_P_AgEnv_RS_25_34,C06_P_AgEnv_RS_35_44,C06_P_AgEnv_RS_45_54,C06_P_AgEnv_RS_55_64,C06_P_AgEnv_RS_65_74,C06_P_AgEnv_RS_75_84,C06_P_AgEnv_RS_85o,C06_P_AgEnv_RS_Tot,C06_P_Health_15_19,C06_P_Health_20_24,C06_P_Health_25_34,C06_P_Health_35_44,C06_P_Health_45_54,C06_P_Health_55_64,C06_P_Health_65_74,C06_P_Health_75_84,C06_P_Health_85o,C06_P_Healt_To,C06_P_Educ_15_19,C06_P_Educ_20_24,C06_P_Educ_25_34,C06_P_Educ_35_44,C06_P_Educ_45_54,C06_P_Educ_55_64,C06_P_Educ_65_74,C06_P_Educ_75_84,C06_P_Educ_85o,C06_P_Educ_Tot,C06_P_MngtCom_15_19,C06_P_MngtCom_20_24,C06_P_MngtCom_25_34,C06_P_MngtCom_35_44,C06_P_MngtCom_45_54,C06_P_MngtCom_55_64,C06_P_MngtCom_65_74,C06_P_MngtCom_75_84,C06_P_MngtCom_85o,C06_P_MngtCom_T,C06_P_Soc_cult_15_19,C06_P_Soc_cult_20_24,C06_P_Soc_cult_25_34,C06_P_Soc_cult_35_44,C06_P_Soc_cult_45_54,C06_P_Soc_cult_55_64,C06_P_Soc_cult_65_74,C06_P_Soc_cult_75_84,C06_P_Soc_cult_85o,C06_P_Soc_cult_T,C06_P_Creative_art_15_19,C06_P_Creative_art_20_24,C06_P_Creative_art_25_34,C06_P_Creative_art_35_44,C06_P_Creative_art_45_54,C06_P_Creative_art_55_64,C06_P_Creative_art_65_74,C06_P_Creative_art_75_84,C06_P_Creative_arts_85o,C06_P_Creative_arts_Tot,C06_P_FoodHos_PS_15_19,C06_P_FoodHos_PS_20_24,C06_P_FoodHos_PS_25_34,C06_P_FoodHos_PS_35_44,C06_P_FoodHos_PS_45_54,C06_P_FoodHos_PS_55_64,C06_P_FoodHos_PS_65_74,C06_P_FoodHos_PS_75_84,C06_P_FoodHos_PS_85o,C06_P_FoodHos_PS_Tot,C06_P_MixFld_pr_15_19,C06_P_MixFld_pr_20_24,C06_P_MixFld_pr_25_34,C06_P_MixFld_pr_35_44,C06_P_MixFld_pr_45_54,C06_P_MixFld_pr_55_64,C06_P_MixFld_pr_65_74,C06_P_MixFld_pr_75_84,C06_P_MixFld_pr_85_ov,C06_P_MixFld_pr_Tot,C06_P_FldStu_ID_15_19,C06_P_FldStu_ID_20_24,C06_P_FldStu_ID_25_34,C06_P_FldStu_ID_35_44,C06_P_FldStu_ID_45_54,C06_P_FldStu_ID_55_64,C06_P_FldStu_ID_65_74,C06_P_FldStu_ID_75_84,C06_P_FldStu_ID_85o,C06_P_FldStu_ID_T,C06_P_FldStu_NS_15_19,C06_P_FldStu_NS_20_24,C06_P_FldStu_NS_25_34,C06_P_FldStu_NS_35_44,C06_P_FldStu_NS_45_54,C06_P_FldStu_NS_55_64,C06_P_FldStu_NS_65_74,C06_P_FldStu_NS_75_84,C06_P_FldStu_NS_85o,C06_P_FldStu_NS_T,C06_P_Tot_15_19,C06_P_Tot_20_24,C06_P_Tot_25_34,C06_P_Tot_35_44,C06_P_Tot_45_54,C06_P_Tot_55_64,C06_P_Tot_65_74,C06_P_Tot_75_84,C06_P_Tot_85o,C06_P_T_T
101,141,512,1120,831,535,304,137,74,15,3669,0,0,8,10,3,11,3,0,0,35,11,41,128,156,166,107,60,46,7,722,1417,953,1948,2285,1952,1895,2399,1926,567,15342,2073,4737,13100,16535,14955,10160,7020,3890,926,73396,0,120,373,477,518,419,177,81,9,2174,35,198,415,431,352,158,34,3,0,1626,100,601,1937,2964,2962,2663,1729,807,136,13899,58,392,952,1336,1468,997,655,273,46,6177,41,243,717,890,794,521,262,129,16,3613,38,229,921,1628,2232,1441,811,388,100,7788,15,119,795,1160,2039,1527,650,233,56,6594,179,1006,2463,3134,2741,1945,818,400,109,12795,100,564,1618,2006,1754,1357,490,200,26,8115,26,175,484,499,430,313,152,76,19,2174,171,591,1148,999,756,522,212,88,25,4512,13,11,8,11,17,13,4,7,7,91,11,45,153,224,239,170,81,49,15,987,1833,1099,2205,2624,2673,2375,2299,2192,752,18052,2620,5393,14189,18383,18975,14421,8374,4926,1316,88597
102,224,627,1473,1225,918,510,336,160,28,5501,3,0,10,12,13,9,9,6,0,62,13,36,132,191,170,88,80,60,15,785,1803,995,2138,2781,2504,2363,3852,4482,1456,22374,2889,5858,18047,22591,18937,11907,10839,8319,2193,101580,4,101,342,398,354,234,154,110,17,1714,70,295,517,554,387,141,35,6,3,2008,147,738,2653,4194,4413,3420,2542,1819,393,20319,116,577,1706,2107,1819,1286,888,549,98,9146,60,190,544,521,414,191,114,57,13,2104,77,487,1831,2486,2801,1479,860,512,137,10670,13,259,1286,1618,2487,1469,802,408,88,8430,323,1641,3810,4363,3967,2791,1443,978,212,19528,150,703,1842,1857,1775,1085,489,284,60,8245,58,316,703,620,472,345,192,118,26,2850,232,772,1578,1457,1032,746,371,208,51,6447,8,6,14,21,27,13,15,17,7,128,14,55,159,242,244,193,92,84,28,1111,2440,1287,2492,3409,3375,3178,3986,5228,2361,27756,3712,7427,19477,23847,23567,16571,11983,10378,3494,120456
103,146,402,845,579,407,254,114,44,14,2805,3,3,6,12,7,3,7,3,0,44,10,24,96,96,105,59,39,10,10,449,1272,816,1847,1883,1782,1628,1965,1746,677,13616,2037,4168,12084,13717,12287,7604,4918,2942,968,60725,3,51,215,256,260,221,68,25,5,1104,43,146,184,226,171,94,27,0,0,891,149,729,2145,2777,2659,2000,1109,526,99,12193,67,282,818,773,818,587,364,160,23,3892,69,276,777,898,817,627,303,114,20,3901,53,309,994,1461,1847,1186,591,309,84,6834,13,183,993,1137,1760,1177,468,206,55,5992,211,909,2060,2345,2039,1428,549,231,63,9835,75,429,1034,1074,994,724,246,109,28,4713,36,153,309,260,234,207,90,45,17,1351,188,517,922,763,505,329,139,59,21,3443,6,10,9,14,7,8,3,3,3,63,21,43,122,134,151,97,47,23,10,648,1484,990,1873,2120,1934,2080,2175,2101,767,15524,2418,5027,12455,14238,14196,10765,6179,3911,1195,70384
104,91,278,568,498,388,221,118,48,7,2217,0,3,9,8,3,0,6,3,0,32,3,12,54,85,79,43,45,24,3,348,800,368,852,1058,981,984,1475,1449,515,8482,1232,1920,5921,9165,8972,5671,4589,2774,748,40992,0,24,127,155,188,142,72,35,6,749,25,86,137,136,161,74,16,0,0,635,50,252,807,1543,1823,1693,1245,662,117,8192,23,148,454,737,1011,648,447,220,45,3733,18,90,324,391,331,180,114,53,10,1511,20,121,584,1074,1529,852,483,246,58,4967,5,92,428,741,1378,933,481,178,49,4285,153,569,1160,1510,1651,1187,575,294,68,7167,52,230,638,957,1032,721,217,88,13,3948,14,78,235,277,270,186,72,36,6,1174,98,320,633,666,489,362,150,78,11,2807,5,8,5,10,15,9,5,0,3,60,10,21,75,107,127,88,55,17,9,509,969,447,889,1269,1293,1233,1535,1772,779,10186,1442,2486,6496,9573,11298,8308,5467,3679,1174,49923
105,68,205,465,350,279,170,68,21,9,1635,0,3,0,4,3,3,3,3,0,19,5,16,62,47,53,33,21,8,3,248,864,563,1195,1430,1239,1156,1553,1130,425,9555,1258,2558,7413,8221,6818,4467,3166,1718,543,36162,0,21,117,113,102,94,27,8,0,482,9,74,102,109,84,37,7,3,0,425,93,373,1040,1342,1434,1047,640,281,44,6294,14,117,354,451,478,342,215,84,14,2069,41,210,537,570,453,324,148,62,13,2358,16,179,650,881,1079,649,335,139,49,3977,11,208,769,706,898,514,217,96,14,3433,106,408,1109,1236,1060,648,271,111,20,4969,45,207,592,610,512,320,120,41,6,2453,5,50,106,112,104,77,37,21,3,515,77,269,487,384,297,219,96,48,12,1889,0,6,0,11,15,10,0,8,0,50,11,15,66,66,65,50,33,11,0,317,1070,721,1263,1498,1627,1539,1551,1393,463,11125,1498,2858,7192,8089,8208,5870,3697,2306,638,40356
106,155,507,1178,750,525,344,131,60,14,3664,6,0,0,10,7,10,6,3,3,45,9,34,111,129,126,61,48,22,3,543,1366,920,2082,2199,1946,1676,2236,2060,739,15224,2209,4844,13941,16456,13907,8340,5775,3500,1006,69978,6,54,241,301,334,226,67,43,0,1272,58,160,259,283,273,112,20,3,3,1171,200,1205,3799,4963,4362,3157,1716,860,150,20412,49,328,887,1124,1049,848,536,229,26,5076,75,247,609,553,396,245,114,39,11,2289,49,356,1155,1736,2145,1249,601,260,72,7623,10,177,845,1032,1719,1085,508,218,40,5634,292,1218,2832,2821,2379,1675,673,346,65,12301,96,410,1139,1110,1125,724,300,102,22,5028,15,150,307,266,262,221,101,50,11,1383,240,678,1393,1108,646,496,195,91,23,4870,0,6,5,9,12,17,3,3,0,55,10,47,151,192,184,115,43,29,9,780,1822,976,2022,2578,2309,2330,2364,2452,1006,17859,2922,6012,15644,18076,17195,12500,7241,4725,1438,85753
107,181,679,1317,915,607,372,185,83,15,4354,6,11,11,17,14,6,3,4,0,72,15,89,157,193,167,94,48,32,8,803,1722,960,2118,2444,2229,2081,2842,2673,830,17899,2708,7194,20337,22036,18067,10254,7506,4862,1247,94211,6,206,595,509,541,355,145,52,12,2421,47,478,830,537,369,119,21,7,0,2408,126,1046,3960,5198,5225,3683,2240,1250,247,22975,80,515,1496,1568,1246,885,675,357,63,6885,32,155,444,436,270,117,49,29,9,1541,48,486,1715,2113,2236,1075,555,281,75,8584,14,372,1477,1685,2782,1537,588,254,70,8779,328,1864,4011,3915,3293,1852,823,448,97,16631,137,946,2138,2039,1892,1032,389,150,37,8760,57,392,682,639,466,242,110,48,21,2657,222,788,1416,1137,717,481,203,126,31,5121,15,41,14,18,28,14,18,11,0,159,23,88,209,237,224,142,71,41,12,1047,2072,1490,2313,2930,2669,2565,2996,3238,1146,21419,3207,8867,21300,22961,21958,14099,8883,6292,1820,109387
108,98,317,752,701,629,384,233,110,13,3237,0,3,6,5,6,10,9,6,0,45,9,20,54,98,108,73,65,37,12,476,1093,495,1023,1443,1422,1583,2586,2852,955,13452,1638,2504,7915,12393,12381,9415,8335,5548,1424,61553,4,17,99,164,220,228,135,68,10,945,28,112,172,230,242,122,24,4,0,934,98,376,1229,2255,2715,2756,2370,1416,226,13441,51,238,771,1174,1369,1062,796,417,67,5945,35,136,352,537,468,268,151,75,15,2037,37,198,825,1518,2199,1359,788,407,85,7416,5,106,619,1009,1890,1389,787,343,60,6208,222,707,1529,2127,2221,1972,1057,660,114,10609,71,322,877,1119,1173,809,398,166,37,4972,11,91,241,280,303,227,151,88,21,1413,169,455,940,874,751,591,281,151,33,4245,8,11,6,19,19,6,9,13,6,97,15,23,93,138,151,113,91,56,21,701,1402,685,1359,1860,2111,2090,2764,3374,1384,17029,2156,3477,9112,13304,15832,12992,9802,7238,2079,75992
109,71,283,552,430,285,163,109,40,11,1944,3,0,3,4,4,3,3,0,0,20,3,17,68,64,63,45,31,12,0,303,703,415,896,1057,1078,1041,1440,1271,466,8367,1092,2450,6653,7854,6886,4179,3171,2045,643,34973,0,27,147,121,132,80,26,17,3,553,26,75,153,119,91,50,9,3,0,526,60,426,1241,1501,1536,1118,637,345,59,6923,39,180,414,497,609,383,239,111,16,2488,54,228,575,607,487,284,122,47,10,2414,12,197,640,843,1147,660,342,177,48,4066,0,112,502,622,967,600,286,97,34,3220,87,525,1244,1284,1135,682,301,159,34,5451,39,261,631,612,638,407,112,49,11,2760,13,93,166,131,126,81,49,19,11,689,105,357,604,552,373,243,127,55,13,2429,4,8,3,3,0,3,3,6,0,30,6,22,74,92,76,52,37,17,8,384,958,434,852,1099,1216,1170,1437,1587,508,9261,1403,2945,7246,8083,8533,5813,3727,2689,755,41194
110,127,338,664,558,397,215,86,36,7,2428,6,3,3,8,10,7,3,0,0,40,11,35,86,101,105,72,39,15,7,471,1074,633,1427,1668,1517,1446,1917,1619,601,11902,1737,3624,10188,12097,10966,7057,4555,2712,877,53813,6,60,240,267,269,214,90,55,11,1212,47,137,181,177,143,74,17,3,0,779,151,590,1531,1962,2027,1595,930,384,80,9250,44,181,538,742,768,559,363,134,22,3351,79,318,802,867,670,586,282,101,24,3729,41,246,840,1352,1714,1053,588,293,87,6214,21,203,909,1143,1590,1101,474,180,56,5677,219,802,1806,2069,1900,1307,456,221,61,8841,63,365,1000,1126,1102,758,267,99,17,4797,22,126,263,239,205,165,77,49,11,1157,139,390,734,622,480,290,146,47,13,2861,11,16,6,12,5,11,12,0,0,73,12,35,108,171,138,88,41,23,8,624,1298,701,1512,1967,1833,1950,2066,2119,804,14250,2153,4170,10470,12716,12844,9751,5809,3708,1194,62815
111,216,763,1571,1083,792,454,265,115,24,5283,13,13,12,15,19,12,10,7,0,101,19,68,175,222,186,109,67,27,11,884,1830,1136,2342,2842,2565,2388,3594,4078,1533,22308,2971,8284,23179,25797,23086,14034,10646,7705,2243,117945,14,304,707,657,652,463,185,88,17,3087,75,416,707,542,380,156,31,6,0,2313,162,1313,4471,6003,5974,4863,3008,1953,359,28106,72,666,1726,1968,1683,1250,857,533,95,8850,26,188,570,458,356,197,85,48,8,1936,72,735,2617,3270,3638,1893,970,532,147,13874,20,315,1785,2011,3372,2116,1057,493,107,11276,433,2211,4692,4317,4115,2777,1174,648,167,20534,134,948,2592,2392,2232,1423,607,270,51,10649,80,595,958,608,512,323,157,101,24,3358,265,980,1780,1403,905,670,308,174,44,6529,16,16,11,21,25,14,16,13,8,140,21,73,252,285,253,200,91,66,12,1253,2300,1694,2666,3294,3321,3134,3469,4511,1808,26197,3690,10454,25534,27229,27418,19479,12015,9436,2847,138102
112,155,471,1039,958,647,376,266,99,27,4038,0,7,9,10,9,5,3,3,3,49,6,43,118,174,186,109,70,40,10,756,1373,699,1577,1915,1901,1667,2775,2895,954,15756,2054,3707,11059,16466,16066,9383,7974,5496,1440,73645,6,48,248,335,385,293,129,70,16,1530,46,139,227,343,251,108,27,8,4,1153,100,448,1396,2399,2974,2531,1895,1172,214,13129,64,263,931,1445,1608,1084,736,368,62,6561,56,221,601,693,609,352,117,54,22,2725,27,256,1188,2015,2971,1533,843,441,116,9390,12,149,874,1520,2673,1779,868,345,85,8305,208,950,2170,2660,2696,1888,948,573,104,12197,73,419,1309,1683,1932,1206,422,172,33,7249,32,265,726,733,724,403,175,91,28,3177,193,551,1198,1161,873,564,267,182,29,5018,3,12,15,10,19,15,6,13,11,104,15,40,149,207,212,158,88,75,12,956,1673,906,1651,2296,2690,2321,2803,3495,1370,19205,2508,4667,12683,17500,20617,14235,9324,7059,2106,90699
113,116,316,667,521,335,169,70,33,7,2234,6,4,3,14,0,3,3,3,0,36,7,43,82,100,93,39,20,8,0,392,967,672,1419,1516,1412,1149,1431,1251,455,10272,1637,3853,9884,10777,8814,4882,3315,2042,623,45827,8,89,263,217,202,120,39,22,0,960,28,129,188,139,126,51,10,0,0,671,139,745,1701,2002,1779,1266,613,301,61,8607,84,234,600,637,685,418,259,110,20,3047,62,276,703,717,622,403,197,72,16,3068,34,250,843,1038,1235,730,401,220,45,4796,16,157,860,977,1303,750,306,141,30,4540,210,903,1877,1922,1629,954,316,171,47,8029,57,328,896,816,720,398,136,64,14,3429,15,165,216,195,147,103,43,25,6,915,148,427,749,557,403,258,101,61,12,2716,0,6,8,15,23,11,6,0,3,72,17,59,129,102,136,81,38,10,8,580,1207,773,1535,1722,1632,1438,1579,1594,577,12057,2025,4541,10568,11056,10642,6981,4044,2791,839,53487
114,102,268,594,562,346,262,164,63,11,2372,0,3,5,10,6,5,3,3,0,35,5,25,46,83,91,78,54,31,10,423,850,404,921,1182,1109,1202,1717,1538,449,9372,1273,2172,6809,10015,8756,6842,5823,3275,754,45719,0,29,105,224,207,189,128,71,11,964,10,66,114,156,119,94,23,3,0,585,72,377,1228,1941,2123,1920,1606,907,171,10345,35,225,629,823,895,663,539,233,52,4094,35,118,288,370,279,166,109,44,12,1421,19,133,507,1057,1321,898,604,299,47,4885,7,80,449,736,1375,1018,521,224,38,4448,113,457,1111,1561,1579,1446,832,409,93,7601,32,218,690,923,958,750,391,181,21,4164,15,79,213,294,257,226,138,72,18,1312,101,321,618,640,439,378,187,109,21,2814,13,0,3,15,16,8,8,7,0,70,10,33,60,111,118,92,73,52,15,564,1007,377,869,1235,1256,1407,1755,1849,624,10379,1469,2513,6884,10086,10942,9255,6914,4460,1123,53646
115,102,363,759,669,526,277,101,36,23,2856,3,3,3,6,11,0,0,6,0,32,8,44,123,167,191,90,36,21,7,687,1415,710,1290,1474,1544,1113,960,1004,634,10144,1998,5355,14795,19199,18503,9751,3956,2310,1016,76883,0,208,502,820,928,565,173,70,17,3283,48,370,818,1098,707,214,29,6,0,3290,59,548,2166,3759,3920,3022,1256,612,138,15480,54,348,1058,1415,1053,771,380,114,32,5225,15,154,386,400,310,206,66,29,10,1576,27,369,1172,1879,2063,1299,538,251,89,7687,5,249,1164,1637,2453,1516,526,222,77,7849,250,1561,4106,5725,5286,3400,936,424,135,21823,80,721,1529,1729,1809,989,314,158,40,7369,62,463,747,553,409,264,104,56,20,2678,154,433,886,872,610,459,126,61,24,3625,9,8,7,11,21,14,19,5,0,94,17,85,177,243,247,152,48,35,10,1014,1609,797,1276,1673,1703,1449,974,935,470,10886,2389,6314,15994,21814,21519,14320,5489,2978,1062,91879
116,149,538,1091,738,475,254,86,41,8,3380,3,6,15,11,13,6,3,0,0,57,17,59,254,232,182,97,46,20,3,910,2363,1573,3066,3432,2871,2149,2165,1310,364,19293,3212,7407,21346,20415,15403,7565,4427,2108,525,82408,6,176,689,784,528,236,64,13,3,2499,64,689,1780,977,419,119,10,3,3,4064,133,852,3756,5088,4291,2639,1200,465,68,18492,59,426,1288,1123,815,610,296,140,22,4779,19,120,373,350,219,96,48,17,3,1245,42,461,1694,1728,1683,701,226,100,38,6673,10,283,1503,1383,1381,835,289,147,42,5873,332,2073,5909,4911,3626,1752,443,178,37,19261,123,852,2131,1766,1370,642,223,66,12,7185,65,446,726,436,253,139,58,17,8,2148,204,615,1371,888,618,346,121,54,10,4227,15,22,32,32,48,19,11,15,0,194,21,95,356,360,251,147,40,24,9,1303,2703,1879,3739,4088,3503,2887,2277,1649,461,23186,3796,8989,25347,23914,19005,11168,5306,2888,716,101129
117,99,675,1668,930,454,229,99,49,12,4215,6,7,10,18,12,0,0,0,0,53,24,153,579,405,256,110,56,28,8,1619,2694,2881,6342,5989,5210,3936,3678,2377,824,33931,3447,12161,39189,25973,17209,9756,6328,3522,1134,118719,16,522,1883,1131,647,404,137,54,7,4801,48,888,2939,1242,485,118,24,3,9,5756,47,885,3381,2586,1899,1484,833,406,84,11605,26,291,1536,1287,721,470,254,103,18,4706,9,99,440,315,193,93,39,14,0,1202,12,484,2675,1954,1357,824,377,216,44,7943,14,224,1446,1428,1427,1042,388,163,55,6187,202,3642,11521,6136,3138,1564,437,223,73,26936,48,1507,6906,4423,2873,1717,569,204,53,18300,93,1624,4805,2558,1144,442,163,61,15,10905,114,804,1954,1216,575,326,103,49,8,5149,44,94,42,40,28,22,18,4,0,292,23,244,785,563,332,184,89,34,18,2272,2698,7071,14376,9109,6651,5123,3475,2497,948,51948,3394,18379,54689,33988,21470,13813,6906,4031,1332,158002
118,101,531,1424,847,590,353,160,134,39,4179,18,16,9,8,10,9,9,6,3,88,10,151,558,373,298,138,85,53,26,1692,2087,2012,4085,3786,3525,2756,2753,2675,1082,24761,2665,10450,36495,26062,19920,11956,7568,5680,1933,122729,24,411,1388,976,673,555,241,113,31,4412,33,552,1685,914,456,155,21,9,3,3828,41,760,2696,2249,1998,1781,1112,823,241,11701,21,336,1469,1299,902,679,334,173,43,5256,3,94,397,281,147,112,73,31,9,1147,15,503,2640,2404,2154,1530,910,596,185,10937,7,213,1383,1466,1857,1393,607,359,119,7404,132,2380,9608,6992,3959,2568,972,623,209,27443,56,1133,5497,4295,3119,2337,798,410,116,17761,62,976,3440,2208,1034,515,231,140,54,8660,66,473,1327,1003,543,494,185,132,45,4268,34,56,28,17,24,21,11,15,7,213,37,173,584,516,354,277,93,68,26,2128,1960,3049,7057,5120,4017,3606,2782,2973,1344,31908,2491,11109,39199,29740,21237,16023,8370,6465,2432,137066
119,229,926,2206,1393,1014,583,338,167,39,6895,6,8,16,15,18,9,3,0,0,75,30,150,540,454,327,189,107,73,22,1892,3804,2756,5991,6842,5570,4479,5264,5642,2121,42469,5243,14580,43090,39793,27957,17147,13039,10055,3076,173980,21,468,1475,1602,999,498,213,95,16,5387,104,1367,4100,2177,828,209,37,5,3,8830,167,1303,5812,7338,6476,4692,3028,2154,503,31473,112,731,2345,2106,1559,1156,818,467,110,9404,15,122,384,429,300,163,69,32,15,1529,43,758,2889,2872,2463,1330,794,436,122,11707,21,526,2342,2649,2916,1774,854,359,117,11558,542,4669,12894,10274,6489,3556,1361,989,264,41038,169,1573,4601,3755,2792,1515,547,234,60,15246,70,827,1706,1144,712,378,203,126,33,5199,310,1208,2354,1891,1107,774,330,195,81,8250,54,76,73,84,107,57,38,29,9,527,31,191,638,619,436,242,132,81,37,2407,4216,3737,7142,7671,6893,5439,4894,5621,2462,48075,5875,17556,48755,44611,34077,21783,13318,10823,3832,200630
120,66,480,1205,803,538,282,125,79,27,3605,3,3,6,13,8,4,0,0,3,40,8,119,428,341,246,116,60,45,10,1373,1767,1314,2909,3000,2629,2023,2326,2336,1104,19408,2284,8142,31032,26580,19200,9658,6088,4298,1666,108948,8,309,1285,1273,874,510,162,76,14,4511,27,801,2721,1407,574,157,25,5,5,5722,50,560,2844,3296,2647,1976,1138,698,185,13394,14,266,1293,1282,938,701,367,170,47,5078,3,60,333,281,185,101,34,16,5,1018,15,460,2360,2506,2184,1333,622,359,90,9929,13,222,1572,1826,2248,1546,583,256,103,8369,174,2649,9559,7543,4331,2225,708,404,154,27747,34,926,4426,4136,3172,1954,550,243,62,15503,60,815,2487,1866,961,428,128,56,30,6831,118,517,1293,1070,568,387,162,81,31,4227,28,61,21,23,26,27,13,20,3,222,18,160,522,468,385,180,74,39,17,1863,1755,2108,4263,3799,3363,2682,2246,2464,1281,23961,2317,9914,34979,30776,22456,14207,6812,4887,2027,128375
121,104,547,1325,874,685,352,173,110,56,4226,6,6,8,8,10,10,7,6,3,64,22,179,563,485,454,287,165,116,46,2317,2339,1361,2825,3029,2858,2199,2326,2929,1722,21588,3028,11503,40692,40422,35783,21912,12742,8947,3564,178593,8,501,1715,1933,1820,1425,641,400,97,8540,28,718,3180,2580,1394,426,83,14,3,8426,40,623,3415,4251,3940,3492,2129,1532,391,19813,16,285,1376,1592,1384,1067,602,353,88,6763,6,145,579,474,355,266,156,86,22,2089,31,680,3063,3870,4206,3122,1863,1251,380,18466,12,300,1954,2459,3604,3012,1490,685,275,13791,210,3484,12357,13362,10353,7161,2871,1792,640,52230,95,1444,5983,6362,5763,4191,1827,971,249,26885,91,1285,2970,2095,1446,873,393,279,101,9533,139,580,1391,1207,707,530,192,125,64,4935,30,33,16,31,27,23,30,11,11,212,12,209,595,654,566,429,233,150,59,2907,2224,1923,4349,3650,3268,2925,2166,2799,2010,25314,2942,12210,42943,44520,38833,28942,14676,10448,4390,199904
122,83,510,1304,956,646,429,175,90,25,4218,3,3,3,10,12,9,3,6,6,55,10,50,255,270,205,114,79,68,23,1074,1506,1016,2118,2324,1999,1702,1855,2466,1250,16236,2036,6492,23520,24245,18974,12764,7796,5875,2071,103773,7,150,736,904,799,570,196,103,22,3487,33,265,949,992,574,212,43,6,3,3077,34,475,2392,3453,2946,2495,1710,1091,273,14869,26,339,1587,1765,1260,945,611,301,82,6916,3,126,549,447,300,153,106,45,15,1744,21,296,1588,2099,2026,1268,833,531,155,8817,8,166,1367,1704,2172,1561,796,372,109,8255,177,1572,6058,7340,5006,3708,1733,998,281,26873,98,684,2809,2913,2269,1531,617,339,71,11331,55,624,1714,1380,868,442,196,145,53,5477,112,484,1253,1189,722,534,209,126,47,4676,9,15,15,13,10,13,6,17,9,107,24,66,236,347,257,153,80,63,25,1251,1491,1085,2585,2620,2222,1936,1665,2420,1727,17751,2098,6347,23838,27166,21431,15521,8801,6557,2872,114631
123,138,506,1012,646,520,244,79,27,6,3178,3,7,8,6,12,3,0,0,0,39,3,34,141,141,126,49,26,16,3,539,1887,1134,2243,2637,2296,1624,1452,1228,427,14928,2718,6045,16046,16968,14748,6785,3318,1989,553,69170,13,126,400,424,357,171,49,18,5,1563,53,418,653,436,293,96,9,6,0,1964,133,899,2980,4151,4147,2696,1086,430,78,16600,77,503,1267,1162,969,666,276,101,21,5042,18,150,378,291,254,127,45,9,4,1276,51,356,1160,1347,1443,781,237,105,27,5507,11,312,1312,1303,1652,922,283,94,29,5918,308,1476,3401,3479,3059,1655,390,174,45,13987,106,760,1782,1389,1159,646,156,51,12,6061,57,310,434,342,260,148,49,19,6,1625,204,571,1157,848,569,328,104,47,10,3838,11,10,19,24,25,21,9,3,6,128,19,62,229,216,225,102,40,20,6,919,2288,1461,2440,2807,2756,2200,1593,1445,613,17603,3349,7414,17612,18219,17168,10559,4326,2522,862,82031
124,189,712,1387,999,692,346,134,59,12,4530,6,9,13,17,19,3,8,3,0,78,19,66,230,217,216,114,45,31,12,950,2175,1466,2821,2972,2672,1943,2016,1792,612,18469,3318,8137,21964,23589,20609,10301,5744,3570,992,98224,3,165,502,546,557,354,122,50,14,2313,85,428,747,584,384,168,33,6,0,2435,176,1206,3825,4825,4701,3343,1451,721,127,20375,96,655,1611,1550,1259,885,451,187,37,6731,44,251,525,478,351,192,84,41,9,1975,66,592,1686,2029,2375,1275,579,287,99,8988,16,372,1760,1934,2847,1537,604,215,55,9340,377,1852,4283,4103,3924,2403,793,403,89,18227,160,987,2265,2118,2026,1305,442,172,25,9500,71,471,922,711,566,370,147,88,23,3369,293,885,1530,1097,753,501,176,80,20,5335,20,11,18,22,25,20,6,7,5,134,24,79,241,293,279,172,83,37,5,1213,2389,1663,2872,3304,3059,2640,2038,2171,1041,21177,3820,9617,22787,23594,23106,15165,7009,4465,1549,111112
125,177,666,1371,816,585,371,173,78,16,4253,3,0,11,27,19,3,3,3,0,69,17,119,382,321,205,135,53,30,14,1276,2756,2455,5417,5370,4061,3064,3439,3318,1323,31203,3753,11430,32617,29346,21110,12744,8433,5575,1814,126822,16,436,1426,1344,911,507,208,70,5,4923,92,1282,3809,1820,699,167,21,8,0,7898,125,1079,4578,5484,4852,3415,2089,1178,250,23050,93,502,1734,1471,1055,839,508,248,49,6499,24,128,370,339,231,128,76,30,13,1339,53,728,2666,2283,2099,1174,592,258,82,9935,29,449,1961,1889,1986,1381,671,270,74,8710,388,3732,9914,7180,4634,2788,986,533,124,30279,136,1111,3276,2650,2106,1160,423,168,31,11061,65,608,1259,782,470,259,112,59,14,3628,231,797,1682,1134,675,469,179,110,18,5295,42,57,50,63,41,35,21,9,8,326,36,192,490,450,329,190,95,49,14,1845,3371,3611,7051,6359,4941,3737,3159,3335,1509,37073,4701,14712,40266,33248,25029,16249,9140,6325,2191,151861
126,60,255,621,465,342,170,115,56,18,2102,7,4,7,10,3,0,0,0,0,31,10,62,189,185,154,72,47,19,8,746,1010,569,1080,1331,1184,910,1077,1403,711,9275,1419,5199,16034,17277,13762,7818,5146,3715,1375,71745,3,263,737,988,870,550,232,121,25,3789,24,461,1409,1127,640,140,13,4,0,3818,27,340,1714,2424,2313,1670,1092,808,172,10560,22,141,517,734,569,423,257,180,42,2885,8,67,245,212,177,84,56,38,7,894,9,308,1153,1536,1660,1073,567,331,119,6756,8,196,891,1175,1521,1223,588,349,126,6077,145,2147,4756,4850,3658,2226,941,623,200,19546,33,734,1892,1964,1758,1189,513,248,68,8399,33,455,875,706,448,262,108,76,33,2996,70,295,565,563,333,227,104,77,30,2264,20,37,5,7,18,12,7,7,3,116,8,96,207,257,231,131,45,41,22,1038,1096,1178,1640,1801,1714,1251,1140,1466,821,12107,1506,6718,16606,18344,15910,10461,5663,4369,1668,81245
127,179,696,1579,1037,658,314,120,54,11,4648,3,7,8,13,12,6,3,3,3,58,24,74,245,270,162,107,40,17,6,945,2856,2019,4182,4494,3756,2826,2637,1688,517,24975,4093,9675,25348,22741,16468,8803,5138,2564,690,95520,7,262,677,666,484,210,47,14,3,2370,102,999,1653,890,333,87,7,3,0,4074,178,1073,3849,5297,4584,2992,1377,535,86,19971,107,534,1402,1458,1035,754,415,158,24,5887,14,75,226,209,196,88,48,15,5,876,35,484,1581,1407,1291,622,228,99,16,5763,21,316,1385,1337,1353,885,273,86,15,5671,412,2843,6353,4898,3280,1495,383,144,25,19833,136,960,1992,1557,1275,628,182,60,9,6799,48,526,787,410,285,159,64,16,15,2310,262,822,1508,1341,770,451,151,64,10,5379,32,35,53,86,55,53,22,13,0,349,25,103,318,369,295,163,63,21,5,1362,3545,2622,5060,5883,5035,3816,3096,2328,709,32094,4924,11654,26844,25808,20271,12403,6356,3556,922,112738
128,125,530,1108,772,580,338,164,61,20,3698,3,3,8,9,8,3,0,3,3,40,12,60,164,166,141,86,43,22,7,701,1305,692,1442,1691,1634,1274,1530,1757,645,11970,2055,6689,19641,20280,17570,9937,6259,3940,1094,87465,0,146,532,585,595,399,136,82,14,2489,24,283,692,581,396,138,26,3,0,2143,80,744,3065,4013,3997,3208,1907,1235,228,18477,58,478,1461,1456,1123,756,482,271,51,6136,14,116,355,250,199,91,44,20,4,1093,28,395,1417,1630,1719,941,466,271,56,6923,8,285,1409,1735,2598,1355,517,210,78,8195,228,1697,4593,4965,4475,3053,1116,716,130,20973,102,830,2071,1734,1400,855,310,135,16,7453,42,489,756,511,375,245,129,72,19,2638,169,555,1123,972,576,447,185,108,34,4169,8,6,7,12,7,19,11,7,0,77,13,67,196,201,210,143,42,52,10,934,1408,994,1730,1922,1859,1616,1520,2000,931,13980,2182,7085,19407,20567,19529,13266,6891,5182,1571,95680
197,0,17,16,7,8,0,0,0,0,48,0,0,0,0,0,0,0,0,0,0,3,7,5,5,3,0,0,0,0,23,13,24,36,32,35,27,29,29,36,261,23,160,253,148,83,73,45,32,39,856,0,0,4,0,0,0,0,0,0,4,0,4,0,0,3,0,0,0,0,7,0,4,13,22,21,20,4,0,0,84,0,0,0,7,0,0,0,0,0,7,0,0,0,0,0,0,0,0,0,0,0,0,0,0,0,3,0,0,0,3,0,0,0,0,0,0,3,0,0,3,0,0,3,4,8,0,0,0,0,15,0,0,5,0,3,0,0,0,0,8,0,3,0,0,0,4,0,0,0,7,0,0,6,3,0,4,0,0,0,13,0,0,0,0,0,0,0,0,0,0,0,0,0,3,0,0,0,0,0,3,0,3,15,8,18,16,3,0,0,63,0,14,46,47,53,47,10,0,0,217
