region_id,C01_M_15_19_Em_FT,C01_M_15_19_Em_PT,C01_M_15_19_Em_AFW,C01_M_15_19_Em_Hrs_NS,C01_M_15_19_Em_Tot,C01_M_15_19_Unem_Look_FT,C01_M_15_19_Unem_Look_PT,C01_M_15_19_Unem_Tot,C01_M_15_19_Tot_LF,C01_M_15_19_Notin_LF,C01_M_15_19_LF_NS,C01_M_15_19_Tot,C01_M_20_24_Em_FT,C01_M_20_24_Em_PT,C01_M_20_24_Em_AFW,C01_M_20_24_Em_Hrs_NS,C01_M_20_24_Em_Tot,C01_M_20_24_Unem_Look_FT,C01_M_20_24_Unem_Look_PT,C01_M_20_24_Unem_Tot,C01_M_20_24_Tot_LF,C01_M_20_24_Notin_LF,C01_M_20_24_LF_NS,C01_M_20_24_Tot,C01_M_25_29_Em_FT,C01_M_25_29_Em_PT,C01_M_25_29_Em_AFW,C01_M_25_29_Em_Hrs_NS,C01_M_25_29_Em_Tot,C01_M_25_29_Unem_Look_FT,C01_M_25_29_Unem_Look_PT,C01_M_25_29_Unem_Tot,C01_M_25_29_Tot_LF,C01_M_25_29_Notin_LF,C01_M_25_29_LF_NS,C01_M_25_29_Tot,C01_M_30_34_Em_FT,C01_M_30_34_Em_PT,C01_M_30_34_Em_AFW,C01_M_30_34_Em_Hrs_NS,C01_M_30_34_Em_Tot,C01_M_30_34_Unem_Look_FT,C01_M_30_34_Unem_Look_PT,C01_M_30_34_Unem_Tot,C01_M_30_34_Tot_LF,C01_M_30_34_Notin_LF,C01_M_30_34_LF_NS,C01_M_30_34_Tot,C01_M_35_39_Em_FT,C01_M_35_39_Em_PT,C01_M_35_39_Em_AFW,C01_M_35_39_Em_Hrs_NS,C01_M_35_39_Em_Tot,C01_M_35_39_Unem_Look_FT,C01_M_35_39_Unem_Look_PT,C01_M_35_39_Unem_Tot,C01_M_35_39_Tot_LF,C01_M_35_39_Notin_LF,C01_M_35_39_LF_NS,C01_M_35_39_Tot,C01_M_40_44_Em_FT,C01_M_40_44_Em_PT,C01_M_40_44_Em_AFW,C01_M_40_44_Em_Hrs_NS,C01_M_40_44_Em_Tot,C01_M_40_44_Unem_Look_FT,C01_M_40_44_Unem_Look_PT,C01_M_40_44_Unem_Tot,C01_M_40_44_Tot_LF,C01_M_40_44_Notin_LF,C01_M_40_44_LF_NS,C01_M_40_44_Tot,C01_M_45_49_Em_FT,C01_M_45_49_Em_PT,C01_M_45_49_Em_AFW,C01_M_45_49_Em_Hrs_NS,C01_M_45_49_Em_Tot,C01_M_45_49_Unem_Look_FT,C01_M_45_49_Unem_Look_PT,C01_M_45_49_Unem_Tot,C01_M_45_49_Tot_LF,C01_M_45_49_Notin_LF,C01_M_45_49_LF_NS,C01_M_45_49_Tot,C01_M_50_54_Em_FT,C01_M_50_54_Em_PT,C01_M_50_54_Em_AFW,C01_M_50_54_Em_Hrs_NS,C01_M_50_54_Em_Tot,C01_M_50_54_Unem_Look_FT,C01_M_50_54_Unem_Look_PT,C01_M_50_54_Unem_Tot,C01_M_50_54_Tot_LF,C01_M_50_54_Notin_LF,C01_M_50_54_LF_NS,C01_M_50_54_Tot,C01_M_55_59_Em_FT,C01_M_55_59_Em_PT,C01_M_55_59_Em_AFW,C01_M_55_59_Em_Hrs_NS,C01_M_55_59_Em_Tot,C01_M_55_59_Unem_Look_FT,C01_M_55_59_Unem_Look_PT,C01_M_55_59_Unem_Tot,C01_M_55_59_Tot_LF,C01_M_55_59_Notin_LF,C01_M_55_59_LF_NS,C01_M_55_59_Tot,C01_M_60_64_Em_FT,C01_M_60_64_Em_PT,C01_M_60_64_Em_AFW,C01_M_60_64_Em_Hrs_NS,C01_M_60_64_Em_Tot,C01_M_60_64_Unem_Look_FT,C01_M_60_64_Unem_Look_PT,C01_M_60_64_Unem_Tot,C01_M_60_64_Tot_LF,C01_M_60_64_Notin_LF,C01_M_60_64_LF_NS,C01_M_60_64_Tot,C01_M_65_69_Em_FT,C01_M_65_69_Em_PT,C01_M_65_69_Em_AFW,C01_M_65_69_Em_Hrs_NS,C01_M_65_69_Em_Tot,C01_M_65_69_Unem_Look_FT,C01_M_65_69_Unem_Look_PT,C01_M_65_69_Unem_Tot,C01_M_65_69_Tot_LF,C01_M_65_69_Notin_LF,C01_M_65_69_LF_NS,C01_M_65_69_Tot,C01_M_70_74_Em_FT,C01_M_70_74_Em_PT,C01_M_70_74_Em_AFW,C01_M_70_74_Em_Hrs_NS,C01_M_70_74_Em_Tot,C01_M_70_74_Unem_Look_FT,C01_M_70_74_Unem_Look_PT,C01_M_70_74_Unem_Tot,C01_M_70_74_Tot_LF,C01_M_70_74_Notin_LF,C01_M_70_74_LF_NS,C01_M_70_74_Tot,C01_M_75over_Em_FT,C01_M_75over_Em_PT,C01_M_75ov_Em_AFW,C01_M_75ov_Em_Hrs_NS,C01_M_75ov_Em_Tot,C01_M_75ov_Unem_Look_FT,C01_M_75ov_Unem_Look_PT,C01_M_75ov_Unem_Tot,C01_M_75over_Tot_LF,C01_M_75ove_Notin_LF,C01_M_75over_LF_NS,C01_M_75over_Tot,C01_M_Tot_Em_FT,C01_M_Tot_Em_PT,C01_M_Tot_Em_AFW,C01_M_Tot_Em_Hrs_NS,C01_M_Tot_Em_Tot,C01_M_Tot_Unem_Look_FT,C01_M_Tot_Unem_Look_PT,C01_M_Tot_Unem_Tot,C01_M_T_T_labo_for,C01_M_Tot_Notin_LF,C01_M_Tot_LF_NS,C01_M_T_T,C06_M_15_19_Em_FT,C06_M_15_19_Em_PT,C06_M_15_19_Em_AFW,C06_M_15_19_Em_Hrs_NS,C06_M_15_19_Em_Tot,C06_M_15_19_Unem_Look_FT,C06_M_15_19_Unem_Look_PT,C06_M_15_19_Unem_Tot,C06_M_15_19_Tot_LF,C06_M_15_19_Notin_LF,C06_M_15_19_LF_NS,C06_M_15_19_Tot,C06_M_20_24_Em_FT,C06_M_20_24_Em_PT,C06_M_20_24_Em_AFW,C06_M_20_24_Em_Hrs_NS,C06_M_20_24_Em_Tot,C06_M_20_24_Unem_Look_FT,C06_M_20_24_Unem_Look_PT,C06_M_20_24_Unem_Tot,C06_M_20_24_Tot_LF,C06_M_20_24_Notin_LF,C06_M_20_24_LF_NS,C06_M_20_24_Tot,C06_M_25_29_Em_FT,C06_M_25_29_Em_PT,C06_M_25_29_Em_AFW,C06_M_25_29_Em_Hrs_NS,C06_M_25_29_Em_Tot,C06_M_25_29_Unem_Look_FT,C06_M_25_29_Unem_Look_PT,C06_M_25_29_Unem_Tot
101,1315,1538,126,143,3122,333,241,574,3696,3030,307,7033,2908,807,156,136,4007,477,72,549,4556,683,283,5522,3383,634,186,113,4316,389,57,446,4762,645,273,5680,3962,637,204,134,4937,344,38,382,5319,614,326,6259,4670,684,213,139,5706,391,40,431,6137,743,324,7204,5022,813,231,153,6219,338,50,388,6607,855,311,7773,4671,734,232,114,5751,286,53,339,6090,870,275,7235,4271,757,229,107,5364,251,53,304,5668,1203,221,7092,2781,657,150,97,3685,206,48,254,3939,1750,214,5903,1458,609,130,42,2239,99,49,148,2387,2606,179,5172,528,314,40,51,933,9,12,21,954,3130,226,4310,257,170,25,32,484,0,7,7,491,3195,257,3943,194,130,27,40,391,3,4,7,398,4197,468,5063,35420,8484,1949,1301,47154,3126,724,3850,51004,23521,3664,78189,1385,1651,144,172,3352,288,191,479,3831,3171,512,7514,3038,795,156,135,4124,300,60,360,4484,803,434,5721,3106,500,137,110,3853,225,30,255
102,1756,2057,142,234,4189,702,340,1042,5231,4139,268,9638,3685,1060,172,221,5138,878,87,965,6103,748,255,7106,4781,777,216,198,5972,712,41,753,6725,683,268,7676,5766,834,273,225,7098,618,54,672,7770,703,264,8737,6593,900,306,221,8020,539,68,607,8627,911,284,9822,6914,1004,277,216,8411,504,43,547,8958,1048,257,10263,6137,855,271,203,7466,434,53,487,7953,1098,261,9312,5162,859,258,160,6439,378,40,418,6857,1471,195,8523,3139,829,183,101,4252,317,65,382,4634,2259,207,7100,1332,584,70,63,2049,159,63,222,2271,3481,208,5960,302,333,36,32,703,13,13,26,729,4749,292,5770,99,151,17,23,290,6,6,12,302,5297,385,5984,58,82,23,38,201,11,5,16,217,8670,959,9846,45724,10325,2244,1935,60228,5271,878,6149,66377,35257,4103,105737,1608,2284,174,204,4270,607,410,1017,5287,4441,524,10252,3896,1404,182,258,5740,625,103,728,6468,812,453,7733,4347,732,173,191,5443,427,59,486
103,1432,1162,100,160,2854,435,259,694,3548,3569,173,7290,2802,665,146,121,3734,567,109,676,4410,889,163,5462,3472,421,147,126,4166,438,35,473,4639,703,188,5530,4013,438,154,148,4753,359,47,406,5159,755,189,6103,4458,457,177,161,5253,316,45,361,5614,812,178,6604,4823,559,186,148,5716,281,44,325,6041,824,176,7041,4464,516,195,146,5321,225,32,257,5578,865,177,6620,4146,503,163,106,4918,211,37,248,5166,1166,167,6499,2814,487,137,99,3537,178,37,215,3752,1475,135,5362,1559,466,97,70,2192,74,35,109,2301,2045,128,4474,601,299,44,41,985,5,9,14,999,2511,168,3678,306,166,26,42,540,3,5,8,548,2499,199,3246,211,119,34,60,424,8,3,11,435,3589,382,4406,35101,6258,1606,1428,44393,3100,697,3797,48190,21702,2423,72315,1389,1232,116,143,2880,349,214,563,3443,3413,270,7126,2861,682,110,127,3780,379,107,486,4266,922,243,5431,3055,396,97,127,3675,298,38,336
104,538,846,70,76,1530,320,208,528,2058,2120,100,4278,1004,397,60,43,1504,509,74,583,2087,398,90,2575,1270,348,92,60,1770,345,63,408,2178,410,71,2659,1626,349,97,71,2143,390,55,445,2588,439,99,3126,2131,474,116,82,2803,394,47,441,3244,603,114,3961,2517,596,138,75,3326,450,71,521,3847,754,98,4699,2539,572,140,75,3326,342,41,383,3709,781,110,4600,2149,497,143,52,2841,290,49,339,3180,993,92,4265,1253,399,112,41,1805,226,29,255,2060,1379,57,3496,600,303,77,26,1006,81,35,116,1122,2034,92,3248,179,166,31,23,399,7,9,16,415,2495,95,3005,81,96,13,21,211,3,3,6,217,2521,168,2906,60,47,9,21,137,4,3,7,144,3356,341,3841,15947,5090,1098,666,22801,3361,687,4048,26849,18283,1527,46659,592,991,79,78,1740,235,128,363,2103,2153,189,4445,1227,479,77,76,1859,305,70,375,2234,419,158,2811,1281,318,61,62,1722,194,39,233
105,807,684,52,89,1632,284,116,400,2032,1851,176,4059,1701,350,63,109,2223,400,52,452,2675,388,146,3209,2181,310,86,106,2683,352,38,390,3073,410,167,3650,2496,333,131,101,3061,302,32,334,3395,424,159,3978,2734,331,124,105,3294,280,45,325,3619,531,189,4339,2895,352,130,123,3500,240,62,302,3802,595,162,4559,2701,364,129,93,3287,177,33,210,3497,632,146,4275,2391,344,101,77,2913,167,41,208,3121,864,142,4127,1646,323,107,59,2135,133,35,168,2303,1068,103,3474,973,267,60,35,1335,70,40,110,1445,1546,120,3111,372,153,28,34,587,7,11,18,605,1794,153,2552,227,95,23,32,377,3,3,6,383,1737,162,2282,127,62,21,30,240,3,3,6,246,2061,249,2556,21251,3968,1055,993,27267,2418,511,2929,30196,13901,2074,46171,824,672,83,85,1664,206,97,303,1967,1617,261,3845,1629,316,87,87,2119,258,42,300,2419,336,262,3017,1730,250,75,78,2133,210,27,237
106,1537,1420,149,185,3291,611,250,861,4152,3439,223,7814,3198,746,167,164,4275,817,75,892,5167,710,239,6116,3913,558,165,191,4827,551,52,603,5430,691,259,6380,4549,507,225,163,5444,473,47,520,5964,754,240,6958,5154,602,225,204,6185,450,42,492,6677,876,249,7802,5409,628,200,190,6427,434,48,482,6909,915,240,8064,4895,637,212,183,5927,329,30,359,6286,957,249,7492,4233,649,200,158,5240,308,36,344,5584,1364,176,7124,2531,541,148,98,3318,270,51,321,3639,1978,148,5765,1026,398,76,50,1550,95,39,134,1684,2766,163,4613,274,223,35,38,570,7,5,12,582,3021,213,3816,136,133,13,23,305,3,3,6,311,2921,231,3463,89,80,20,35,224,6,0,6,230,3864,554,4648,36944,7122,1835,1682,47583,4354,678,5032,52615,24256,3184,80055,1776,1677,139,194,3786,488,244,732,4518,3220,391,8129,3862,851,151,224,5088,452,82,534,5622,643,315,6580,4117,493,146,159,4915,357,53,410
107,1468,1922,143,183,3716,617,399,1016,4732,4651,270,9653,3868,1541,242,243,5894,962,251,1213,7107,1538,245,8890,5162,859,252,217,6490,736,114,850,7340,933,272,8545,5683,793,288,231,6995,547,67,614,7609,799,291,8699,6375,841,263,230,7709,537,52,589,8298,924,247,9469,6493,809,305,215,7822,504,46,550,8372,978,263,9613,5805,691,264,172,6932,371,47,418,7350,963,242,8555,5159,724,244,152,6279,337,46,383,6662,1303,212,8177,3018,527,174,117,3836,277,53,330,4166,2043,155,6364,1178,431,102,71,1782,135,49,184,1966,3412,170,5548,259,211,30,22,522,4,5,9,531,4078,236,4845,74,117,10,22,223,6,0,6,229,3972,278,4479,55,66,18,27,166,7,3,10,176,5452,547,6175,44597,9532,2335,1902,58366,5040,1132,6172,64538,31046,3428,99012,1398,1745,135,162,3440,533,383,916,4356,4598,449,9403,3970,1786,172,268,6196,652,255,907,7103,1574,582,9259,4543,909,173,221,5846,479,88,567
108,774,1152,81,131,2138,508,199,707,2845,3015,146,6006,1466,444,83,93,2086,615,71,686,2772,452,139,3363,1888,460,109,73,2530,470,47,517,3047,467,119,3633,2329,492,123,105,3049,484,61,545,3594,602,103,4299,2798,633,157,119,3707,544,60,604,4311,822,140,5273,3519,811,177,129,4636,613,67,680,5316,1065,126,6507,3380,795,146,102,4423,522,55,577,5000,1133,133,6266,3140,758,207,94,4199,462,51,513,4712,1422,98,6232,2058,651,164,65,2938,374,63,437,3375,2263,109,5747,955,458,124,58,1595,141,72,213,1808,3585,118,5511,308,286,22,37,653,5,10,15,668,4422,172,5262,145,123,22,35,325,4,3,7,332,4550,271,5153,104,87,18,43,252,8,0,8,260,6516,598,7374,22864,7150,1433,1084,32531,4750,759,5509,38040,30314,2272,70626,920,1254,119,132,2425,424,213,637,3062,2949,237,6248,1715,576,79,111,2481,467,81,548,3029,547,196,3772,1760,437,82,72,2351,302,42,344
109,871,687,63,95,1716,181,117,298,2014,1694,126,3834,1739,341,73,85,2238,258,37,295,2533,304,116,2953,2039,267,80,84,2470,182,19,201,2671,246,136,3053,2390,245,87,100,2822,162,14,176,2998,260,132,3390,2658,249,93,84,3084,129,12,141,3225,316,122,3663,3043,265,104,106,3518,138,19,157,3675,330,108,4113,2838,281,96,90,3305,133,26,159,3464,358,118,3940,2503,309,106,83,3001,102,24,126,3127,533,91,3751,1717,296,88,68,2169,103,28,131,2300,707,107,3114,902,290,60,54,1306,46,26,72,1378,1103,88,2569,341,166,31,33,571,3,5,8,579,1502,115,2196,183,103,18,21,325,4,0,4,329,1613,153,2095,120,66,15,29,230,3,3,6,236,2294,292,2822,21344,3565,914,932,26755,1444,330,1774,28529,11260,1704,41493,893,781,56,91,1821,154,116,270,2091,1588,200,3879,1827,397,64,70,2358,168,39,207,2565,240,165,2970,1956,240,66,86,2348,128,17,145
110,1171,1100,101,130,2502,387,246,633,3135,3277,174,6586,2410,611,127,104,3252,584,124,708,3960,890,164,5014,2964,481,149,128,3722,465,66,531,4253,557,162,4972,3439,482,161,142,4224,334,67,401,4625,639,175,5439,3768,522,159,117,4566,407,43,450,5016,685,163,5864,4086,562,167,143,4958,355,52,407,5365,736,169,6270,3926,503,174,130,4733,294,49,343,5076,778,179,6033,3675,525,179,100,4479,230,46,276,4755,975,133,5863,2660,491,134,94,3379,185,53,238,3617,1237,110,4964,1554,408,124,69,2155,82,32,114,2269,1919,126,4314,623,249,43,55,970,6,7,13,983,2424,171,3578,285,162,19,52,518,5,3,8,526,2226,179,2931,225,125,17,60,427,7,3,10,437,3237,324,3998,30786,6221,1554,1324,39885,3341,791,4132,44017,19580,2229,65826,1187,1142,105,119,2553,284,217,501,3054,3027,256,6337,2450,663,122,136,3371,368,134,502,3873,902,208,4983,2509,367,97,109,3082,298,63,361
111,1638,2373,194,221,4426,897,575,1472,5898,5137,258,11293,4346,2069,263,248,6926,1427,320,1747,8673,1805,261,10739,5777,1197,266,228,7468,1110,105,1215,8683,1199,264,10146,6506,1054,351,264,8175,893,84,977,9152,1152,272,10576,6913,1047,322,254,8536,783,72,855,9391,1314,311,11016,7472,1036,316,236,9060,683,73,756,9816,1471,271,11558,6845,963,323,221,8352,623,74,697,9049,1600,283,10932,6103,911,305,164,7483,526,67,593,8076,1962,214,10252,3688,796,240,109,4833,414,77,491,5324,2949,196,8469,1426,552,89,59,2126,184,54,238,2364,4228,195,6787,298,297,28,39,662,15,10,25,687,5011,282,5980,90,155,20,32,297,9,5,14,311,5272,361,5944,78,98,25,33,234,11,3,14,248,8292,866,9406,51180,12548,2742,2108,68578,7575,1519,9094,77672,41392,4034,123098,2010,2338,200,222,4770,666,493,1159,5929,4797,531,11257,5041,2268,275,306,7890,900,310,1210,9100,1769,670,11539,5834,1050,189,227,7300,570,95,665
112,931,1466,116,154,2667,564,286,850,3517,3726,220,7463,1907,733,131,100,2871,835,171,1006,3877,846,200,4923,2323,679,108,100,3210,690,99,789,3999,685,202,4886,2903,753,148,124,3928,536,76,612,4540,726,235,5501,3589,866,212,140,4807,601,87,688,5495,1072,212,6779,4229,1064,201,155,5649,650,110,760,6409,1317,231,7957,4234,1075,185,129,5623,604,94,698,6321,1403,207,7931,3708,915,205,109,4937,508,75,583,5520,1646,215,7381,2193,661,181,84,3119,280,71,351,3470,2006,171,5647,1102,465,89,65,1721,120,43,163,1884,2888,156,4928,357,290,39,47,733,9,10,19,752,3915,214,4881,164,144,34,34,376,3,10,13,389,4235,287,4911,117,94,34,65,310,11,3,14,324,6463,688,7475,27757,9205,1683,1306,39951,5411,1135,6546,46497,30928,3238,80663,1263,1665,129,178,3235,384,265,649,3884,3531,365,7780,2430,995,111,131,3667,444,128,572,4239,865,360,5464,2464,650,96,119,3329,323,60,383
113,1598,1035,85,118,2836,325,161,486,3322,2593,156,6071,2908,548,118,126,3700,371,84,455,4155,693,131,4979,3260,394,135,100,3889,309,39,348,4237,558,129,4924,3420,375,148,128,4071,232,25,257,4328,481,143,4952,3895,395,119,129,4538,210,28,238,4776,508,148,5432,4020,373,114,122,4629,189,27,216,4845,560,134,5539,3619,337,98,128,4182,149,24,173,4355,593,150,5098,3138,375,133,102,3748,120,25,145,3893,747,125,4765,2178,291,101,60,2630,99,28,127,2757,830,95,3682,1235,368,73,70,1746,69,26,95,1841,1290,112,3243,445,212,37,36,730,3,6,9,739,1754,124,2617,243,136,14,35,428,3,3,6,434,1806,153,2393,175,97,24,46,342,0,3,3,345,2603,289,3237,30134,4936,1199,1200,37469,2079,479,2558,40027,15016,1889,56932,1681,1036,79,134,2930,217,167,384,3314,2372,260,5946,2887,577,103,133,3700,268,90,358,4058,726,214,4998,2812,332,86,117,3347,189,22,211
114,644,794,72,81,1591,271,99,370,1961,2060,138,4159,1322,346,56,81,1805,331,39,370,2175,277,135,2587,1621,330,82,84,2117,257,28,285,2402,283,131,2816,1920,331,106,86,2443,245,32,277,2720,347,141,3208,2458,467,121,103,3149,231,33,264,3413,448,145,4006,2721,505,137,88,3451,261,36,297,3748,560,140,4448,2492,496,103,78,3169,169,19,188,3357,606,122,4085,2180,437,89,65,2771,166,29,195,2966,839,102,3907,1434,416,107,50,2007,150,35,185,2192,1251,90,3533,692,350,44,37,1123,91,38,129,1252,2174,89,3515,203,208,19,17,447,4,6,10,457,2575,127,3159,73,120,16,22,231,3,3,6,237,2721,165,3123,53,66,16,24,159,4,3,7,166,3487,328,3981,17813,4866,968,816,24463,2183,400,2583,27046,17628,1853,46527,699,841,60,87,1687,273,162,435,2122,2137,213,4472,1427,401,54,67,1949,242,34,276,2225,270,127,2622,1444,272,47,56,1819,154,29,183
115,1291,1830,133,169,3423,152,199,351,3774,3706,165,7645,3249,1173,144,170,4736,210,101,311,5047,698,181,5926,3686,415,145,123,4369,156,32,188,4557,279,194,5030,4240,350,148,112,4850,112,14,126,4976,253,211,5440,5180,406,134,143,5863,135,15,150,6013,243,142,6398,5623,446,155,165,6389,136,12,148,6537,263,172,6972,5555,481,162,161,6359,118,22,140,6499,351,155,7005,5496,573,175,123,6367,151,19,170,6537,452,151,7140,3754,581,134,83,4552,105,28,133,4685,754,100,5539,1589,549,77,48,2263,56,26,82,2345,1161,115,3621,413,284,33,28,758,6,9,15,773,1335,90,2198,125,131,16,11,283,0,3,3,286,1431,105,1822,59,58,6,12,135,0,3,3,138,2149,252,2539,40260,7277,1462,1348,50347,1337,483,1820,52167,13075,2033,67275,1178,1923,133,170,3404,122,275,397,3801,4317,238,8356,3310,1509,110,195,5124,180,129,309,5433,907,214,6554,3448,413,94,111,4066,120,26,146
116,1754,1512,111,242,3619,576,310,886,4505,5101,363,9969,4795,1227,196,398,6616,839,171,1010,7626,1386,358,9370,6559,768,240,311,7878,671,68,739,8617,857,366,9840,7051,764,241,307,8363,578,50,628,8991,997,382,10370,7127,785,241,279,8432,474,47,521,8953,975,386,10314,6440,684,218,271,7613,409,47,456,8069,983,327,9379,5713,616,187,236,6752,323,43,366,7118,1059,345,8522,5088,599,201,194,6082,323,39,362,6444,1347,247,8038,2997,490,134,124,3745,218,41,259,4004,1536,208,5748,1309,301,91,63,1764,116,28,144,1908,2079,185,4172,229,122,27,28,406,10,6,16,422,2459,243,3124,56,44,9,15,124,3,6,9,133,2171,213,2517,46,23,4,10,83,3,0,3,86,2389,368,2843,49164,7935,1900,2478,61477,4543,856,5399,66876,23339,3991,94206,1565,1571,104,239,3479,506,352,858,4337,5497,629,10463,4744,1458,167,441,6810,674,188,862,7672,1521,543,9736,6329,802,173,332,7636,456,80,536
117,633,965,71,105,1774,182,251,433,2207,2708,1062,5977,4218,2144,232,205,6799,507,346,853,7652,2370,1275,11297,8548,1941,325,235,11049,596,219,815,11864,1504,1411,14779,8871,1523,350,184,10928,545,111,656,11584,1121,1444,14149,7304,1138,346,175,8963,463,84,547,9510,989,1374,11873,5604,894,211,115,6824,378,72,450,7274,1079,1329,9682,4393,700,150,121,5364,289,59,348,5712,1015,1319,8046,3803,659,140,116,4718,294,46,340,5058,1227,1050,7335,2378,499,119,73,3069,201,37,238,3307,1450,858,5615,1102,343,66,65,1576,102,39,141,1717,1995,682,4394,350,208,28,23,609,10,14,24,633,2337,759,3729,110,104,15,16,245,8,10,18,263,2278,662,3203,96,52,10,26,184,9,9,18,202,3006,900,4108,47410,11170,2063,1459,62102,3584,1297,4881,66983,23079,14125,104187,507,859,83,83,1532,134,210,344,1876,2533,1104,5513,4448,2492,208,240,7388,374,410,784,8172,2503,3447,14122,9100,2162,294,239,11795,394,219,613
118,608,1108,97,93,1906,106,254,360,2266,3675,596,6537,3753,1978,208,207,6146,377,307,684,6830,2550,699,10079,7650,1378,327,221,9576,395,144,539,10115,1322,679,12116,7869,1109,262,209,9449,371,77,448,9897,860,645,11402,6661,866,222,157,7906,297,44,341,8247,716,678,9641,5462,750,216,139,6567,250,26,276,6843,669,626,8138,4707,668,179,132,5686,230,24,254,5940,652,667,7259,4508,672,171,141,5492,198,29,227,5719,840,499,7058,3040,630,137,93,3900,149,38,187,4087,1075,423,5585,1567,620,93,50,2330,67,51,118,2448,1612,416,4476,557,456,37,41,1091,11,16,27,1118,2051,389,3558,280,307,24,28,639,5,4,9,648,2463,354,3465,198,273,35,55,561,4,10,14,575,4780,715,6070,46860,10815,2008,1566,61249,2460,1024,3484,64733,23265,7386,95384,457,961,75,86,1579,68,209,277,1856,3604,644,6104,3041,1989,161,223,5414,217,311,528,5942,2290,1482,9714,6467,1184,173,195,8019,215,112,327
119,2150,2508,214,388,5260,659,458,1117,6377,8798,690,15865,7466,2575,346,598,10985,1087,353,1440,12425,2888,772,16085,10842,1744,430,534,13550,1060,164,1224,14774,1678,783,17235,11538,1724,418,517,14197,997,106,1103,15300,1693,842,17835,12031,1802,438,529,14800,957,125,1082,15882,1947,835,18664,11220,1639,446,517,13822,751,100,851,14673,1945,818,17436,9580,1400,378,457,11815,672,103,775,12590,1982,789,15361,8789,1263,353,356,10761,527,104,631,11392,2406,626,14424,6029,1164,288,254,7735,425,102,527,8262,3316,487,12065,3061,925,167,136,4289,225,96,321,4610,4912,469,9991,876,490,62,62,1490,23,28,51,1541,6559,550,8650,212,254,29,43,538,13,8,21,559,6850,641,8050,149,155,25,54,383,8,7,15,398,11084,1439,12921,83943,17643,3594,4445,109625,7404,1754,9158,118783,56058,9741,184582,1719,2583,203,385,4890,465,517,982,5872,8890,1013,15775,6762,3328,332,675,11097,901,429,1330,12427,3203,1367,16997,9915,2342,334,620,13211,856,196,1052
120,681,1203,92,150,2126,170,251,421,2547,3572,374,6493,3553,1527,191,254,5525,371,232,603,6128,1507,382,8017,6538,1194,266,254,8252,407,121,528,8780,961,418,10159,7538,961,276,204,8979,366,62,428,9407,778,466,10651,7075,882,245,200,8402,347,50,397,8799,739,426,9964,6087,819,191,216,7313,331,36,367,7680,723,419,8822,5268,719,184,203,6374,254,40,294,6668,754,376,7798,4772,703,183,137,5795,255,39,294,6089,963,320,7372,2971,584,145,104,3804,168,49,217,4021,1274,265,5560,1504,505,79,67,2155,104,44,148,2303,2020,213,4536,452,284,46,32,814,21,22,43,857,2849,292,3998,144,145,21,26,336,4,8,12,348,2929,263,3540,109,102,21,28,260,7,0,7,267,4639,531,5437,46692,9628,1940,1875,60135,2805,954,3759,63894,23708,4745,92347,479,1209,100,135,1923,106,212,318,2241,3803,506,6550,3075,2127,147,215,5564,289,303,592,6156,1743,893,8792,6205,1365,166,215,7951,308,126,434
121,978,2655,171,209,4013,148,363,511,4524,6079,403,11006,5372,2573,262,261,8468,371,282,653,9121,1834,400,11355,9140,1160,351,233,10884,395,81,476,11360,823,421,12604,9705,934,359,227,11225,366,47,413,11638,594,488,12720,9721,840,322,208,11091,338,30,368,11459,553,442,12454,9744,866,285,227,11122,317,28,345,11467,589,430,12486,8784,938,244,204,10170,318,31,349,10519,616,396,11531,8638,978,265,197,10078,294,46,340,10418,891,316,11625,6031,1156,239,136,7562,183,71,254,7816,1314,309,9439,2823,1190,160,68,4241,112,62,174,4415,2093,248,6756,970,871,77,39,1957,7,25,32,1989,2844,257,5090,347,519,59,29,954,5,5,10,964,3668,242,4874,235,389,34,37,695,7,14,21,716,7135,538,8389,72488,15069,2828,2075,92460,2861,1085,3946,96406,29033,4890,130329,675,2333,182,146,3336,97,350,447,3783,6497,436,10716,4557,2925,206,281,7969,248,296,544,8513,1736,781,11030,8191,1195,222,192,9800,224,89,313
122,1032,1866,146,163,3207,134,179,313,3520,2653,342,6515,3662,1353,154,204,5373,262,101,363,5736,729,314,6779,5655,866,206,193,6920,274,51,325,7245,454,338,8037,6399,727,280,179,7585,222,34,256,7841,394,326,8561,6678,750,237,172,7837,213,32,245,8082,414,327,8823,6193,714,239,169,7315,187,24,211,7526,398,345,8269,5380,666,194,166,6406,205,17,222,6628,410,267,7305,5141,756,193,131,6221,169,28,197,6418,586,231,7235,3744,797,138,85,4764,104,37,141,4905,962,240,6107,1864,830,120,64,2878,63,34,97,2975,1627,186,4788,565,526,54,24,1169,7,16,23,1192,2206,170,3568,164,285,26,25,500,0,7,7,507,2614,225,3346,100,193,16,25,334,3,3,6,340,5062,717,6119,46577,10329,2003,1600,60509,1843,563,2406,62915,18509,4028,85452,818,1811,157,147,2933,86,207,293,3226,3118,321,6665,3045,1335,125,183,4688,134,84,218,4906,657,507,6070,4493,763,130,146,5532,107,42,149
123,1937,1567,130,236,3870,584,261,845,4715,4553,276,9544,4176,937,169,311,5593,674,82,756,6349,883,281,7513,5151,624,201,252,6228,516,53,569,6797,639,284,7720,5337,578,206,226,6347,378,20,398,6745,581,255,7581,5633,635,197,229,6694,329,41,370,7064,660,277,8001,5984,594,201,229,7008,302,36,338,7346,668,266,8280,5552,551,196,189,6488,265,31,296,6784,741,246,7771,4964,550,185,148,5847,245,35,280,6127,985,185,7297,2706,430,105,80,3321,160,22,182,3503,1188,159,4850,1075,292,57,53,1477,70,29,99,1576,1569,153,3298,236,119,16,18,389,8,5,13,402,1647,167,2216,59,53,7,10,129,0,3,3,132,1418,143,1693,41,34,9,10,94,4,3,7,101,1958,285,2344,42851,6964,1679,1991,53485,3535,621,4156,57641,17490,2977,78108,1789,1590,114,216,3709,459,276,735,4444,4581,497,9522,4421,1177,162,287,6047,547,100,647,6694,862,510,8066,4635,571,133,241,5580,340,44,384
124,2575,2244,168,285,5272,652,293,945,6217,4913,349,11479,5648,1365,233,325,7571,727,127,854,8425,1280,328,10033,6995,867,305,311,8478,524,66,590,9068,786,333,10187,7231,803,295,281,8610,428,49,477,9087,719,359,10165,7429,838,275,245,8787,344,38,382,9169,804,316,10289,7861,832,290,262,9245,332,40,372,9617,862,307,10786,7103,900,296,219,8518,259,29,288,8806,898,297,10001,6435,853,303,208,7799,278,38,316,8115,1248,206,9569,3624,692,185,105,4606,155,32,187,4793,1516,202,6511,1496,519,91,63,2169,88,29,117,2286,2030,162,4478,320,233,28,24,605,10,8,18,623,2516,196,3335,81,116,10,16,223,5,0,5,228,2269,225,2722,53,55,8,18,134,3,3,6,140,3510,385,4035,56851,10317,2487,2362,72017,3805,752,4557,76574,23351,3665,103590,2241,2105,158,244,4748,443,302,745,5493,4729,508,10730,5644,1505,205,335,7689,616,115,731,8420,1237,455,10112,6286,770,180,255,7491,384,46,430
125,1512,1836,156,278,3782,438,366,804,4586,6499,525,11610,5808,1946,251,463,8468,867,264,1131,9599,2579,569,12747,8255,1324,290,374,10243,859,155,1014,11257,1957,587,13801,8526,1192,330,336,10384,877,109,986,11370,1875,622,13867,8673,1210,310,363,10556,845,109,954,11510,1881,624,14015,7981,1182,294,357,9814,653,100,753,10567,1818,606,12991,6776,961,214,311,8262,479,62,541,8803,1670,507,10980,6061,869,234,238,7402,448,72,520,7922,1977,459,10358,4203,717,199,140,5259,294,67,361,5620,2356,364,8340,2138,627,100,62,2927,171,55,226,3153,3349,320,6822,497,313,51,34,895,21,17,38,933,4061,395,5389,133,124,21,27,305,9,7,16,321,4069,413,4803,89,82,11,35,217,11,5,16,233,5908,799,6940,60652,12383,2461,3018,78514,5972,1388,7360,85874,39999,6790,132663,1314,1946,154,268,3682,382,431,813,4495,7229,870,12594,5293,2818,230,520,8861,751,413,1164,10025,2957,1306,14288,8507,1692,258,446,10903,663,190,853
126,517,1145,72,109,1843,83,200,283,2126,3351,141,5618,2426,1182,158,161,3927,185,162,347,4274,1145,152,5571,3523,536,132,102,4293,178,59,237,4530,475,149,5154,3953,489,148,96,4686,146,44,190,4876,382,136,5394,4479,476,144,118,5217,168,33,201,5418,375,173,5966,4220,438,128,114,4900,183,13,196,5096,395,144,5635,3769,447,118,109,4443,149,23,172,4615,420,126,5161,3572,462,114,89,4237,123,26,149,4386,467,118,4971,2204,409,96,61,2770,89,22,111,2881,629,81,3591,1094,455,70,42,1661,53,29,82,1743,1115,81,2939,345,282,32,21,680,9,10,19,699,1715,94,2508,84,162,7,20,273,4,3,7,280,2032,91,2403,57,92,13,15,177,3,3,6,183,3517,266,3966,30243,6575,1232,1057,39107,1373,627,2000,41107,16018,1752,58877,380,1044,79,90,1593,60,179,239,1832,3372,231,5435,2059,1434,113,135,3741,156,267,423,4164,1558,458,6180,3109,564,95,96,3864,119,54,173
127,1958,1615,120,334,4027,644,388,1032,5059,7467,454,12980,5889,1425,217,508,8039,1113,220,1333,9372,2104,454,11930,7757,916,273,457,9403,949,108,1057,10460,1311,475,12246,8227,1043,343,457,10070,880,95,975,11045,1370,500,12915,8520,1205,333,467,10525,942,93,1035,11560,1706,475,13741,7718,1142,277,413,9550,921,89,1010,10560,1752,473,12785,6516,880,237,319,7952,662,75,737,8689,1778,403,10870,5570,799,218,277,6864,559,86,645,7509,2121,362,9992,3377,559,183,161,4280,423,82,505,4785,2346,273,7404,1563,368,91,104,2126,154,42,196,2322,3256,272,5850,385,174,34,37,630,15,15,30,660,3701,305,4666,85,80,10,9,184,7,3,10,194,3143,298,3635,88,37,11,24,160,14,3,17,177,3710,427,4314,57653,10243,2347,3567,73810,7283,1299,8582,82392,35765,5171,123328,1719,1689,136,284,3828,492,399,891,4719,7470,780,12969,5923,1752,198,587,8460,882,258,1140,9600,2050,817,12467,6752,979,187,457,8375,663,89,752
128,1471,1883,120,175,3649,170,229,399,4048,3138,179,7365,4307,1128,187,214,5836,308,57,365,6201,638,152,6991,5431,677,224,194,6526,281,45,326,6852,378,182,7412,5528,571,218,168,6485,199,23,222,6707,323,168,7198,5877,535,233,191,6836,156,19,175,7011,319,158,7488,6051,550,236,150,6987,162,22,184,7171,336,158,7665,5610,551,174,153,6488,159,16,175,6663,362,166,7191,5409,577,194,130,6310,140,21,161,6471,506,124,7101,3482,599,157,107,4345,86,30,116,4461,901,103,5465,1572,572,73,42,2259,53,33,86,2345,1468,98,3911,381,325,36,14,756,3,10,13,769,2193,103,3065,124,160,18,13,315,0,4,4,319,2572,119,3010,80,83,5,19,187,0,3,3,190,3811,303,4304,45323,8211,1875,1570,56979,1717,512,2229,59208,16945,2013,78166,1312,1892,172,171,3547,132,219,351,3898,3094,260,7252,3794,1361,164,197,5516,198,78,276,5792,601,343,6736,4486,561,172,150,5369,148,22,170
197,33,3,0,0,36,0,0,0,36,5,8,49,182,9,13,3,207,0,3,3,210,4,15,229,120,4,5,5,134,4,3,7,141,3,10,154,109,8,7,0,124,0,0,0,124,6,8,138,90,3,4,3,100,3,0,3,103,4,13,120,54,3,3,3,63,3,0,3,66,5,6,77,28,3,0,3,34,0,0,0,34,0,13,47,30,0,0,0,30,3,0,3,33,4,12,49,32,0,0,0,32,0,0,0,32,3,8,43,18,4,0,3,25,0,0,0,25,4,10,39,3,0,0,0,3,0,0,0,3,5,12,20,0,0,0,0,0,0,0,0,0,7,12,19,0,0,0,0,0,0,0,0,0,6,48,54,699,37,32,20,788,13,6,19,807,56,175,1038,0,7,0,0,7,3,0,3,10,8,0,18,13,0,0,0,13,0,0,0,13,5,0,18,12,0,0,3,15,0,0,0
